时间,总站总负载(kW),订单折算充电功率(kW),拟合工厂功率(kW)
2026-06-01 00:00:00,8.5,106.0379,0.0
2026-06-01 00:05:00,246.8,205.4299,41.3701
2026-06-01 00:10:00,450.2,342.1679,108.0321
2026-06-01 00:15:00,442.8,341.4045,101.3955
2026-06-01 00:20:00,399.8,272.9999,126.8001
2026-06-01 00:25:00,326.0,306.7662,19.2338
2026-06-01 00:30:00,460.2,340.6074,119.5926
2026-06-01 00:35:00,388.5,340.6074,47.8926
2026-06-01 00:40:00,308.1,329.3186,0.0
2026-06-01 00:45:00,231.6,240.6508,0.0
2026-06-01 00:50:00,228.4,203.757,24.643
2026-06-01 00:55:00,170.3,150.5632,19.7368
2026-06-01 01:00:00,139.2,106.248,32.952
2026-06-01 01:05:00,100.9,66.1212,34.7788
2026-06-01 01:10:00,67.4,110.1151,0.0
2026-06-01 01:15:00,137.9,114.8229,23.0771
2026-06-01 01:20:00,119.8,114.8229,4.9771
2026-06-01 01:25:00,109.9,117.9767,0.0
2026-06-01 01:30:00,99.9,126.7992,0.0
2026-06-01 01:35:00,71.2,97.6126,0.0
2026-06-01 01:40:00,104.9,89.4582,15.4418
2026-06-01 01:45:00,88.3,89.4582,0.0
2026-06-01 01:50:00,72.1,85.1907,0.0
2026-06-01 01:55:00,24.4,45.3116,0.0
2026-06-01 02:00:00,23.3,45.3116,0.0
2026-06-01 02:05:00,23.4,20.9804,2.4196
2026-06-01 02:10:00,7.7,0.0,7.7
2026-06-01 02:15:00,8.0,0.0,8.0
2026-06-01 02:20:00,7.3,0.0,7.3
2026-06-01 02:25:00,50.8,0.0,50.8
2026-06-01 02:30:00,166.2,0.0,166.2
2026-06-01 02:35:00,160.2,0.0,160.2
2026-06-01 02:40:00,141.8,0.0,141.8
2026-06-01 02:45:00,98.7,0.0,98.7
2026-06-01 02:50:00,82.9,0.0,82.9
2026-06-01 02:55:00,65.8,0.0,65.8
2026-06-01 03:00:00,68.7,0.0,68.7
2026-06-01 03:05:00,52.5,35.7196,16.7804
2026-06-01 03:10:00,185.1,113.6908,71.4092
2026-06-01 03:15:00,166.7,100.0737,66.6263
2026-06-01 03:20:00,64.4,90.2942,0.0
2026-06-01 03:25:00,135.3,59.6425,75.6575
2026-06-01 03:30:00,75.3,27.9211,47.3789
2026-06-01 03:35:00,55.1,27.9211,27.1789
2026-06-01 03:40:00,52.5,69.6943,0.0
2026-06-01 03:45:00,164.1,115.8743,48.2257
2026-06-01 03:50:00,157.1,115.8743,41.2257
2026-06-01 03:55:00,126.7,115.8743,10.8257
2026-06-01 04:00:00,107.7,115.8743,0.0
2026-06-01 04:05:00,108.1,105.704,2.396
2026-06-01 04:10:00,76.0,75.7283,0.2717
2026-06-01 04:15:00,70.9,79.3375,0.0
2026-06-01 04:20:00,132.5,110.6561,21.8439
2026-06-01 04:25:00,133.5,58.5683,74.9317
2026-06-01 04:30:00,83.6,34.9278,48.6722
2026-06-01 04:35:00,85.9,34.9278,50.9722
2026-06-01 04:40:00,67.8,34.9278,32.8722
2026-06-01 04:45:00,52.3,34.9278,17.3722
2026-06-01 04:50:00,38.9,34.9278,3.9722
2026-06-01 04:55:00,31.6,34.9278,0.0
2026-06-01 05:00:00,29.8,34.9278,0.0
2026-06-01 05:05:00,19.7,34.9278,0.0
2026-06-01 05:10:00,19.6,34.9278,0.0
2026-06-01 05:15:00,19.5,34.9278,0.0
2026-06-01 05:20:00,20.6,34.9278,0.0
2026-06-01 05:25:00,22.4,34.9278,0.0
2026-06-01 05:30:00,15.4,19.6707,0.0
2026-06-01 05:35:00,33.8,17.9515,15.8485
2026-06-01 05:40:00,33.7,42.9648,0.0
2026-06-01 05:45:00,73.321,45.9514,27.3696
2026-06-01 05:50:00,72.295,45.9514,26.3436
2026-06-01 05:55:00,76.105,73.141,2.964
2026-06-01 06:00:00,114.192,73.6019,40.5901
2026-06-01 06:05:00,107.539,73.6019,33.9371
2026-06-01 06:10:00,97.472,73.6019,23.8701
2026-06-01 06:15:00,89.43,75.5237,13.9063
2026-06-01 06:20:00,122.78,171.613,0.0
2026-06-01 06:25:00,235.468,173.8806,61.5874
2026-06-01 06:30:00,219.821,173.8806,45.9404
2026-06-01 06:35:00,197.407,163.2293,34.1777
2026-06-01 06:40:00,152.978,166.3077,0.0
2026-06-01 06:45:00,213.74,200.4394,13.3006
2026-06-01 06:50:00,204.912,200.4394,4.4726
2026-06-01 06:55:00,150.671,192.1938,0.0
2026-06-01 07:00:00,95.602,75.1291,20.4729
2026-06-01 07:05:00,61.505,151.9496,0.0
2026-06-01 07:10:00,208.921,132.1797,76.7413
2026-06-01 07:15:00,205.105,132.1797,72.9253
2026-06-01 07:20:00,179.908,158.4754,21.4326
2026-06-01 07:25:00,174.563,161.1823,13.3807
2026-06-01 07:30:00,153.294,199.1673,0.0
2026-06-01 07:35:00,242.847,252.3767,0.0
2026-06-01 07:40:00,451.373,329.297,122.076
2026-06-01 07:45:00,458.9,382.2217,76.6783
2026-06-01 07:50:00,526.814,456.232,70.582
2026-06-01 07:55:00,493.488,444.4158,49.0722
2026-06-01 08:00:00,320.503,245.9297,74.5733
2026-06-01 08:05:00,268.343,259.5168,8.8262
2026-06-01 08:10:00,254.64,218.9897,35.6503
2026-06-01 08:15:00,163.888,145.9546,17.9334
2026-06-01 08:20:00,148.576,82.8682,65.7078
2026-06-01 08:25:00,55.348,60.4649,0.0
2026-06-01 08:30:00,153.928,107.8496,46.0784
2026-06-01 08:35:00,212.236,126.0971,86.1389
2026-06-01 08:40:00,203.662,146.3073,57.3547
2026-06-01 08:45:00,216.018,133.9274,82.0906
2026-06-01 08:50:00,157.006,131.8016,25.2044
2026-06-01 08:55:00,101.723,46.0188,55.7042
2026-06-01 09:00:00,85.353,29.8507,55.5023
2026-06-01 09:05:00,104.791,22.6994,82.0916
2026-06-01 09:10:00,99.219,6.5071,92.7119
2026-06-01 09:15:00,59.428,6.2811,53.1469
2026-06-01 09:20:00,101.756,74.7514,27.0046
2026-06-01 09:25:00,280.228,155.1805,125.0475
2026-06-01 09:30:00,298.976,155.584,143.392
2026-06-01 09:35:00,289.129,141.6236,147.5054
2026-06-01 09:40:00,174.958,126.4006,48.5574
2026-06-01 09:45:00,204.69,127.0987,77.5913
2026-06-01 09:50:00,174.453,127.0987,47.3543
2026-06-01 09:55:00,159.581,114.7978,44.7832
2026-06-01 10:00:00,235.75,142.7256,93.0244
2026-06-01 10:05:00,219.637,192.2019,27.4351
2026-06-01 10:10:00,263.927,175.6425,88.2845
2026-06-01 10:15:00,245.501,173.4755,72.0255
2026-06-01 10:20:00,248.279,169.8832,78.3958
2026-06-01 10:25:00,245.386,154.2794,91.1066
2026-06-01 10:30:00,231.125,154.2794,76.8456
2026-06-01 10:35:00,204.283,117.4052,86.8778
2026-06-01 10:40:00,159.418,102.708,56.71
2026-06-01 10:45:00,114.71,102.6751,12.0349
2026-06-01 10:50:00,219.389,160.8055,58.5835
2026-06-01 10:55:00,228.139,223.3536,4.7854
2026-06-01 11:00:00,306.12,195.4262,110.6938
2026-06-01 11:05:00,326.333,187.2084,139.1246
2026-06-01 11:10:00,249.537,240.2336,9.3034
2026-06-01 11:15:00,422.506,256.7901,165.7159
2026-06-01 11:20:00,263.619,203.2333,60.3857
2026-06-01 11:25:00,280.592,198.2863,82.3057
2026-06-01 11:30:00,200.969,171.441,29.528
2026-06-01 11:35:00,240.012,119.4783,120.5337
2026-06-01 11:40:00,112.722,119.4783,0.0
2026-06-01 11:45:00,130.317,108.8826,21.4344
2026-06-01 11:50:00,120.483,69.6983,50.7847
2026-06-01 11:55:00,107.559,98.1372,9.4218
2026-06-01 12:00:00,180.983,203.2315,0.0
2026-06-01 12:05:00,460.444,338.8848,121.5592
2026-06-01 12:10:00,446.255,311.7746,134.4804
2026-06-01 12:15:00,338.83,369.2047,0.0
2026-06-01 12:20:00,376.994,282.0913,94.9027
2026-06-01 12:25:00,344.182,252.0164,92.1656
2026-06-01 12:30:00,346.016,451.6728,0.0
2026-06-01 12:35:00,577.692,447.0374,130.6546
2026-06-01 12:40:00,495.861,428.9403,66.9207
2026-06-01 12:45:00,631.875,339.6343,292.2407
2026-06-01 12:50:00,455.369,259.4571,195.9119
2026-06-01 12:55:00,526.619,308.4359,218.1831
2026-06-01 13:00:00,451.693,308.4359,143.2571
2026-06-01 13:05:00,365.349,303.4265,61.9225
2026-06-01 13:10:00,295.224,231.8379,63.3861
2026-06-01 13:15:00,190.472,129.6306,60.8414
2026-06-01 13:20:00,216.714,155.4556,61.2584
2026-06-01 13:25:00,216.966,257.4311,0.0
2026-06-01 13:30:00,499.508,291.8137,207.6943
2026-06-01 13:35:00,415.893,306.3652,109.5278
2026-06-01 13:40:00,367.195,355.1459,12.0491
2026-06-01 13:45:00,427.276,370.9916,56.2844
2026-06-01 13:50:00,364.946,288.8847,76.0613
2026-06-01 13:55:00,309.641,253.2489,56.3921
2026-06-01 14:00:00,352.182,244.7881,107.3939
2026-06-01 14:05:00,245.273,231.7679,13.5051
2026-06-01 14:10:00,210.847,163.267,47.58
2026-06-01 14:15:00,230.555,189.1683,41.3867
2026-06-01 14:20:00,222.138,169.5967,52.5413
2026-06-01 14:25:00,160.799,145.8796,14.9194
2026-06-01 14:30:00,274.032,160.6438,113.3882
2026-06-01 14:35:00,302.627,148.9724,153.6546
2026-06-01 14:40:00,251.847,148.9724,102.8746
2026-06-01 14:45:00,197.497,132.8226,64.6744
2026-06-01 14:50:00,181.48,135.0139,46.4661
2026-06-01 14:55:00,198.372,57.1933,141.1787
2026-06-01 15:00:00,133.079,55.6051,77.4739
2026-06-01 15:05:00,123.7,28.4361,95.2639
2026-06-01 15:10:00,115.791,30.1708,85.6202
2026-06-01 15:15:00,204.425,87.1373,117.2877
2026-06-01 15:20:00,169.239,87.1373,82.1017
2026-06-01 15:25:00,149.855,81.2681,68.5869
2026-06-01 15:30:00,152.946,73.4866,79.4594
2026-06-01 15:35:00,175.789,92.9352,82.8538
2026-06-01 15:40:00,194.249,65.9609,128.2881
2026-06-01 15:45:00,108.83,74.1476,34.6824
2026-06-01 15:50:00,162.932,119.4055,43.5265
2026-06-01 15:55:00,209.41,147.3182,62.0918
2026-06-01 16:00:00,239.053,153.3945,85.6585
2026-06-01 16:05:00,221.747,142.0549,79.6921
2026-06-01 16:10:00,187.355,142.0549,45.3001
2026-06-01 16:15:00,169.099,134.563,34.536
2026-06-01 16:20:00,120.589,52.5776,68.0114
2026-06-01 16:25:00,58.305,86.8102,0.0
2026-06-01 16:30:00,163.948,118.1851,45.7629
2026-06-01 16:35:00,206.119,119.5786,86.5404
2026-06-01 16:40:00,171.595,93.8118,77.7832
2026-06-01 16:45:00,141.136,68.3197,72.8163
2026-06-01 16:50:00,128.097,60.4125,67.6845
2026-06-01 16:55:00,87.366,115.3573,0.0
2026-06-01 17:00:00,356.243,233.1001,123.1429
2026-06-01 17:05:00,290.169,189.8937,100.2753
2026-06-01 17:10:00,126.349,80.4613,45.8877
2026-06-01 17:15:00,111.868,69.0253,42.8427
2026-06-01 17:20:00,126.724,41.6004,85.1236
2026-06-01 17:25:00,146.832,74.922,71.91
2026-06-01 17:30:00,183.118,63.5707,119.5473
2026-06-01 17:35:00,170.674,101.5029,69.1711
2026-06-01 17:40:00,183.595,101.5029,82.0921
2026-06-01 17:45:00,183.306,101.5029,81.8031
2026-06-01 17:50:00,156.362,92.5755,63.7865
2026-06-01 17:55:00,133.572,106.6169,26.9551
2026-06-01 18:00:00,138.07,116.9639,21.1061
2026-06-01 18:05:00,134.999,116.9639,18.0351
2026-06-01 18:10:00,134.024,116.9639,17.0601
2026-06-01 18:15:00,132.834,132.3464,0.4876
2026-06-01 18:20:00,161.553,214.8377,0.0
2026-06-01 18:25:00,283.296,206.2231,77.0729
2026-06-01 18:30:00,205.043,170.3771,34.6659
2026-06-01 18:35:00,140.757,125.0164,15.7406
2026-06-01 18:40:00,140.798,102.1351,38.6629
2026-06-01 18:45:00,100.798,71.431,29.367
2026-06-01 18:50:00,89.183,50.7998,38.3832
2026-06-01 18:55:00,41.34,30.4418,10.8982
2026-06-01 19:00:00,35.019,30.4418,4.5772
2026-06-01 19:05:00,32.727,17.5547,15.1723
2026-06-01 19:10:00,13.6,0.0,13.6
2026-06-01 19:15:00,13.0,23.5368,0.0
2026-06-01 19:20:00,52.0,44.255,7.745
2026-06-01 19:25:00,54.7,46.3044,8.3956
2026-06-01 19:30:00,73.5,39.0339,34.4661
2026-06-01 19:35:00,53.3,39.0339,14.2661
2026-06-01 19:40:00,53.4,39.0339,14.3661
2026-06-01 19:45:00,52.9,39.0339,13.8661
2026-06-01 19:50:00,53.2,44.8436,8.3564
2026-06-01 19:55:00,118.7,82.6072,36.0928
2026-06-01 20:00:00,118.7,82.6072,36.0928
2026-06-01 20:05:00,86.6,82.6072,3.9928
2026-06-01 20:10:00,81.1,63.0903,18.0097
2026-06-01 20:15:00,59.8,43.5733,16.2267
2026-06-01 20:20:00,56.1,43.5733,12.5267
2026-06-01 20:25:00,54.3,43.5733,10.7267
2026-06-01 20:30:00,36.7,43.5733,0.0
2026-06-01 20:35:00,37.7,42.9452,0.0
2026-06-01 20:40:00,23.1,36.357,0.0
2026-06-01 20:45:00,56.3,36.357,19.943
2026-06-01 20:50:00,48.1,36.357,11.743
2026-06-01 20:55:00,51.6,36.357,15.243
2026-06-01 21:00:00,48.9,36.357,12.543
2026-06-01 21:05:00,49.8,36.357,13.443
2026-06-01 21:10:00,46.5,36.357,10.143
2026-06-01 21:15:00,46.8,36.357,10.443
2026-06-01 21:20:00,47.3,36.357,10.943
2026-06-01 21:25:00,46.7,36.357,10.343
2026-06-01 21:30:00,49.2,26.5406,22.6594
2026-06-01 21:35:00,8.4,0.0,8.4
2026-06-01 21:40:00,8.7,0.0,8.7
2026-06-01 21:45:00,8.7,0.0,8.7
2026-06-01 21:50:00,8.2,0.0,8.2
2026-06-01 21:55:00,9.1,0.0,9.1
2026-06-01 22:00:00,8.8,0.0,8.8
2026-06-01 22:05:00,8.6,0.0,8.6
2026-06-01 22:10:00,8.4,0.0,8.4
2026-06-01 22:15:00,12.9,0.0,12.9
2026-06-01 22:20:00,9.1,0.0,9.1
2026-06-01 22:25:00,8.6,0.0,8.6
2026-06-01 22:30:00,8.1,1.6465,6.4535
2026-06-01 22:35:00,19.1,47.5612,0.0
2026-06-01 22:40:00,98.2,59.6767,38.5233
2026-06-01 22:45:00,90.2,59.6767,30.5233
2026-06-01 22:50:00,75.4,48.6212,26.7788
2026-06-01 22:55:00,39.5,24.3934,15.1066
2026-06-01 23:00:00,43.7,24.3934,19.3066
2026-06-01 23:05:00,25.5,24.3934,1.1066
2026-06-01 23:10:00,17.3,24.3934,0.0
2026-06-01 23:15:00,16.5,24.3934,0.0
2026-06-01 23:20:00,16.9,0.8944,16.0056
2026-06-01 23:25:00,8.5,0.0,8.5
2026-06-01 23:30:00,8.6,0.0,8.6
2026-06-01 23:35:00,7.8,0.0,7.8
2026-06-01 23:40:00,12.4,0.0,12.4
2026-06-01 23:45:00,8.2,0.0,8.2
2026-06-01 23:50:00,8.6,0.0,8.6
2026-06-01 23:55:00,8.5,0.5774,7.9226
2026-06-02 00:00:00,56.9,185.753,0.0
2026-06-02 00:05:00,466.4,271.0588,195.3412
2026-06-02 00:10:00,532.5,332.6142,199.8858
2026-06-02 00:15:00,502.7,332.6142,170.0858
2026-06-02 00:20:00,398.8,332.6142,66.1858
2026-06-02 00:25:00,215.5,310.4327,0.0
2026-06-02 00:30:00,211.6,236.5429,0.0
2026-06-02 00:35:00,212.3,278.6295,0.0
2026-06-02 00:40:00,287.8,263.4512,24.3488
2026-06-02 00:45:00,233.4,261.402,0.0
2026-06-02 00:50:00,184.9,251.4181,0.0
2026-06-02 00:55:00,116.6,185.3622,0.0
2026-06-02 01:00:00,103.8,109.6378,0.0
2026-06-02 01:05:00,44.7,46.7266,0.0
2026-06-02 01:10:00,43.2,29.405,13.795
2026-06-02 01:15:00,35.0,21.9815,13.0185
2026-06-02 01:20:00,34.3,21.9815,12.3185
2026-06-02 01:25:00,34.6,38.5404,0.0
2026-06-02 01:30:00,112.2,55.3215,56.8785
2026-06-02 01:35:00,112.8,55.3215,57.4785
2026-06-02 01:40:00,113.9,55.3215,58.5785
2026-06-02 01:45:00,101.1,55.3215,45.7785
2026-06-02 01:50:00,82.7,55.3215,27.3785
2026-06-02 01:55:00,56.7,33.34,23.36
2026-06-02 02:00:00,50.8,47.7184,3.0816
2026-06-02 02:05:00,71.1,57.5733,13.5267
2026-06-02 02:10:00,66.2,57.5733,8.6267
2026-06-02 02:15:00,60.8,57.5733,3.2267
2026-06-02 02:20:00,59.6,57.5733,2.0267
2026-06-02 02:25:00,55.7,57.5733,0.0
2026-06-02 02:30:00,42.2,76.3583,0.0
2026-06-02 02:35:00,161.8,137.9686,23.8314
2026-06-02 02:40:00,154.1,113.5167,40.5833
2026-06-02 02:45:00,134.7,135.6668,0.0
2026-06-02 02:50:00,268.7,162.1698,106.5302
2026-06-02 02:55:00,208.9,162.1698,46.7302
2026-06-02 03:00:00,170.3,162.1698,8.1302
2026-06-02 03:05:00,145.4,162.1698,0.0
2026-06-02 03:10:00,131.2,174.9401,0.0
2026-06-02 03:15:00,215.6,220.2416,0.0
2026-06-02 03:20:00,163.2,57.9645,105.2355
2026-06-02 03:25:00,36.3,40.034,0.0
2026-06-02 03:30:00,27.9,79.6886,0.0
2026-06-02 03:35:00,104.7,112.4608,0.0
2026-06-02 03:40:00,211.0,154.2562,56.7438
2026-06-02 03:45:00,212.1,154.2562,57.8438
2026-06-02 03:50:00,209.3,154.2562,55.0438
2026-06-02 03:55:00,164.0,154.2562,9.7438
2026-06-02 04:00:00,139.0,105.1562,33.8438
2026-06-02 04:05:00,61.6,74.6346,0.0
2026-06-02 04:10:00,19.5,46.2734,0.0
2026-06-02 04:15:00,8.0,0.0,8.0
2026-06-02 04:20:00,8.1,0.0,8.1
2026-06-02 04:25:00,8.6,0.0,8.6
2026-06-02 04:30:00,8.5,43.5815,0.0
2026-06-02 04:35:00,71.7,43.874,27.826
2026-06-02 04:40:00,71.8,43.874,27.926
2026-06-02 04:45:00,71.5,62.5662,8.9338
2026-06-02 04:50:00,109.0,66.577,42.423
2026-06-02 04:55:00,103.9,66.577,37.323
2026-06-02 05:00:00,95.7,100.433,0.0
2026-06-02 05:05:00,154.6,123.7716,30.8284
2026-06-02 05:10:00,203.4,151.9795,51.4205
2026-06-02 05:15:00,163.8,146.0011,17.7989
2026-06-02 05:20:00,123.3,129.2765,0.0
2026-06-02 05:25:00,110.7,124.8891,0.0
2026-06-02 05:30:00,77.483,85.4025,0.0
2026-06-02 05:35:00,78.017,85.4025,0.0
2026-06-02 05:40:00,38.261,40.7821,0.0
2026-06-02 05:45:00,21.611,29.2359,0.0
2026-06-02 05:50:00,52.536,26.6119,25.9241
2026-06-02 05:55:00,47.802,26.6119,21.1901
2026-06-02 06:00:00,45.558,26.6119,18.9461
2026-06-02 06:05:00,41.166,26.6119,14.5541
2026-06-02 06:10:00,40.457,26.6119,13.8451
2026-06-02 06:15:00,40.047,26.6119,13.4351
2026-06-02 06:20:00,38.891,61.5237,0.0
2026-06-02 06:25:00,87.003,64.8365,22.1665
2026-06-02 06:30:00,87.258,72.3906,14.8674
2026-06-02 06:35:00,123.065,92.1404,30.9246
2026-06-02 06:40:00,117.398,114.6614,2.7366
2026-06-02 06:45:00,172.454,142.9048,29.5492
2026-06-02 06:50:00,163.75,142.9048,20.8452
2026-06-02 06:55:00,152.85,142.9048,9.9452
2026-06-02 07:00:00,125.973,156.6837,0.0
2026-06-02 07:05:00,145.834,182.9481,0.0
2026-06-02 07:10:00,326.199,229.3853,96.8137
2026-06-02 07:15:00,309.215,286.3488,22.8662
2026-06-02 07:20:00,488.536,368.8288,119.7072
2026-06-02 07:25:00,415.688,329.7585,85.9295
2026-06-02 07:30:00,358.083,361.5664,0.0
2026-06-02 07:35:00,380.57,369.7046,10.8654
2026-06-02 07:40:00,459.59,366.5017,93.0883
2026-06-02 07:45:00,507.363,394.232,113.131
2026-06-02 07:50:00,471.403,394.232,77.171
2026-06-02 07:55:00,406.251,349.6832,56.5678
2026-06-02 08:00:00,415.521,348.5927,66.9283
2026-06-02 08:05:00,352.623,275.4092,77.2138
2026-06-02 08:10:00,305.744,263.0085,42.7355
2026-06-02 08:15:00,211.214,207.2249,3.9891
2026-06-02 08:20:00,250.716,208.2036,42.5124
2026-06-02 08:25:00,257.125,195.7152,61.4098
2026-06-02 08:30:00,234.678,142.1297,92.5483
2026-06-02 08:35:00,197.869,161.1788,36.6902
2026-06-02 08:40:00,205.166,174.4088,30.7572
2026-06-02 08:45:00,240.168,193.4845,46.6835
2026-06-02 08:50:00,246.381,175.8942,70.4868
2026-06-02 08:55:00,220.245,194.5823,25.6627
2026-06-02 09:00:00,246.67,163.2634,83.4066
2026-06-02 09:05:00,291.969,183.038,108.931
2026-06-02 09:10:00,295.482,224.7619,70.7201
2026-06-02 09:15:00,360.5,288.7379,71.7621
2026-06-02 09:20:00,507.544,243.474,264.07
2026-06-02 09:25:00,351.664,210.7219,140.9421
2026-06-02 09:30:00,259.234,118.6774,140.5566
2026-06-02 09:35:00,224.522,115.784,108.738
2026-06-02 09:40:00,207.997,142.9236,65.0734
2026-06-02 09:45:00,182.922,142.9236,39.9984
2026-06-02 09:50:00,182.732,137.0947,45.6373
2026-06-02 09:55:00,151.535,97.4251,54.1099
2026-06-02 10:00:00,195.015,159.35,35.665
2026-06-02 10:05:00,360.501,249.0793,111.4217
2026-06-02 10:10:00,322.079,232.0585,90.0205
2026-06-02 10:15:00,321.489,216.0709,105.4181
2026-06-02 10:20:00,292.416,114.0893,178.3267
2026-06-02 10:25:00,193.643,122.7475,70.8955
2026-06-02 10:30:00,277.719,254.6872,23.0318
2026-06-02 10:35:00,374.232,280.9041,93.3279
2026-06-02 10:40:00,435.624,286.6647,148.9593
2026-06-02 10:45:00,342.309,219.9994,122.3096
2026-06-02 10:50:00,259.663,271.9629,0.0
2026-06-02 10:55:00,299.096,279.235,19.861
2026-06-02 11:00:00,248.328,263.7353,0.0
2026-06-02 11:05:00,359.277,240.0729,119.2041
2026-06-02 11:10:00,252.539,139.4853,113.0537
2026-06-02 11:15:00,238.078,159.4821,78.5959
2026-06-02 11:20:00,254.146,132.0044,122.1416
2026-06-02 11:25:00,255.201,121.9504,133.2506
2026-06-02 11:30:00,190.031,121.9504,68.0806
2026-06-02 11:35:00,208.707,147.0966,61.6104
2026-06-02 11:40:00,221.335,136.0993,85.2357
2026-06-02 11:45:00,163.725,136.6998,27.0252
2026-06-02 11:50:00,208.559,201.6876,6.8714
2026-06-02 11:55:00,323.809,262.1917,61.6173
2026-06-02 12:00:00,454.626,328.7275,125.8985
2026-06-02 12:05:00,473.348,362.1157,111.2323
2026-06-02 12:10:00,390.846,394.3128,0.0
2026-06-02 12:15:00,404.313,312.6312,91.6818
2026-06-02 12:20:00,351.025,307.7826,43.2424
2026-06-02 12:25:00,401.713,324.8448,76.8682
2026-06-02 12:30:00,467.123,431.8487,35.2743
2026-06-02 12:35:00,503.062,382.7275,120.3345
2026-06-02 12:40:00,407.251,299.9894,107.2616
2026-06-02 12:45:00,249.61,259.2731,0.0
2026-06-02 12:50:00,358.673,313.7188,44.9542
2026-06-02 12:55:00,313.019,253.3606,59.6584
2026-06-02 13:00:00,308.464,250.5342,57.9298
2026-06-02 13:05:00,324.667,236.5953,88.0717
2026-06-02 13:10:00,277.036,273.4983,3.5377
2026-06-02 13:15:00,565.713,346.2224,219.4906
2026-06-02 13:20:00,500.287,402.2924,97.9946
2026-06-02 13:25:00,531.491,375.0276,156.4634
2026-06-02 13:30:00,393.381,399.7728,0.0
2026-06-02 13:35:00,354.373,288.0752,66.2978
2026-06-02 13:40:00,354.599,297.6768,56.9222
2026-06-02 13:45:00,242.808,212.4996,30.3084
2026-06-02 13:50:00,256.855,195.6446,61.2104
2026-06-02 13:55:00,207.118,129.0611,78.0569
2026-06-02 14:00:00,202.868,122.5135,80.3545
2026-06-02 14:05:00,203.743,123.206,80.537
2026-06-02 14:10:00,306.129,203.79,102.339
2026-06-02 14:15:00,276.258,114.0827,162.1753
2026-06-02 14:20:00,186.104,102.2157,83.8883
2026-06-02 14:25:00,211.46,142.816,68.644
2026-06-02 14:30:00,245.246,159.1322,86.1138
2026-06-02 14:35:00,272.68,195.2743,77.4057
2026-06-02 14:40:00,328.884,284.2541,44.6299
2026-06-02 14:45:00,456.76,335.4463,121.3137
2026-06-02 14:50:00,422.143,296.6954,125.4476
2026-06-02 14:55:00,272.301,171.8627,100.4383
2026-06-02 15:00:00,245.055,151.3856,93.6694
2026-06-02 15:05:00,189.37,116.2206,73.1494
2026-06-02 15:10:00,130.025,49.5813,80.4437
2026-06-02 15:15:00,99.574,43.0902,56.4838
2026-06-02 15:20:00,113.874,40.7721,73.1019
2026-06-02 15:25:00,89.376,26.9171,62.4589
2026-06-02 15:30:00,88.448,26.9171,61.5309
2026-06-02 15:35:00,108.5,68.6531,39.8469
2026-06-02 15:40:00,236.507,145.5285,90.9785
2026-06-02 15:45:00,240.248,145.5285,94.7195
2026-06-02 15:50:00,226.44,137.0048,89.4352
2026-06-02 15:55:00,205.508,130.2068,75.3012
2026-06-02 16:00:00,185.573,123.0848,62.4882
2026-06-02 16:05:00,185.874,104.2544,81.6196
2026-06-02 16:10:00,210.387,171.7855,38.6015
2026-06-02 16:15:00,281.118,141.1946,139.9234
2026-06-02 16:20:00,188.028,108.5663,79.4617
2026-06-02 16:25:00,197.81,115.3462,82.4638
2026-06-02 16:30:00,150.436,109.114,41.322
2026-06-02 16:35:00,180.834,41.0263,139.8077
2026-06-02 16:40:00,123.777,33.4886,90.2884
2026-06-02 16:45:00,119.352,33.4886,85.8634
2026-06-02 16:50:00,129.293,79.1749,50.1181
2026-06-02 16:55:00,213.468,86.2036,127.2644
2026-06-02 17:00:00,158.193,86.2036,71.9894
2026-06-02 17:05:00,139.375,158.4561,0.0
2026-06-02 17:10:00,233.688,177.1533,56.5347
2026-06-02 17:15:00,441.736,290.99,150.746
2026-06-02 17:20:00,356.863,278.0796,78.7834
2026-06-02 17:25:00,298.595,173.8476,124.7474
2026-06-02 17:30:00,200.978,221.4538,0.0
2026-06-02 17:35:00,325.567,220.6811,104.8859
2026-06-02 17:40:00,166.589,91.9942,74.5948
2026-06-02 17:45:00,170.84,91.9942,78.8458
2026-06-02 17:50:00,170.317,101.1918,69.1252
2026-06-02 17:55:00,203.636,139.5786,64.0574
2026-06-02 18:00:00,231.836,159.8545,71.9815
2026-06-02 18:05:00,149.408,183.617,0.0
2026-06-02 18:10:00,214.09,204.5437,9.5463
2026-06-02 18:15:00,225.97,186.818,39.152
2026-06-02 18:20:00,181.806,181.8363,0.0
2026-06-02 18:25:00,165.279,73.9149,91.3641
2026-06-02 18:30:00,131.679,67.2224,64.4566
2026-06-02 18:35:00,93.335,82.496,10.839
2026-06-02 18:40:00,105.461,105.7272,0.0
2026-06-02 18:45:00,95.994,127.7066,0.0
2026-06-02 18:50:00,231.996,162.0083,69.9877
2026-06-02 18:55:00,157.236,118.7185,38.5175
2026-06-02 19:00:00,151.552,143.514,8.038
2026-06-02 19:05:00,185.7,165.0691,20.6309
2026-06-02 19:10:00,223.8,172.2787,51.5213
2026-06-02 19:15:00,183.3,169.2135,14.0865
2026-06-02 19:20:00,210.3,164.5713,45.7287
2026-06-02 19:25:00,186.6,156.3685,30.2315
2026-06-02 19:30:00,134.4,102.1241,32.2759
2026-06-02 19:35:00,84.0,49.4615,34.5385
2026-06-02 19:40:00,63.0,41.8519,21.1481
2026-06-02 19:45:00,56.1,43.7718,12.3282
2026-06-02 19:50:00,50.1,94.2136,0.0
2026-06-02 19:55:00,103.8,94.2136,9.5864
2026-06-02 20:00:00,87.9,55.4922,32.4078
2026-06-02 20:05:00,12.0,35.3246,0.0
2026-06-02 20:10:00,75.9,80.3898,0.0
2026-06-02 20:15:00,134.7,90.5627,44.1373
2026-06-02 20:20:00,103.2,170.4903,0.0
2026-06-02 20:25:00,199.8,181.2339,18.5661
2026-06-02 20:30:00,161.4,60.2486,101.1514
2026-06-02 20:35:00,56.7,43.6106,13.0894
2026-06-02 20:40:00,55.8,42.0116,13.7884
2026-06-02 20:45:00,12.0,0.0,12.0
2026-06-02 20:50:00,13.2,0.0,13.2
2026-06-02 20:55:00,10.5,0.0,10.5
2026-06-02 21:00:00,10.8,0.0,10.8
2026-06-02 21:05:00,11.1,0.0,11.1
2026-06-02 21:10:00,10.2,0.0,10.2
2026-06-02 21:15:00,9.3,0.0,9.3
2026-06-02 21:20:00,12.3,22.7403,0.0
2026-06-02 21:25:00,53.4,58.1717,0.0
2026-06-02 21:30:00,87.3,65.9533,21.3467
2026-06-02 21:35:00,85.2,77.1558,8.0442
2026-06-02 21:40:00,106.5,65.8908,40.6092
2026-06-02 21:45:00,68.1,65.6943,2.4057
2026-06-02 21:50:00,113.7,90.3095,23.3905
2026-06-02 21:55:00,116.1,67.6727,48.4273
2026-06-02 22:00:00,87.3,67.1319,20.1681
2026-06-02 22:05:00,55.5,43.9344,11.5656
2026-06-02 22:10:00,38.4,28.4694,9.9306
2026-06-02 22:15:00,39.6,49.4181,0.0
2026-06-02 22:20:00,77.7,56.2865,21.4135
2026-06-02 22:25:00,98.7,74.4563,24.2437
2026-06-02 22:30:00,97.8,37.302,60.498
2026-06-02 22:35:00,54.9,34.9305,19.9695
2026-06-02 22:40:00,54.6,34.9305,19.6695
2026-06-02 22:45:00,52.2,37.422,14.778
2026-06-02 22:50:00,74.1,51.9181,22.1819
2026-06-02 22:55:00,67.2,51.9181,15.2819
2026-06-02 23:00:00,63.0,43.3677,19.6323
2026-06-02 23:05:00,44.7,34.9305,9.7695
2026-06-02 23:10:00,44.1,34.9305,9.1695
2026-06-02 23:15:00,44.1,34.9305,9.1695
2026-06-02 23:20:00,42.6,34.9305,7.6695
2026-06-02 23:25:00,43.2,34.9305,8.2695
2026-06-02 23:30:00,44.4,34.9305,9.4695
2026-06-02 23:35:00,44.7,59.2937,0.0
2026-06-02 23:40:00,88.8,71.0121,17.7879
2026-06-02 23:45:00,99.9,70.8254,29.0746
2026-06-02 23:50:00,96.0,45.1458,50.8542
2026-06-02 23:55:00,57.0,31.9169,25.0831
2026-06-03 00:00:00,58.5,276.3366,0.0
2026-06-03 00:05:00,455.1,352.2646,102.8354
2026-06-03 00:10:00,470.5,352.4863,118.0137
2026-06-03 00:15:00,449.1,376.9423,72.1577
2026-06-03 00:20:00,517.1,406.4334,110.6666
2026-06-03 00:25:00,431.7,366.564,65.136
2026-06-03 00:30:00,353.1,344.1955,8.9045
2026-06-03 00:35:00,223.8,207.8311,15.9689
2026-06-03 00:40:00,174.0,123.3806,50.6194
2026-06-03 00:45:00,128.8,144.3521,0.0
2026-06-03 00:50:00,156.7,161.6811,0.0
2026-06-03 00:55:00,104.7,125.1563,0.0
2026-06-03 01:00:00,78.5,54.2539,24.2461
2026-06-03 01:05:00,27.2,41.1797,0.0
2026-06-03 01:10:00,12.2,7.5028,4.6972
2026-06-03 01:15:00,55.1,33.1004,21.9996
2026-06-03 01:20:00,55.2,66.7016,0.0
2026-06-03 01:25:00,89.2,68.1016,21.0984
2026-06-03 01:30:00,78.8,68.1016,10.6984
2026-06-03 01:35:00,53.3,45.3726,7.9274
2026-06-03 01:40:00,47.4,20.7674,26.6326
2026-06-03 01:45:00,11.4,4.3851,7.0149
2026-06-03 01:50:00,54.9,61.694,0.0
2026-06-03 01:55:00,101.1,62.4014,38.6986
2026-06-03 02:00:00,99.0,82.8955,16.1045
2026-06-03 02:05:00,174.4,94.4235,79.9765
2026-06-03 02:10:00,171.1,94.4235,76.6765
2026-06-03 02:15:00,152.9,94.4235,58.4765
2026-06-03 02:20:00,139.9,94.4235,45.4765
2026-06-03 02:25:00,111.0,94.4235,16.5765
2026-06-03 02:30:00,100.7,94.4235,6.2765
2026-06-03 02:35:00,92.1,102.9202,0.0
2026-06-03 02:40:00,155.9,177.5466,0.0
2026-06-03 02:45:00,234.1,188.1535,45.9465
2026-06-03 02:50:00,202.7,161.308,41.392
2026-06-03 02:55:00,186.7,135.9444,50.7556
2026-06-03 03:00:00,152.9,130.9929,21.9071
2026-06-03 03:05:00,133.5,123.3076,10.1924
2026-06-03 03:10:00,50.1,39.6013,10.4987
2026-06-03 03:15:00,38.8,28.0112,10.7888
2026-06-03 03:20:00,27.1,52.7285,0.0
2026-06-03 03:25:00,101.2,88.8572,12.3428
2026-06-03 03:30:00,250.9,160.7668,90.1332
2026-06-03 03:35:00,290.3,183.6871,106.6129
2026-06-03 03:40:00,284.2,183.6871,100.5129
2026-06-03 03:45:00,219.6,183.6871,35.9129
2026-06-03 03:50:00,184.8,183.6871,1.1129
2026-06-03 03:55:00,178.1,223.4158,0.0
2026-06-03 04:00:00,335.0,285.9656,49.0344
2026-06-03 04:05:00,267.0,285.9656,0.0
2026-06-03 04:10:00,213.2,226.8891,0.0
2026-06-03 04:15:00,192.8,200.5029,0.0
2026-06-03 04:20:00,118.6,196.0347,0.0
2026-06-03 04:25:00,111.4,139.067,0.0
2026-06-03 04:30:00,85.9,62.8134,23.0866
2026-06-03 04:35:00,60.8,47.2415,13.5585
2026-06-03 04:40:00,60.5,47.2415,13.2585
2026-06-03 04:45:00,60.4,47.2415,13.1585
2026-06-03 04:50:00,60.6,47.2415,13.3585
2026-06-03 04:55:00,54.8,47.2415,7.5585
2026-06-03 05:00:00,43.4,82.979,0.0
2026-06-03 05:05:00,109.8,41.1617,68.6383
2026-06-03 05:10:00,75.0,39.272,35.728
2026-06-03 05:15:00,74.6,39.272,35.328
2026-06-03 05:20:00,66.9,39.272,27.628
2026-06-03 05:25:00,45.2,39.272,5.928
2026-06-03 05:30:00,34.27,39.272,0.0
2026-06-03 05:35:00,33.892,39.272,0.0
2026-06-03 05:40:00,37.634,90.4595,0.0
2026-06-03 05:45:00,137.441,96.5324,40.9086
2026-06-03 05:50:00,107.939,78.0727,29.8663
2026-06-03 05:55:00,46.919,25.9194,20.9996
2026-06-03 06:00:00,45.198,25.9194,19.2786
2026-06-03 06:05:00,46.11,25.9194,20.1906
2026-06-03 06:10:00,45.117,25.9194,19.1976
2026-06-03 06:15:00,45.088,41.1112,3.9768
2026-06-03 06:20:00,148.154,82.8887,65.2653
2026-06-03 06:25:00,98.876,186.1653,0.0
2026-06-03 06:30:00,285.345,187.4774,97.8676
2026-06-03 06:35:00,235.718,170.2622,65.4558
2026-06-03 06:40:00,204.966,170.2622,34.7038
2026-06-03 06:45:00,186.9,170.2622,16.6378
2026-06-03 06:50:00,186.288,201.5239,0.0
2026-06-03 06:55:00,228.882,194.0739,34.8081
2026-06-03 07:00:00,212.235,194.0739,18.1611
2026-06-03 07:05:00,199.412,188.4669,10.9451
2026-06-03 07:10:00,180.143,160.4584,19.6846
2026-06-03 07:15:00,138.874,185.9409,0.0
2026-06-03 07:20:00,219.879,169.3344,50.5446
2026-06-03 07:25:00,197.851,166.3178,31.5332
2026-06-03 07:30:00,220.347,219.9705,0.3765
2026-06-03 07:35:00,256.859,257.8996,0.0
2026-06-03 07:40:00,304.467,222.6051,81.8619
2026-06-03 07:45:00,268.558,196.3949,72.1631
2026-06-03 07:50:00,243.324,187.5607,55.7633
2026-06-03 07:55:00,195.662,228.6713,0.0
2026-06-03 08:00:00,307.165,254.0427,53.1223
2026-06-03 08:05:00,204.533,141.7975,62.7355
2026-06-03 08:10:00,205.735,156.7165,49.0185
2026-06-03 08:15:00,239.964,193.7351,46.2289
2026-06-03 08:20:00,254.433,201.945,52.488
2026-06-03 08:25:00,229.001,202.6507,26.3503
2026-06-03 08:30:00,187.096,111.0072,76.0888
2026-06-03 08:35:00,169.207,174.9167,0.0
2026-06-03 08:40:00,253.003,175.1305,77.8725
2026-06-03 08:45:00,257.808,158.8432,98.9648
2026-06-03 08:50:00,200.7,179.6284,21.0716
2026-06-03 08:55:00,274.551,172.5899,101.9611
2026-06-03 09:00:00,256.051,191.3567,64.6943
2026-06-03 09:05:00,260.371,195.5238,64.8472
2026-06-03 09:10:00,247.118,240.5511,6.5669
2026-06-03 09:15:00,259.441,246.0787,13.3623
2026-06-03 09:20:00,166.518,182.264,0.0
2026-06-03 09:25:00,283.273,233.2006,50.0724
2026-06-03 09:30:00,428.519,272.7335,155.7855
2026-06-03 09:35:00,310.782,219.9541,90.8279
2026-06-03 09:40:00,231.7,189.441,42.259
2026-06-03 09:45:00,259.115,158.9119,100.2031
2026-06-03 09:50:00,283.412,181.4626,101.9494
2026-06-03 09:55:00,313.341,241.2408,72.1002
2026-06-03 10:00:00,416.031,283.3717,132.6593
2026-06-03 10:05:00,318.392,205.9168,112.4752
2026-06-03 10:10:00,357.364,188.5815,168.7825
2026-06-03 10:15:00,290.884,190.481,100.403
2026-06-03 10:20:00,272.082,224.082,48.0
2026-06-03 10:25:00,302.393,212.031,90.362
2026-06-03 10:30:00,249.454,176.014,73.44
2026-06-03 10:35:00,366.31,258.4027,107.9073
2026-06-03 10:40:00,361.17,270.6823,90.4877
2026-06-03 10:45:00,312.764,182.2398,130.5242
2026-06-03 10:50:00,221.86,133.0496,88.8104
2026-06-03 10:55:00,188.871,103.6935,85.1775
2026-06-03 11:00:00,226.659,151.61,75.049
2026-06-03 11:05:00,333.822,197.0979,136.7241
2026-06-03 11:10:00,340.389,197.0979,143.2911
2026-06-03 11:15:00,285.232,175.4693,109.7627
2026-06-03 11:20:00,215.151,142.5867,72.5643
2026-06-03 11:25:00,251.776,154.1668,97.6092
2026-06-03 11:30:00,264.248,154.1668,110.0812
2026-06-03 11:35:00,265.573,140.3749,125.1981
2026-06-03 11:40:00,277.198,195.343,81.855
2026-06-03 11:45:00,425.003,263.91,161.093
2026-06-03 11:50:00,405.918,242.9599,162.9581
2026-06-03 11:55:00,362.198,238.8837,123.3143
2026-06-03 12:00:00,330.5,300.8208,29.6792
2026-06-03 12:05:00,408.349,335.6323,72.7167
2026-06-03 12:10:00,435.335,344.1731,91.1619
2026-06-03 12:15:00,366.568,273.6769,92.8911
2026-06-03 12:20:00,365.434,275.5119,89.9221
2026-06-03 12:25:00,308.974,273.8024,35.1716
2026-06-03 12:30:00,406.912,286.1088,120.8032
2026-06-03 12:35:00,312.525,249.4213,63.1037
2026-06-03 12:40:00,219.952,199.1036,20.8484
2026-06-03 12:45:00,292.019,237.1805,54.8385
2026-06-03 12:50:00,308.067,196.3957,111.6713
2026-06-03 12:55:00,334.04,226.3757,107.6643
2026-06-03 13:00:00,280.163,280.4131,0.0
2026-06-03 13:05:00,345.335,175.0391,170.2959
2026-06-03 13:10:00,342.635,280.1877,62.4473
2026-06-03 13:15:00,488.257,299.0059,189.2511
2026-06-03 13:20:00,528.989,342.9384,186.0506
2026-06-03 13:25:00,439.388,342.9384,96.4496
2026-06-03 13:30:00,368.593,313.7362,54.8568
2026-06-03 13:35:00,298.248,283.7591,14.4889
2026-06-03 13:40:00,260.807,255.6925,5.1145
2026-06-03 13:45:00,422.284,347.7093,74.5747
2026-06-03 13:50:00,425.644,346.6372,79.0068
2026-06-03 13:55:00,339.809,340.116,0.0
2026-06-03 14:00:00,281.884,147.7112,134.1728
2026-06-03 14:05:00,184.925,104.3235,80.6015
2026-06-03 14:10:00,267.183,174.4312,92.7518
2026-06-03 14:15:00,281.589,174.4312,107.1578
2026-06-03 14:20:00,274.42,156.7096,117.7104
2026-06-03 14:25:00,175.14,119.6873,55.4527
2026-06-03 14:30:00,159.017,25.6713,133.3457
2026-06-03 14:35:00,137.244,23.4188,113.8252
2026-06-03 14:40:00,78.787,23.4188,55.3682
2026-06-03 14:45:00,65.371,23.3408,42.0302
2026-06-03 14:50:00,91.182,0.0,91.182
2026-06-03 14:55:00,63.22,0.0,63.22
2026-06-03 15:00:00,59.228,0.0,59.228
2026-06-03 15:05:00,53.25,27.2897,25.9603
2026-06-03 15:10:00,176.074,77.7082,98.3658
2026-06-03 15:15:00,152.601,85.6423,66.9587
2026-06-03 15:20:00,150.368,65.3799,84.9881
2026-06-03 15:25:00,133.403,89.7145,43.6885
2026-06-03 15:30:00,191.807,102.4741,89.3329
2026-06-03 15:35:00,165.876,80.0764,85.7996
2026-06-03 15:40:00,203.611,103.2407,100.3703
2026-06-03 15:45:00,201.461,103.2407,98.2203
2026-06-03 15:50:00,191.351,147.2545,44.0965
2026-06-03 15:55:00,249.157,147.2435,101.9135
2026-06-03 16:00:00,213.817,156.2522,57.5648
2026-06-03 16:05:00,221.425,225.5852,0.0
2026-06-03 16:10:00,304.876,295.7703,9.1057
2026-06-03 16:15:00,422.879,384.1427,38.7363
2026-06-03 16:20:00,409.248,310.507,98.741
2026-06-03 16:25:00,355.443,228.8072,126.6358
2026-06-03 16:30:00,232.292,140.2166,92.0754
2026-06-03 16:35:00,212.327,141.3022,71.0248
2026-06-03 16:40:00,201.771,169.2037,32.5673
2026-06-03 16:45:00,233.498,184.0146,49.4834
2026-06-03 16:50:00,218.911,205.8439,13.0671
2026-06-03 16:55:00,285.697,169.095,116.602
2026-06-03 17:00:00,235.263,160.4102,74.8528
2026-06-03 17:05:00,223.38,145.2364,78.1436
2026-06-03 17:10:00,191.866,43.0355,148.8305
2026-06-03 17:15:00,134.688,43.0435,91.6445
2026-06-03 17:20:00,119.877,134.6895,0.0
2026-06-03 17:25:00,194.709,135.3726,59.3364
2026-06-03 17:30:00,271.639,178.6273,93.0117
2026-06-03 17:35:00,266.357,169.6753,96.6817
2026-06-03 17:40:00,278.763,112.3704,166.3926
2026-06-03 17:45:00,245.499,267.7834,0.0
2026-06-03 17:50:00,406.059,199.3081,206.7509
2026-06-03 17:55:00,224.014,129.6409,94.3731
2026-06-03 18:00:00,170.193,149.3477,20.8453
2026-06-03 18:05:00,209.513,133.191,76.322
2026-06-03 18:10:00,150.658,169.5552,0.0
2026-06-03 18:15:00,253.836,208.0706,45.7654
2026-06-03 18:20:00,253.887,235.1602,18.7268
2026-06-03 18:25:00,284.417,226.7202,57.6968
2026-06-03 18:30:00,265.12,243.2648,21.8552
2026-06-03 18:35:00,271.105,201.7636,69.3414
2026-06-03 18:40:00,188.823,208.5534,0.0
2026-06-03 18:45:00,219.005,176.9,42.105
2026-06-03 18:50:00,175.728,210.4563,0.0
2026-06-03 18:55:00,306.439,225.9848,80.4542
2026-06-03 19:00:00,236.756,184.1424,52.6136
2026-06-03 19:05:00,183.9,167.3505,16.5495
2026-06-03 19:10:00,194.1,146.0433,48.0567
2026-06-03 19:15:00,169.8,125.8457,43.9543
2026-06-03 19:20:00,138.6,161.4229,0.0
2026-06-03 19:25:00,201.6,249.9645,0.0
2026-06-03 19:30:00,254.7,191.4124,63.2876
2026-06-03 19:35:00,160.5,124.0812,36.4188
2026-06-03 19:40:00,165.0,107.7295,57.2705
2026-06-03 19:45:00,163.2,107.7295,55.4705
2026-06-03 19:50:00,158.7,117.9668,40.7332
2026-06-03 19:55:00,242.1,179.1523,62.9477
2026-06-03 20:00:00,244.2,189.2718,54.9282
2026-06-03 20:05:00,232.8,214.4526,18.3474
2026-06-03 20:10:00,221.4,214.4526,6.9474
2026-06-03 20:15:00,176.1,155.1651,20.9349
2026-06-03 20:20:00,109.2,114.336,0.0
2026-06-03 20:25:00,64.8,43.2155,21.5845
2026-06-03 20:30:00,53.4,35.3003,18.0997
2026-06-03 20:35:00,55.5,35.3003,20.1997
2026-06-03 20:40:00,56.4,14.0025,42.3975
2026-06-03 20:45:00,14.7,0.0,14.7
2026-06-03 20:50:00,16.8,39.3298,0.0
2026-06-03 20:55:00,98.4,68.0384,30.3616
2026-06-03 21:00:00,86.4,68.0384,18.3616
2026-06-03 21:05:00,84.3,68.0384,16.2616
2026-06-03 21:10:00,84.9,68.0384,16.8616
2026-06-03 21:15:00,85.5,68.0384,17.4616
2026-06-03 21:20:00,79.5,58.9801,20.5199
2026-06-03 21:25:00,48.0,35.2975,12.7025
2026-06-03 21:30:00,47.7,35.2975,12.4025
2026-06-03 21:35:00,51.6,35.2975,16.3025
2026-06-03 21:40:00,49.5,35.2975,14.2025
2026-06-03 21:45:00,44.1,35.2975,8.8025
2026-06-03 21:50:00,44.1,31.4148,12.6852
2026-06-03 21:55:00,10.5,0.0,10.5
2026-06-03 22:00:00,9.3,0.0,9.3
2026-06-03 22:05:00,9.9,0.0,9.9
2026-06-03 22:10:00,9.6,0.0,9.6
2026-06-03 22:15:00,9.3,0.0,9.3
2026-06-03 22:20:00,9.3,0.0,9.3
2026-06-03 22:25:00,9.3,0.0,9.3
2026-06-03 22:30:00,9.0,0.0,9.0
2026-06-03 22:35:00,9.3,0.0,9.3
2026-06-03 22:40:00,9.0,0.0,9.0
2026-06-03 22:45:00,9.0,0.0,9.0
2026-06-03 22:50:00,8.7,0.0,8.7
2026-06-03 22:55:00,8.7,23.6424,0.0
2026-06-03 23:00:00,53.1,33.2992,19.8008
2026-06-03 23:05:00,48.6,33.2992,15.3008
2026-06-03 23:10:00,48.6,33.2992,15.3008
2026-06-03 23:15:00,48.3,33.2992,15.0008
2026-06-03 23:20:00,41.4,111.3976,0.0
2026-06-03 23:25:00,153.9,129.679,24.221
2026-06-03 23:30:00,156.9,127.7561,29.1439
2026-06-03 23:35:00,105.9,85.2608,20.6392
2026-06-03 23:40:00,89.7,80.9233,8.7767
2026-06-03 23:45:00,89.1,42.7593,46.3407
2026-06-03 23:50:00,40.8,30.8307,9.9693
2026-06-03 23:55:00,81.0,55.2265,25.7735
2026-06-04 00:00:00,76.3,118.7,0.0
2026-06-04 00:05:00,221.0,211.6054,9.3946
2026-06-04 00:10:00,312.6,200.7062,111.8938
2026-06-04 00:15:00,148.8,216.852,0.0
2026-06-04 00:20:00,347.3,269.7119,77.5881
2026-06-04 00:25:00,270.3,194.3383,75.9617
2026-06-04 00:30:00,218.2,164.9568,53.2432
2026-06-04 00:35:00,179.7,205.8887,0.0
2026-06-04 00:40:00,206.4,169.2381,37.1619
2026-06-04 00:45:00,181.2,169.2381,11.9619
2026-06-04 00:50:00,170.2,169.2381,0.9619
2026-06-04 00:55:00,162.3,148.2959,14.0041
2026-06-04 01:00:00,73.9,78.5869,0.0
2026-06-04 01:05:00,23.0,66.4989,0.0
2026-06-04 01:10:00,11.1,0.0,11.1
2026-06-04 01:15:00,10.0,0.0,10.0
2026-06-04 01:20:00,10.4,12.5892,0.0
2026-06-04 01:25:00,93.2,50.3567,42.8433
2026-06-04 01:30:00,68.5,50.3567,18.1433
2026-06-04 01:35:00,70.2,50.3567,19.8433
2026-06-04 01:40:00,69.9,50.3567,19.5433
2026-06-04 01:45:00,45.2,50.3567,0.0
2026-06-04 01:50:00,44.9,51.8332,0.0
2026-06-04 01:55:00,53.2,64.3997,0.0
2026-06-04 02:00:00,104.4,82.1587,22.2413
2026-06-04 02:05:00,268.4,182.9322,85.4678
2026-06-04 02:10:00,196.1,148.1227,47.9773
2026-06-04 02:15:00,193.4,148.1227,45.2773
2026-06-04 02:20:00,125.6,148.1227,0.0
2026-06-04 02:25:00,12.7,0.9875,11.7125
2026-06-04 02:30:00,16.3,0.0,16.3
2026-06-04 02:35:00,12.1,0.0,12.1
2026-06-04 02:40:00,13.2,0.0,13.2
2026-06-04 02:45:00,12.8,0.0,12.8
2026-06-04 02:50:00,12.8,0.0,12.8
2026-06-04 02:55:00,13.3,0.0,13.3
2026-06-04 03:00:00,13.4,31.1771,0.0
2026-06-04 03:05:00,123.9,58.6435,65.2565
2026-06-04 03:10:00,123.8,58.6435,65.1565
2026-06-04 03:15:00,124.7,87.4464,37.2536
2026-06-04 03:20:00,212.4,91.3741,121.0259
2026-06-04 03:25:00,177.5,149.4074,28.0926
2026-06-04 03:30:00,316.9,235.3659,81.5341
2026-06-04 03:35:00,341.3,222.9662,118.3338
2026-06-04 03:40:00,325.8,215.4841,110.3159
2026-06-04 03:45:00,180.8,146.0204,34.7796
2026-06-04 03:50:00,167.4,133.5125,33.8875
2026-06-04 03:55:00,110.8,111.461,0.0
2026-06-04 04:00:00,92.0,101.8342,0.0
2026-06-04 04:05:00,68.6,97.0208,0.0
2026-06-04 04:10:00,62.2,97.0208,0.0
2026-06-04 04:15:00,55.8,97.0208,0.0
2026-06-04 04:20:00,46.2,97.0208,0.0
2026-06-04 04:25:00,41.9,76.946,0.0
2026-06-04 04:30:00,33.1,64.2902,0.0
2026-06-04 04:35:00,29.3,64.2902,0.0
2026-06-04 04:40:00,26.6,64.2902,0.0
2026-06-04 04:45:00,24.1,12.6398,11.4602
2026-06-04 04:50:00,9.7,32.6967,0.0
2026-06-04 04:55:00,100.5,91.2409,9.2591
2026-06-04 05:00:00,140.9,46.5191,94.3809
2026-06-04 05:05:00,48.7,25.4795,23.2205
2026-06-04 05:10:00,45.4,25.4795,19.9205
2026-06-04 05:15:00,44.0,25.4795,18.5205
2026-06-04 05:20:00,40.3,102.7778,0.0
2026-06-04 05:25:00,141.9,116.4187,25.4813
2026-06-04 05:30:00,139.0,116.4187,22.5813
2026-06-04 05:35:00,80.304,31.239,49.065
2026-06-04 05:40:00,20.374,15.5425,4.8315
2026-06-04 05:45:00,12.432,0.0,12.432
2026-06-04 05:50:00,13.386,0.0,13.386
2026-06-04 05:55:00,12.202,0.0,12.202
2026-06-04 06:00:00,14.482,6.4799,8.0021
2026-06-04 06:05:00,43.788,26.9996,16.7884
2026-06-04 06:10:00,42.534,39.6187,2.9153
2026-06-04 06:15:00,130.643,74.9202,55.7228
2026-06-04 06:20:00,131.125,74.9202,56.2048
2026-06-04 06:25:00,102.764,108.7404,0.0
2026-06-04 06:30:00,148.828,144.451,4.377
2026-06-04 06:35:00,170.699,145.5402,25.1588
2026-06-04 06:40:00,208.063,206.0596,2.0034
2026-06-04 06:45:00,250.474,216.6554,33.8186
2026-06-04 06:50:00,228.254,195.5159,32.7381
2026-06-04 06:55:00,307.532,244.3367,63.1953
2026-06-04 07:00:00,298.657,244.3367,54.3203
2026-06-04 07:05:00,266.926,253.7459,13.1801
2026-06-04 07:10:00,274.833,258.4986,16.3344
2026-06-04 07:15:00,222.722,248.3297,0.0
2026-06-04 07:20:00,239.107,213.4717,25.6353
2026-06-04 07:25:00,194.316,147.446,46.87
2026-06-04 07:30:00,179.085,188.016,0.0
2026-06-04 07:35:00,299.854,221.5587,78.2953
2026-06-04 07:40:00,325.822,313.0841,12.7379
2026-06-04 07:45:00,454.662,323.5189,131.1431
2026-06-04 07:50:00,364.701,347.0672,17.6338
2026-06-04 07:55:00,451.185,379.804,71.381
2026-06-04 08:00:00,335.834,348.2389,0.0
2026-06-04 08:05:00,340.457,310.2483,30.2087
2026-06-04 08:10:00,256.356,183.049,73.307
2026-06-04 08:15:00,267.789,191.2849,76.5041
2026-06-04 08:20:00,251.379,210.9757,40.4033
2026-06-04 08:25:00,389.52,278.6218,110.8982
2026-06-04 08:30:00,387.244,265.1946,122.0494
2026-06-04 08:35:00,383.925,247.4752,136.4498
2026-06-04 08:40:00,382.298,295.5273,86.7707
2026-06-04 08:45:00,407.601,271.4738,136.1272
2026-06-04 08:50:00,313.653,291.6004,22.0526
2026-06-04 08:55:00,377.826,312.0749,65.7511
2026-06-04 09:00:00,528.814,364.0472,164.7668
2026-06-04 09:05:00,462.859,331.2705,131.5885
2026-06-04 09:10:00,379.036,301.959,77.077
2026-06-04 09:15:00,290.874,264.9048,25.9692
2026-06-04 09:20:00,314.871,232.9693,81.9017
2026-06-04 09:25:00,241.416,253.3677,0.0
2026-06-04 09:30:00,202.12,155.0202,47.0998
2026-06-04 09:35:00,273.183,243.1691,30.0139
2026-06-04 09:40:00,377.453,279.9565,97.4965
2026-06-04 09:45:00,417.114,221.7477,195.3663
2026-06-04 09:50:00,273.808,172.9626,100.8454
2026-06-04 09:55:00,182.539,111.3577,71.1813
2026-06-04 10:00:00,198.456,211.5365,0.0
2026-06-04 10:05:00,328.423,204.8799,123.5431
2026-06-04 10:10:00,339.424,220.1101,119.3139
2026-06-04 10:15:00,300.312,220.1101,80.2019
2026-06-04 10:20:00,287.397,219.5258,67.8712
2026-06-04 10:25:00,308.866,243.8763,64.9897
2026-06-04 10:30:00,280.726,193.9101,86.8159
2026-06-04 10:35:00,301.119,200.2304,100.8886
2026-06-04 10:40:00,237.942,154.3454,83.5966
2026-06-04 10:45:00,232.477,118.688,113.789
2026-06-04 10:50:00,193.189,100.129,93.06
2026-06-04 10:55:00,237.659,153.0709,84.5881
2026-06-04 11:00:00,255.995,168.457,87.538
2026-06-04 11:05:00,292.216,196.6195,95.5965
2026-06-04 11:10:00,264.476,165.7563,98.7197
2026-06-04 11:15:00,232.038,104.0223,128.0157
2026-06-04 11:20:00,222.755,130.3377,92.4173
2026-06-04 11:25:00,221.677,201.6791,19.9979
2026-06-04 11:30:00,322.343,260.8674,61.4756
2026-06-04 11:35:00,400.542,253.6937,146.8483
2026-06-04 11:40:00,389.233,254.8859,134.3471
2026-06-04 11:45:00,374.372,251.7607,122.6113
2026-06-04 11:50:00,322.137,250.7289,71.4081
2026-06-04 11:55:00,352.173,257.7586,94.4144
2026-06-04 12:00:00,277.588,224.4331,53.1549
2026-06-04 12:05:00,357.256,297.7101,59.5459
2026-06-04 12:10:00,388.152,311.8675,76.2845
2026-06-04 12:15:00,436.575,314.0628,122.5122
2026-06-04 12:20:00,402.429,305.089,97.34
2026-06-04 12:25:00,378.037,289.943,88.094
2026-06-04 12:30:00,274.653,257.9843,16.6687
2026-06-04 12:35:00,277.194,231.6255,45.5685
2026-06-04 12:40:00,242.511,178.582,63.929
2026-06-04 12:45:00,315.348,180.3628,134.9852
2026-06-04 12:50:00,320.529,181.3348,139.1942
2026-06-04 12:55:00,265.802,165.7757,100.0263
2026-06-04 13:00:00,255.414,203.8102,51.6038
2026-06-04 13:05:00,299.271,255.0218,44.2492
2026-06-04 13:10:00,297.414,174.6076,122.8064
2026-06-04 13:15:00,259.52,187.795,71.725
2026-06-04 13:20:00,353.554,255.8917,97.6623
2026-06-04 13:25:00,343.316,280.6183,62.6977
2026-06-04 13:30:00,328.383,225.0455,103.3375
2026-06-04 13:35:00,261.298,208.9303,52.3677
2026-06-04 13:40:00,291.077,212.3303,78.7467
2026-06-04 13:45:00,310.941,228.5629,82.3781
2026-06-04 13:50:00,281.07,203.2595,77.8105
2026-06-04 13:55:00,296.208,172.7545,123.4535
2026-06-04 14:00:00,273.438,169.14,104.298
2026-06-04 14:05:00,249.834,150.6381,99.1959
2026-06-04 14:10:00,277.438,170.8845,106.5535
2026-06-04 14:15:00,239.263,185.4253,53.8377
2026-06-04 14:20:00,253.514,180.9591,72.5549
2026-06-04 14:25:00,233.861,160.0168,73.8442
2026-06-04 14:30:00,220.633,150.3118,70.3212
2026-06-04 14:35:00,176.901,218.0738,0.0
2026-06-04 14:40:00,256.288,148.3755,107.9125
2026-06-04 14:45:00,229.586,125.3887,104.1973
2026-06-04 14:50:00,246.762,145.5362,101.2258
2026-06-04 14:55:00,228.308,145.5362,82.7718
2026-06-04 15:00:00,220.588,145.5362,75.0518
2026-06-04 15:05:00,208.184,145.5362,62.6478
2026-06-04 15:10:00,191.638,180.7359,10.9021
2026-06-04 15:15:00,212.614,141.5335,71.0805
2026-06-04 15:20:00,169.262,136.01,33.252
2026-06-04 15:25:00,186.739,135.5021,51.2369
2026-06-04 15:30:00,176.117,134.6566,41.4604
2026-06-04 15:35:00,256.422,206.0212,50.4008
2026-06-04 15:40:00,276.635,227.1804,49.4546
2026-06-04 15:45:00,315.534,217.2104,98.3236
2026-06-04 15:50:00,351.308,228.69,122.618
2026-06-04 15:55:00,346.559,209.504,137.055
2026-06-04 16:00:00,290.728,232.3598,58.3682
2026-06-04 16:05:00,329.713,230.5634,99.1496
2026-06-04 16:10:00,256.034,152.1882,103.8458
2026-06-04 16:15:00,230.985,146.3826,84.6024
2026-06-04 16:20:00,211.69,160.7523,50.9377
2026-06-04 16:25:00,199.706,168.3492,31.3568
2026-06-04 16:30:00,249.744,179.6328,70.1112
2026-06-04 16:35:00,239.61,171.8746,67.7354
2026-06-04 16:40:00,246.573,169.4313,77.1417
2026-06-04 16:45:00,207.15,138.6827,68.4673
2026-06-04 16:50:00,183.107,93.6818,89.4252
2026-06-04 16:55:00,175.139,93.6818,81.4572
2026-06-04 17:00:00,173.652,118.7009,54.9511
2026-06-04 17:05:00,202.696,98.1914,104.5046
2026-06-04 17:10:00,169.76,83.2309,86.5291
2026-06-04 17:15:00,140.663,74.6792,65.9838
2026-06-04 17:20:00,244.977,158.8813,86.0957
2026-06-04 17:25:00,241.768,173.0255,68.7425
2026-06-04 17:30:00,263.117,172.2139,90.9031
2026-06-04 17:35:00,300.494,184.513,115.981
2026-06-04 17:40:00,161.331,67.9043,93.4267
2026-06-04 17:45:00,165.412,107.4293,57.9827
2026-06-04 17:50:00,232.461,239.1364,0.0
2026-06-04 17:55:00,356.399,262.6966,93.7024
2026-06-04 18:00:00,314.818,258.7878,56.0302
2026-06-04 18:05:00,274.798,206.8862,67.9118
2026-06-04 18:10:00,167.743,63.6216,104.1214
2026-06-04 18:15:00,87.449,60.0534,27.3956
2026-06-04 18:20:00,76.445,60.0534,16.3916
2026-06-04 18:25:00,73.81,60.0534,13.7566
2026-06-04 18:30:00,67.294,82.17,0.0
2026-06-04 18:35:00,181.676,122.3891,59.2869
2026-06-04 18:40:00,151.828,121.265,30.563
2026-06-04 18:45:00,129.214,94.2855,34.9285
2026-06-04 18:50:00,107.912,94.2855,13.6265
2026-06-04 18:55:00,102.467,101.6059,0.8611
2026-06-04 19:00:00,147.4,120.6981,26.7019
2026-06-04 19:05:00,203.8,167.8643,35.9357
2026-06-04 19:10:00,205.1,164.1451,40.9549
2026-06-04 19:15:00,204.6,176.1342,28.4658
2026-06-04 19:20:00,196.1,105.2377,90.8623
2026-06-04 19:25:00,114.8,84.9775,29.8225
2026-06-04 19:30:00,111.7,84.9775,26.7225
2026-06-04 19:35:00,113.1,84.9775,28.1225
2026-06-04 19:40:00,103.7,84.9775,18.7225
2026-06-04 19:45:00,100.5,84.9775,15.5225
2026-06-04 19:50:00,100.8,100.6797,0.1203
2026-06-04 19:55:00,107.1,83.6069,23.4931
2026-06-04 20:00:00,94.5,159.9478,0.0
2026-06-04 20:05:00,199.8,109.0416,90.7584
2026-06-04 20:10:00,143.1,109.7324,33.3676
2026-06-04 20:15:00,127.8,96.9634,30.8366
2026-06-04 20:20:00,120.9,74.9604,45.9396
2026-06-04 20:25:00,63.3,66.9593,0.0
2026-06-04 20:30:00,57.3,51.0194,6.2806
2026-06-04 20:35:00,28.2,13.7136,14.4864
2026-06-04 20:40:00,10.2,17.1729,0.0
2026-06-04 20:45:00,54.3,36.7991,17.5009
2026-06-04 20:50:00,54.6,40.5043,14.0957
2026-06-04 20:55:00,99.0,72.6558,26.3442
2026-06-04 21:00:00,100.5,72.6558,27.8442
2026-06-04 21:05:00,77.1,72.6558,4.4442
2026-06-04 21:10:00,78.3,60.1441,18.1559
2026-06-04 21:15:00,45.0,35.8566,9.1434
2026-06-04 21:20:00,43.2,3.1076,40.0924
2026-06-04 21:25:00,9.6,0.0,9.6
2026-06-04 21:30:00,9.3,0.0,9.3
2026-06-04 21:35:00,12.9,0.0,12.9
2026-06-04 21:40:00,9.3,0.0,9.3
2026-06-04 21:45:00,11.1,8.934,2.166
2026-06-04 21:50:00,45.9,25.285,20.615
2026-06-04 21:55:00,45.3,25.285,20.015
2026-06-04 22:00:00,45.0,25.285,19.715
2026-06-04 22:05:00,44.4,25.285,19.115
2026-06-04 22:10:00,43.5,25.285,18.215
2026-06-04 22:15:00,40.8,25.285,15.515
2026-06-04 22:20:00,39.9,25.285,14.615
2026-06-04 22:25:00,33.9,25.285,8.615
2026-06-04 22:30:00,27.9,25.285,2.615
2026-06-04 22:35:00,27.6,25.285,2.315
2026-06-04 22:40:00,22.8,25.285,0.0
2026-06-04 22:45:00,18.9,9.2712,9.6288
2026-06-04 22:50:00,9.0,28.2271,0.0
2026-06-04 22:55:00,106.2,91.1768,15.0232
2026-06-04 23:00:00,114.0,93.8023,20.1977
2026-06-04 23:05:00,109.2,84.3288,24.8712
2026-06-04 23:10:00,53.4,35.8015,17.5985
2026-06-04 23:15:00,39.3,35.8015,3.4985
2026-06-04 23:20:00,43.8,35.8015,7.9985
2026-06-04 23:25:00,39.9,15.0366,24.8634
2026-06-04 23:30:00,8.7,0.0,8.7
2026-06-04 23:35:00,9.9,1.396,8.504
2026-06-04 23:40:00,28.2,16.752,11.448
2026-06-04 23:45:00,28.2,20.1582,8.0418
2026-06-04 23:50:00,64.5,47.7174,16.7826
2026-06-04 23:55:00,61.8,64.4801,0.0
2026-06-05 00:00:00,146.9,181.7903,0.0
2026-06-05 00:05:00,482.2,288.8436,193.3564
2026-06-05 00:10:00,400.9,308.9752,91.9248
2026-06-05 00:15:00,363.5,315.4018,48.0982
2026-06-05 00:20:00,290.8,250.131,40.669
2026-06-05 00:25:00,191.5,213.6135,0.0
2026-06-05 00:30:00,146.4,179.414,0.0
2026-06-05 00:35:00,166.1,119.2143,46.8857
2026-06-05 00:40:00,179.5,135.5579,43.9421
2026-06-05 00:45:00,165.3,116.4041,48.8959
2026-06-05 00:50:00,108.0,78.1329,29.8671
2026-06-05 00:55:00,67.8,41.0129,26.7871
2026-06-05 01:00:00,44.1,41.0129,3.0871
2026-06-05 01:05:00,39.3,41.0129,0.0
2026-06-05 01:10:00,37.9,41.0129,0.0
2026-06-05 01:15:00,30.2,41.0129,0.0
2026-06-05 01:20:00,28.2,41.0129,0.0
2026-06-05 01:25:00,27.0,38.5522,0.0
2026-06-05 01:30:00,9.7,0.0,9.7
2026-06-05 01:35:00,8.9,11.2902,0.0
2026-06-05 01:40:00,84.6,30.514,54.086
2026-06-05 01:45:00,85.6,30.514,55.086
2026-06-05 01:50:00,85.2,30.514,54.686
2026-06-05 01:55:00,91.7,30.514,61.186
2026-06-05 02:00:00,71.0,30.514,40.486
2026-06-05 02:05:00,71.6,30.514,41.086
2026-06-05 02:10:00,61.5,30.514,30.986
2026-06-05 02:15:00,61.2,30.514,30.686
2026-06-05 02:20:00,34.7,59.8734,0.0
2026-06-05 02:25:00,102.7,96.8628,5.8372
2026-06-05 02:30:00,122.9,113.6487,9.2513
2026-06-05 02:35:00,162.1,143.2259,18.8741
2026-06-05 02:40:00,162.9,143.2259,19.6741
2026-06-05 02:45:00,163.6,165.2739,0.0
2026-06-05 02:50:00,234.0,174.5737,59.4263
2026-06-05 02:55:00,218.2,145.8704,72.3296
2026-06-05 03:00:00,170.8,125.368,45.432
2026-06-05 03:05:00,144.5,125.368,19.132
2026-06-05 03:10:00,105.6,125.368,0.0
2026-06-05 03:15:00,79.1,125.368,0.0
2026-06-05 03:20:00,75.4,125.368,0.0
2026-06-05 03:25:00,51.6,71.0928,0.0
2026-06-05 03:30:00,111.0,75.7453,35.2547
2026-06-05 03:35:00,92.7,75.7453,16.9547
2026-06-05 03:40:00,95.6,75.7453,19.8547
2026-06-05 03:45:00,74.4,75.7453,0.0
2026-06-05 03:50:00,71.5,61.9523,9.5477
2026-06-05 03:55:00,54.1,41.509,12.591
2026-06-05 04:00:00,28.0,22.7339,5.2661
2026-06-05 04:05:00,28.4,47.84,0.0
2026-06-05 04:10:00,74.7,56.0606,18.6394
2026-06-05 04:15:00,66.3,56.0606,10.2394
2026-06-05 04:20:00,63.0,56.0606,6.9394
2026-06-05 04:25:00,48.6,43.4812,5.1188
2026-06-05 04:30:00,15.0,2.555,12.445
2026-06-05 04:35:00,9.0,0.0,9.0
2026-06-05 04:40:00,9.4,0.0,9.4
2026-06-05 04:45:00,8.7,0.0,8.7
2026-06-05 04:50:00,8.3,0.0,8.3
2026-06-05 04:55:00,12.9,0.0,12.9
2026-06-05 05:00:00,9.7,36.533,0.0
2026-06-05 05:05:00,72.4,55.997,16.403
2026-06-05 05:10:00,167.5,102.915,64.585
2026-06-05 05:15:00,167.6,102.915,64.685
2026-06-05 05:20:00,136.0,102.915,33.085
2026-06-05 05:25:00,116.9,106.2734,10.6266
2026-06-05 05:30:00,166.4,141.666,24.734
2026-06-05 05:35:00,142.923,123.1412,19.7818
2026-06-05 05:40:00,126.681,89.7273,36.9537
2026-06-05 05:45:00,114.172,89.7273,24.4447
2026-06-05 05:50:00,83.998,63.5595,20.4385
2026-06-05 05:55:00,60.72,38.751,21.969
2026-06-05 06:00:00,59.362,38.751,20.611
2026-06-05 06:05:00,35.178,38.751,0.0
2026-06-05 06:10:00,36.319,38.751,0.0
2026-06-05 06:15:00,21.191,38.751,0.0
2026-06-05 06:20:00,21.17,69.0082,0.0
2026-06-05 06:25:00,94.424,115.2557,0.0
2026-06-05 06:30:00,205.148,152.5581,52.5899
2026-06-05 06:35:00,203.047,152.5581,50.4889
2026-06-05 06:40:00,194.737,186.5531,8.1839
2026-06-05 06:45:00,326.945,267.5416,59.4034
2026-06-05 06:50:00,412.506,326.3557,86.1503
2026-06-05 06:55:00,404.579,326.3557,78.2233
2026-06-05 07:00:00,350.178,340.1176,10.0604
2026-06-05 07:05:00,285.538,253.2752,32.2628
2026-06-05 07:10:00,213.685,229.9603,0.0
2026-06-05 07:15:00,219.239,196.1476,23.0914
2026-06-05 07:20:00,285.03,210.7214,74.3086
2026-06-05 07:25:00,257.807,196.133,61.674
2026-06-05 07:30:00,183.983,227.8758,0.0
2026-06-05 07:35:00,308.16,256.596,51.564
2026-06-05 07:40:00,268.255,195.3126,72.9424
2026-06-05 07:45:00,256.068,167.5309,88.5371
2026-06-05 07:50:00,230.087,167.5309,62.5561
2026-06-05 07:55:00,218.649,167.5309,51.1181
2026-06-05 08:00:00,231.3,136.4506,94.8494
2026-06-05 08:05:00,203.582,160.0319,43.5501
2026-06-05 08:10:00,262.19,243.0778,19.1122
2026-06-05 08:15:00,408.111,315.9351,92.1759
2026-06-05 08:20:00,379.945,312.4652,67.4798
2026-06-05 08:25:00,346.78,311.9857,34.7943
2026-06-05 08:30:00,280.842,253.4078,27.4342
2026-06-05 08:35:00,321.251,302.5705,18.6805
2026-06-05 08:40:00,368.776,328.5798,40.1962
2026-06-05 08:45:00,359.015,310.1593,48.8557
2026-06-05 08:50:00,272.1,270.2939,1.8061
2026-06-05 08:55:00,452.327,287.392,164.935
2026-06-05 09:00:00,399.26,281.4154,117.8446
2026-06-05 09:05:00,393.273,304.2011,89.0719
2026-06-05 09:10:00,326.55,250.6943,75.8557
2026-06-05 09:15:00,358.791,241.1547,117.6363
2026-06-05 09:20:00,368.455,221.4102,147.0448
2026-06-05 09:25:00,464.399,226.8744,237.5246
2026-06-05 09:30:00,373.353,205.2441,168.1089
2026-06-05 09:35:00,279.879,218.0178,61.8612
2026-06-05 09:40:00,432.638,330.599,102.039
2026-06-05 09:45:00,395.334,330.599,64.735
2026-06-05 09:50:00,396.536,330.599,65.937
2026-06-05 09:55:00,319.759,266.3328,53.4262
2026-06-05 10:00:00,270.416,190.5174,79.8986
2026-06-05 10:05:00,350.247,193.6551,156.5919
2026-06-05 10:10:00,304.271,187.4819,116.7891
2026-06-05 10:15:00,223.892,186.7053,37.1867
2026-06-05 10:20:00,299.11,241.7711,57.3389
2026-06-05 10:25:00,406.42,279.5838,126.8362
2026-06-05 10:30:00,396.275,319.9737,76.3013
2026-06-05 10:35:00,402.741,343.6925,59.0485
2026-06-05 10:40:00,386.24,296.733,89.507
2026-06-05 10:45:00,328.235,311.1249,17.1101
2026-06-05 10:50:00,460.703,252.095,208.608
2026-06-05 10:55:00,343.085,223.0976,119.9874
2026-06-05 11:00:00,390.145,261.1186,129.0264
2026-06-05 11:05:00,365.619,278.2635,87.3555
2026-06-05 11:10:00,339.127,265.3832,73.7438
2026-06-05 11:15:00,317.353,257.3596,59.9934
2026-06-05 11:20:00,323.46,253.3202,70.1398
2026-06-05 11:25:00,367.72,234.0548,133.6652
2026-06-05 11:30:00,330.913,250.4465,80.4665
2026-06-05 11:35:00,434.979,271.2481,163.7309
2026-06-05 11:40:00,288.135,265.9768,22.1582
2026-06-05 11:45:00,428.935,307.3147,121.6203
2026-06-05 11:50:00,442.55,345.4656,97.0844
2026-06-05 11:55:00,414.165,305.9708,108.1942
2026-06-05 12:00:00,389.568,298.7306,90.8374
2026-06-05 12:05:00,361.524,284.7743,76.7497
2026-06-05 12:10:00,370.487,324.7051,45.7819
2026-06-05 12:15:00,481.673,338.5379,143.1351
2026-06-05 12:20:00,407.6,267.731,139.869
2026-06-05 12:25:00,331.594,256.5334,75.0606
2026-06-05 12:30:00,325.33,281.423,43.907
2026-06-05 12:35:00,428.789,316.5736,112.2154
2026-06-05 12:40:00,349.777,340.1643,9.6127
2026-06-05 12:45:00,365.297,352.7682,12.5288
2026-06-05 12:50:00,461.538,316.7088,144.8292
2026-06-05 12:55:00,468.994,379.9758,89.0182
2026-06-05 13:00:00,544.687,410.2089,134.4781
2026-06-05 13:05:00,383.888,323.7565,60.1315
2026-06-05 13:10:00,396.872,298.9418,97.9302
2026-06-05 13:15:00,328.459,246.1964,82.2626
2026-06-05 13:20:00,410.079,306.9024,103.1766
2026-06-05 13:25:00,346.519,265.9428,80.5762
2026-06-05 13:30:00,387.684,244.1313,143.5527
2026-06-05 13:35:00,299.515,272.6739,26.8411
2026-06-05 13:40:00,363.955,320.3479,43.6071
2026-06-05 13:45:00,288.521,187.1663,101.3547
2026-06-05 13:50:00,235.268,109.7722,125.4958
2026-06-05 13:55:00,142.109,77.2457,64.8633
2026-06-05 14:00:00,120.962,75.9835,44.9785
2026-06-05 14:05:00,200.949,90.6782,110.2708
2026-06-05 14:10:00,255.014,138.7197,116.2943
2026-06-05 14:15:00,218.671,154.8718,63.7992
2026-06-05 14:20:00,233.474,140.6269,92.8471
2026-06-05 14:25:00,192.623,128.7032,63.9198
2026-06-05 14:30:00,292.632,192.302,100.33
2026-06-05 14:35:00,295.085,130.501,164.584
2026-06-05 14:40:00,159.314,107.7749,51.5391
2026-06-05 14:45:00,187.509,129.9509,57.5581
2026-06-05 14:50:00,146.625,98.9143,47.7107
2026-06-05 14:55:00,102.087,11.7335,90.3535
2026-06-05 15:00:00,51.694,0.0,51.694
2026-06-05 15:05:00,65.006,0.0,65.006
2026-06-05 15:10:00,51.548,3.0179,48.5301
2026-06-05 15:15:00,118.102,32.3342,85.7678
2026-06-05 15:20:00,104.797,32.3342,72.4628
2026-06-05 15:25:00,94.426,68.5451,25.8809
2026-06-05 15:30:00,125.865,59.7519,66.1131
2026-06-05 15:35:00,183.157,101.2541,81.9029
2026-06-05 15:40:00,182.913,101.2541,81.6589
2026-06-05 15:45:00,175.156,161.8051,13.3509
2026-06-05 15:50:00,274.852,153.725,121.127
2026-06-05 15:55:00,264.11,189.0581,75.0519
2026-06-05 16:00:00,233.032,218.896,14.136
2026-06-05 16:05:00,189.229,137.0032,52.2258
2026-06-05 16:10:00,173.315,105.7585,67.5565
2026-06-05 16:15:00,161.175,125.271,35.904
2026-06-05 16:20:00,238.91,108.6214,130.2886
2026-06-05 16:25:00,146.431,94.7547,51.6763
2026-06-05 16:30:00,131.453,72.4476,59.0054
2026-06-05 16:35:00,126.238,43.2321,83.0059
2026-06-05 16:40:00,107.979,40.4598,67.5192
2026-06-05 16:45:00,106.543,0.0,106.543
2026-06-05 16:50:00,67.523,21.2321,46.2909
2026-06-05 16:55:00,175.607,104.4201,71.1869
2026-06-05 17:00:00,174.036,103.1305,70.9055
2026-06-05 17:05:00,119.132,46.2192,72.9128
2026-06-05 17:10:00,127.875,50.8977,76.9773
2026-06-05 17:15:00,100.026,28.7604,71.2656
2026-06-05 17:20:00,59.488,0.0,59.488
2026-06-05 17:25:00,70.74,36.3342,34.4058
2026-06-05 17:30:00,207.962,84.1111,123.8509
2026-06-05 17:35:00,196.928,145.2806,51.6474
2026-06-05 17:40:00,384.485,258.8272,125.6578
2026-06-05 17:45:00,411.808,260.1193,151.6887
2026-06-05 17:50:00,341.369,174.102,167.267
2026-06-05 17:55:00,191.739,158.3293,33.4097
2026-06-05 18:00:00,179.089,191.1351,0.0
2026-06-05 18:05:00,172.303,193.8272,0.0
2026-06-05 18:10:00,147.477,179.1982,0.0
2026-06-05 18:15:00,94.734,69.9594,24.7746
2026-06-05 18:20:00,85.627,69.9594,15.6676
2026-06-05 18:25:00,87.553,41.0917,46.4613
2026-06-05 18:30:00,54.087,36.3923,17.6947
2026-06-05 18:35:00,51.434,36.3923,15.0417
2026-06-05 18:40:00,49.816,58.22,0.0
2026-06-05 18:45:00,112.283,104.6891,7.5939
2026-06-05 18:50:00,154.589,119.6806,34.9084
2026-06-05 18:55:00,155.879,119.6806,36.1984
2026-06-05 19:00:00,110.939,106.8439,4.0951
2026-06-05 19:05:00,53.44,25.7502,27.6898
2026-06-05 19:10:00,37.5,21.0079,16.4921
2026-06-05 19:15:00,38.1,16.4562,21.6438
2026-06-05 19:20:00,17.7,49.0069,0.0
2026-06-05 19:25:00,120.0,87.1152,32.8848
2026-06-05 19:30:00,120.9,87.1152,33.7848
2026-06-05 19:35:00,117.6,87.1152,30.4848
2026-06-05 19:40:00,97.8,77.9731,19.8269
2026-06-05 19:45:00,64.8,53.2556,11.5444
2026-06-05 19:50:00,59.4,47.575,11.825
2026-06-05 19:55:00,15.0,0.0,15.0
2026-06-05 20:00:00,12.6,0.0,12.6
2026-06-05 20:05:00,15.0,0.0,15.0
2026-06-05 20:10:00,14.4,0.0,14.4
2026-06-05 20:15:00,13.8,0.0461,13.7539
2026-06-05 20:20:00,13.2,13.8439,0.0
2026-06-05 20:25:00,26.1,13.8439,12.2561
2026-06-05 20:30:00,30.3,13.8439,16.4561
2026-06-05 20:35:00,29.7,13.8439,15.8561
2026-06-05 20:40:00,27.0,13.8439,13.1561
2026-06-05 20:45:00,27.3,17.7989,9.5011
2026-06-05 20:50:00,31.5,61.3037,0.0
2026-06-05 20:55:00,93.3,61.3037,31.9963
2026-06-05 21:00:00,85.5,61.3037,24.1963
2026-06-05 21:05:00,83.4,61.3037,22.0963
2026-06-05 21:10:00,72.3,73.0268,0.0
2026-06-05 21:15:00,66.9,115.5017,0.0
2026-06-05 21:20:00,147.0,124.9362,22.0638
2026-06-05 21:25:00,147.3,124.9362,22.3638
2026-06-05 21:30:00,147.6,13.9156,133.6844
2026-06-05 21:35:00,17.4,0.0,17.4
2026-06-05 21:40:00,11.7,0.0,11.7
2026-06-05 21:45:00,11.4,0.0,11.4
2026-06-05 21:50:00,9.9,35.5317,0.0
2026-06-05 21:55:00,56.4,37.0122,19.3878
2026-06-05 22:00:00,60.6,37.0122,23.5878
2026-06-05 22:05:00,56.1,37.0122,19.0878
2026-06-05 22:10:00,49.5,37.0122,12.4878
2026-06-05 22:15:00,49.8,63.3602,0.0
2026-06-05 22:20:00,94.8,67.1511,27.6489
2026-06-05 22:25:00,88.5,155.3505,0.0
2026-06-05 22:30:00,220.5,184.5561,35.9439
2026-06-05 22:35:00,219.3,145.2054,74.0946
2026-06-05 22:40:00,115.2,92.328,22.872
2026-06-05 22:45:00,89.1,75.0663,14.0337
2026-06-05 22:50:00,42.9,44.6128,0.0
2026-06-05 22:55:00,28.5,29.1531,0.0
2026-06-05 23:00:00,10.2,0.0,10.2
2026-06-05 23:05:00,13.5,0.0,13.5
2026-06-05 23:10:00,9.0,0.0,9.0
2026-06-05 23:15:00,8.7,0.0,8.7
2026-06-05 23:20:00,9.0,107.7596,0.0
2026-06-05 23:25:00,196.2,155.8436,40.3564
2026-06-05 23:30:00,199.5,155.8436,43.6564
2026-06-05 23:35:00,201.9,155.8436,46.0564
2026-06-05 23:40:00,206.7,123.6385,83.0615
2026-06-05 23:45:00,67.8,62.9443,4.8557
2026-06-05 23:50:00,48.6,62.9443,0.0
2026-06-05 23:55:00,32.4,44.6904,0.0
2026-06-06 00:00:00,10.8,117.0442,0.0
2026-06-06 00:05:00,383.9,293.5899,90.3101
2026-06-06 00:10:00,463.6,355.5592,108.0408
2026-06-06 00:15:00,442.9,385.5692,57.3308
2026-06-06 00:20:00,446.6,398.426,48.174
2026-06-06 00:25:00,439.8,365.6705,74.1295
2026-06-06 00:30:00,402.6,328.7169,73.8831
2026-06-06 00:35:00,247.4,286.4779,0.0
2026-06-06 00:40:00,215.4,204.6289,10.7711
2026-06-06 00:45:00,165.4,166.2702,0.0
2026-06-06 00:50:00,78.3,103.4576,0.0
2026-06-06 00:55:00,56.1,66.9626,0.0
2026-06-06 01:00:00,35.1,14.0387,21.0613
2026-06-06 01:05:00,9.9,0.0,9.9
2026-06-06 01:10:00,8.8,0.0,8.8
2026-06-06 01:15:00,8.9,0.0,8.9
2026-06-06 01:20:00,14.6,55.3596,0.0
2026-06-06 01:25:00,180.0,127.341,52.659
2026-06-06 01:30:00,181.3,127.341,53.959
2026-06-06 01:35:00,168.9,91.5625,77.3375
2026-06-06 01:40:00,63.6,57.0142,6.5858
2026-06-06 01:45:00,210.5,128.7419,81.7581
2026-06-06 01:50:00,188.0,128.7419,59.2581
2026-06-06 01:55:00,139.5,128.7419,10.7581
2026-06-06 02:00:00,125.7,128.7419,0.0
2026-06-06 02:05:00,100.2,128.7419,0.0
2026-06-06 02:10:00,95.5,128.7419,0.0
2026-06-06 02:15:00,84.6,69.6532,14.9468
2026-06-06 02:20:00,22.9,65.2953,0.0
2026-06-06 02:25:00,108.1,88.4879,19.6121
2026-06-06 02:30:00,134.7,82.7711,51.9289
2026-06-06 02:35:00,136.4,82.7711,53.6289
2026-06-06 02:40:00,135.9,82.7711,53.1289
2026-06-06 02:45:00,88.4,82.7711,5.6289
2026-06-06 02:50:00,84.5,82.7711,1.7289
2026-06-06 02:55:00,56.9,82.7711,0.0
2026-06-06 03:00:00,54.2,82.7711,0.0
2026-06-06 03:05:00,55.5,69.9245,0.0
2026-06-06 03:10:00,11.3,0.0,11.3
2026-06-06 03:15:00,11.7,78.4229,0.0
2026-06-06 03:20:00,143.7,88.6738,55.0262
2026-06-06 03:25:00,149.7,108.2119,41.4881
2026-06-06 03:30:00,191.6,157.9182,33.6818
2026-06-06 03:35:00,274.4,212.4569,61.9431
2026-06-06 03:40:00,222.4,220.4435,1.9565
2026-06-06 03:45:00,281.2,188.0486,93.1514
2026-06-06 03:50:00,202.2,106.0864,96.1136
2026-06-06 03:55:00,133.3,95.61,37.69
2026-06-06 04:00:00,106.3,95.61,10.69
2026-06-06 04:05:00,89.2,102.9393,0.0
2026-06-06 04:10:00,79.4,132.1114,0.0
2026-06-06 04:15:00,159.7,154.4862,5.2138
2026-06-06 04:20:00,141.8,154.4862,0.0
2026-06-06 04:25:00,127.4,89.286,38.114
2026-06-06 04:30:00,67.3,69.2548,0.0
2026-06-06 04:35:00,46.9,69.2548,0.0
2026-06-06 04:40:00,35.0,35.7033,0.0
2026-06-06 04:45:00,11.0,41.3652,0.0
2026-06-06 04:50:00,77.5,46.6524,30.8476
2026-06-06 04:55:00,72.3,46.6524,25.6476
2026-06-06 05:00:00,71.7,46.6524,25.0476
2026-06-06 05:05:00,72.3,46.6524,25.6476
2026-06-06 05:10:00,76.8,56.4422,20.3578
2026-06-06 05:15:00,111.0,73.5966,37.4034
2026-06-06 05:20:00,111.6,73.5966,38.0034
2026-06-06 05:25:00,108.4,96.5049,11.8951
2026-06-06 05:30:00,169.8,117.0933,52.7067
2026-06-06 05:35:00,136.2,117.0933,19.1067
2026-06-06 05:40:00,123.8,117.0933,6.7067
2026-06-06 05:45:00,116.341,117.0933,0.0
2026-06-06 05:50:00,92.13,107.234,0.0
2026-06-06 05:55:00,47.227,73.5966,0.0
2026-06-06 06:00:00,44.964,34.2531,10.7109
2026-06-06 06:05:00,19.743,48.8228,0.0
2026-06-06 06:10:00,84.605,65.3332,19.2718
2026-06-06 06:15:00,140.258,79.2152,61.0428
2026-06-06 06:20:00,100.967,79.2152,21.7518
2026-06-06 06:25:00,78.671,83.2829,0.0
2026-06-06 06:30:00,71.676,115.5497,0.0
2026-06-06 06:35:00,96.691,71.2148,25.4762
2026-06-06 06:40:00,91.176,101.3378,0.0
2026-06-06 06:45:00,133.664,103.7178,29.9462
2026-06-06 06:50:00,134.471,130.7682,3.7028
2026-06-06 06:55:00,232.821,183.65,49.171
2026-06-06 07:00:00,262.865,222.447,40.418
2026-06-06 07:05:00,241.805,225.2504,16.5546
2026-06-06 07:10:00,213.714,274.8161,0.0
2026-06-06 07:15:00,325.347,262.7615,62.5855
2026-06-06 07:20:00,308.573,268.2228,40.3502
2026-06-06 07:25:00,246.581,227.5468,19.0342
2026-06-06 07:30:00,123.508,154.7377,0.0
2026-06-06 07:35:00,254.989,173.1523,81.8367
2026-06-06 07:40:00,263.311,218.9872,44.3238
2026-06-06 07:45:00,345.982,274.7698,71.2122
2026-06-06 07:50:00,348.101,275.7825,72.3185
2026-06-06 07:55:00,269.997,217.6541,52.3429
2026-06-06 08:00:00,232.751,186.6099,46.1411
2026-06-06 08:05:00,204.573,143.7247,60.8483
2026-06-06 08:10:00,156.266,165.2869,0.0
2026-06-06 08:15:00,209.21,140.5802,68.6298
2026-06-06 08:20:00,195.067,166.1362,28.9308
2026-06-06 08:25:00,253.858,212.0612,41.7968
2026-06-06 08:30:00,333.175,221.1204,112.0546
2026-06-06 08:35:00,263.426,202.6853,60.7407
2026-06-06 08:40:00,281.081,207.0668,74.0142
2026-06-06 08:45:00,214.758,195.5479,19.2101
2026-06-06 08:50:00,143.637,141.3535,2.2835
2026-06-06 08:55:00,134.402,101.6383,32.7637
2026-06-06 09:00:00,136.959,94.2284,42.7306
2026-06-06 09:05:00,226.837,118.7552,108.0818
2026-06-06 09:10:00,213.621,105.4946,108.1264
2026-06-06 09:15:00,218.57,105.4946,113.0754
2026-06-06 09:20:00,220.536,174.168,46.368
2026-06-06 09:25:00,341.298,219.96,121.338
2026-06-06 09:30:00,318.615,219.96,98.655
2026-06-06 09:35:00,294.706,272.8061,21.8999
2026-06-06 09:40:00,375.003,304.2889,70.7141
2026-06-06 09:45:00,332.851,314.8316,18.0194
2026-06-06 09:50:00,301.326,248.7769,52.5491
2026-06-06 09:55:00,282.489,187.3208,95.1682
2026-06-06 10:00:00,120.008,40.5097,79.4983
2026-06-06 10:05:00,108.823,27.3882,81.4348
2026-06-06 10:10:00,109.801,91.592,18.209
2026-06-06 10:15:00,301.148,144.1221,157.0259
2026-06-06 10:20:00,261.895,143.7053,118.1897
2026-06-06 10:25:00,187.607,112.862,74.745
2026-06-06 10:30:00,143.186,121.149,22.037
2026-06-06 10:35:00,187.175,139.3126,47.8624
2026-06-06 10:40:00,205.773,126.2764,79.4966
2026-06-06 10:45:00,259.607,152.0526,107.5544
2026-06-06 10:50:00,210.298,152.461,57.837
2026-06-06 10:55:00,244.316,165.7897,78.5263
2026-06-06 11:00:00,277.516,157.5979,119.9181
2026-06-06 11:05:00,271.235,155.2173,116.0177
2026-06-06 11:10:00,161.359,128.8137,32.5453
2026-06-06 11:15:00,152.26,80.3262,71.9338
2026-06-06 11:20:00,179.391,107.2172,72.1738
2026-06-06 11:25:00,237.766,159.0707,78.6953
2026-06-06 11:30:00,283.216,198.856,84.36
2026-06-06 11:35:00,324.373,219.9875,104.3855
2026-06-06 11:40:00,323.236,216.5992,106.6368
2026-06-06 11:45:00,327.684,233.5895,94.0945
2026-06-06 11:50:00,357.866,320.6313,37.2347
2026-06-06 11:55:00,404.736,334.2088,70.5272
2026-06-06 12:00:00,384.874,374.059,10.815
2026-06-06 12:05:00,399.191,308.3241,90.8669
2026-06-06 12:10:00,354.966,266.4673,88.4987
2026-06-06 12:15:00,236.578,291.5476,0.0
2026-06-06 12:20:00,367.322,260.8808,106.4412
2026-06-06 12:25:00,300.736,217.9247,82.8113
2026-06-06 12:30:00,310.157,317.0743,0.0
2026-06-06 12:35:00,473.075,376.3605,96.7145
2026-06-06 12:40:00,490.167,409.0981,81.0689
2026-06-06 12:45:00,446.015,316.1701,129.8449
2026-06-06 12:50:00,266.584,237.5185,29.0655
2026-06-06 12:55:00,286.376,215.7153,70.6607
2026-06-06 13:00:00,318.836,228.3495,90.4865
2026-06-06 13:05:00,321.535,255.9996,65.5354
2026-06-06 13:10:00,364.456,251.0273,113.4287
2026-06-06 13:15:00,334.827,218.2561,116.5709
2026-06-06 13:20:00,312.635,242.1696,70.4654
2026-06-06 13:25:00,418.388,263.5409,154.8471
2026-06-06 13:30:00,349.206,263.5409,85.6651
2026-06-06 13:35:00,314.971,240.6232,74.3478
2026-06-06 13:40:00,200.888,152.3868,48.5012
2026-06-06 13:45:00,296.039,188.5917,107.4473
2026-06-06 13:50:00,228.774,180.7109,48.0631
2026-06-06 13:55:00,263.816,199.3794,64.4366
2026-06-06 14:00:00,172.794,93.3005,79.4935
2026-06-06 14:05:00,145.848,106.2621,39.5859
2026-06-06 14:10:00,169.3,99.4831,69.8169
2026-06-06 14:15:00,149.285,90.1524,59.1326
2026-06-06 14:20:00,142.589,90.1524,52.4366
2026-06-06 14:25:00,128.665,77.0328,51.6322
2026-06-06 14:30:00,114.206,51.8525,62.3535
2026-06-06 14:35:00,103.105,25.9395,77.1655
2026-06-06 14:40:00,62.815,0.0,62.815
2026-06-06 14:45:00,57.407,0.0,57.407
2026-06-06 14:50:00,59.475,0.0,59.475
2026-06-06 14:55:00,69.287,31.4122,37.8748
2026-06-06 15:00:00,208.002,139.5275,68.4745
2026-06-06 15:05:00,248.595,197.511,51.084
2026-06-06 15:10:00,325.962,187.608,138.354
2026-06-06 15:15:00,181.155,128.2798,52.8752
2026-06-06 15:20:00,199.192,129.6338,69.5582
2026-06-06 15:25:00,205.384,129.6338,75.7502
2026-06-06 15:30:00,194.891,129.6338,65.2572
2026-06-06 15:35:00,174.981,84.3374,90.6436
2026-06-06 15:40:00,225.462,149.699,75.763
2026-06-06 15:45:00,295.793,223.9371,71.8559
2026-06-06 15:50:00,363.33,272.9836,90.3464
2026-06-06 15:55:00,211.514,129.4892,82.0248
2026-06-06 16:00:00,85.175,121.0736,0.0
2026-06-06 16:05:00,221.438,138.9064,82.5316
2026-06-06 16:10:00,229.042,149.9009,79.1411
2026-06-06 16:15:00,269.295,214.8246,54.4704
2026-06-06 16:20:00,258.538,224.9893,33.5487
2026-06-06 16:25:00,223.285,168.0076,55.2774
2026-06-06 16:30:00,150.79,106.1762,44.6138
2026-06-06 16:35:00,148.254,95.4544,52.7996
2026-06-06 16:40:00,133.34,59.9126,73.4274
2026-06-06 16:45:00,119.059,73.9522,45.1068
2026-06-06 16:50:00,149.003,108.9697,40.0333
2026-06-06 16:55:00,215.943,178.8609,37.0821
2026-06-06 17:00:00,260.207,178.8609,81.3461
2026-06-06 17:05:00,219.965,221.245,0.0
2026-06-06 17:10:00,301.787,250.4204,51.3666
2026-06-06 17:15:00,292.308,237.5756,54.7324
2026-06-06 17:20:00,270.664,201.4341,69.2299
2026-06-06 17:25:00,299.805,148.4247,151.3803
2026-06-06 17:30:00,244.625,138.8234,105.8016
2026-06-06 17:35:00,178.941,103.2672,75.6738
2026-06-06 17:40:00,155.458,112.6747,42.7833
2026-06-06 17:45:00,187.732,107.7945,79.9375
2026-06-06 17:50:00,180.433,107.6016,72.8314
2026-06-06 17:55:00,169.333,141.8262,27.5068
2026-06-06 18:00:00,177.59,122.1424,55.4476
2026-06-06 18:05:00,149.929,122.1424,27.7866
2026-06-06 18:10:00,142.065,99.9821,42.0829
2026-06-06 18:15:00,92.35,42.2159,50.1341
2026-06-06 18:20:00,55.084,39.3294,15.7546
2026-06-06 18:25:00,54.264,97.9164,0.0
2026-06-06 18:30:00,196.091,172.7746,23.3164
2026-06-06 18:35:00,177.018,118.4816,58.5364
2026-06-06 18:40:00,80.234,84.7319,0.0
2026-06-06 18:45:00,68.116,84.7319,0.0
2026-06-06 18:50:00,70.879,84.7319,0.0
2026-06-06 18:55:00,67.531,1.9568,65.5742
2026-06-06 19:00:00,12.3,26.6487,0.0
2026-06-06 19:05:00,75.9,49.6559,26.2441
2026-06-06 19:10:00,76.5,49.6559,26.8441
2026-06-06 19:15:00,77.7,49.6559,28.0441
2026-06-06 19:20:00,77.4,73.5212,3.8788
2026-06-06 19:25:00,114.9,110.3715,4.5285
2026-06-06 19:30:00,136.2,122.0127,14.1873
2026-06-06 19:35:00,138.0,99.7742,38.2258
2026-06-06 19:40:00,132.3,108.749,23.551
2026-06-06 19:45:00,121.8,100.2342,21.5658
2026-06-06 19:50:00,91.8,103.8548,0.0
2026-06-06 19:55:00,132.3,95.4027,36.8973
2026-06-06 20:00:00,97.2,76.2431,20.9569
2026-06-06 20:05:00,91.2,73.453,17.747
2026-06-06 20:10:00,53.7,78.6804,0.0
2026-06-06 20:15:00,155.4,117.1591,38.2409
2026-06-06 20:20:00,103.5,120.0798,0.0
2026-06-06 20:25:00,75.3,50.7463,24.5537
2026-06-06 20:30:00,74.7,50.7463,23.9537
2026-06-06 20:35:00,74.7,65.9309,8.7691
2026-06-06 20:40:00,97.2,78.1884,19.0116
2026-06-06 20:45:00,91.2,78.1884,13.0116
2026-06-06 20:50:00,90.6,78.1884,12.4116
2026-06-06 20:55:00,80.7,31.3327,49.3673
2026-06-06 21:00:00,49.2,44.3933,4.8067
2026-06-06 21:05:00,151.2,123.3921,27.8079
2026-06-06 21:10:00,151.8,123.3921,28.4079
2026-06-06 21:15:00,149.1,123.3921,25.7079
2026-06-06 21:20:00,137.4,123.3921,14.0079
2026-06-06 21:25:00,117.3,33.8388,83.4612
2026-06-06 21:30:00,32.1,197.9279,0.0
2026-06-06 21:35:00,234.6,212.0838,22.5162
2026-06-06 21:40:00,242.1,212.0838,30.0162
2026-06-06 21:45:00,210.3,164.0769,46.2231
2026-06-06 21:50:00,19.8,7.3179,12.4821
2026-06-06 21:55:00,8.1,0.0,8.1
2026-06-06 22:00:00,9.0,0.0,9.0
2026-06-06 22:05:00,9.0,0.0,9.0
2026-06-06 22:10:00,12.0,0.0,12.0
2026-06-06 22:15:00,8.1,0.0,8.1
2026-06-06 22:20:00,7.2,14.2509,0.0
2026-06-06 22:25:00,84.3,32.8868,51.4132
2026-06-06 22:30:00,77.7,32.8868,44.8132
2026-06-06 22:35:00,66.9,32.8868,34.0132
2026-06-06 22:40:00,57.3,32.8868,24.4132
2026-06-06 22:45:00,49.2,32.8868,16.3132
2026-06-06 22:50:00,36.9,32.8868,4.0132
2026-06-06 22:55:00,37.2,32.8868,4.3132
2026-06-06 23:00:00,24.3,32.8868,0.0
2026-06-06 23:05:00,23.4,32.8868,0.0
2026-06-06 23:10:00,15.3,32.8868,0.0
2026-06-06 23:15:00,14.4,32.8868,0.0
2026-06-06 23:20:00,13.8,13.1547,0.6453
2026-06-06 23:25:00,5.3,29.5748,0.0
2026-06-06 23:30:00,61.2,42.4519,18.7481
2026-06-06 23:35:00,61.2,42.4519,18.7481
2026-06-06 23:40:00,65.4,42.4519,22.9481
2026-06-06 23:45:00,51.9,60.8276,0.0
2026-06-06 23:50:00,195.6,108.8699,86.7301
2026-06-06 23:55:00,201.0,117.0242,83.9758
2026-06-07 00:00:00,242.3,243.2425,0.0
2026-06-07 00:05:00,313.2,295.4186,17.7814
2026-06-07 00:10:00,391.1,284.4929,106.6071
2026-06-07 00:15:00,338.4,283.9269,54.4731
2026-06-07 00:20:00,332.5,283.9269,48.5731
2026-06-07 00:25:00,251.8,283.9269,0.0
2026-06-07 00:30:00,131.4,258.2261,0.0
2026-06-07 00:35:00,178.7,160.89,17.81
2026-06-07 00:40:00,149.8,104.3278,45.4722
2026-06-07 00:45:00,116.1,72.0313,44.0687
2026-06-07 00:50:00,75.4,72.0313,3.3687
2026-06-07 00:55:00,59.3,72.0313,0.0
2026-06-07 01:00:00,18.6,25.6912,0.0
2026-06-07 01:05:00,6.5,0.0,6.5
2026-06-07 01:10:00,6.6,0.0,6.6
2026-06-07 01:15:00,193.9,0.0,193.9
2026-06-07 01:20:00,191.9,0.0,191.9
2026-06-07 01:25:00,174.3,71.349,102.951
2026-06-07 01:30:00,221.1,128.88,92.22
2026-06-07 01:35:00,199.8,153.685,46.115
2026-06-07 01:40:00,185.2,153.685,31.515
2026-06-07 01:45:00,166.2,153.685,12.515
2026-06-07 01:50:00,146.1,153.01,0.0
2026-06-07 01:55:00,88.4,122.978,0.0
2026-06-07 02:00:00,67.4,90.5394,0.0
2026-06-07 02:05:00,116.5,104.2305,12.2695
2026-06-07 02:10:00,156.9,122.7549,34.1451
2026-06-07 02:15:00,104.5,79.4067,25.0933
2026-06-07 02:20:00,90.7,75.4937,15.2063
2026-06-07 02:25:00,90.3,75.4937,14.8063
2026-06-07 02:30:00,90.7,75.4937,15.2063
2026-06-07 02:35:00,90.7,97.383,0.0
2026-06-07 02:40:00,124.3,110.2705,14.0295
2026-06-07 02:45:00,125.8,140.4241,0.0
2026-06-07 02:50:00,204.9,125.5918,79.3082
2026-06-07 02:55:00,179.1,108.2506,70.8494
2026-06-07 03:00:00,118.8,75.2239,43.5761
2026-06-07 03:05:00,104.6,75.2239,29.3761
2026-06-07 03:10:00,90.9,75.2239,15.6761
2026-06-07 03:15:00,76.1,75.2239,0.8761
2026-06-07 03:20:00,60.1,53.9978,6.1022
2026-06-07 03:25:00,40.4,50.3496,0.0
2026-06-07 03:30:00,40.4,124.0992,0.0
2026-06-07 03:35:00,171.5,94.2176,77.2824
2026-06-07 03:40:00,60.9,51.2055,9.6945
2026-06-07 03:45:00,44.4,51.2055,0.0
2026-06-07 03:50:00,39.9,84.7358,0.0
2026-06-07 03:55:00,133.6,77.732,55.868
2026-06-07 04:00:00,78.1,143.2624,0.0
2026-06-07 04:05:00,186.8,185.1415,1.6585
2026-06-07 04:10:00,237.9,169.1194,68.7806
2026-06-07 04:15:00,161.2,153.5374,7.6626
2026-06-07 04:20:00,71.0,43.7272,27.2728
2026-06-07 04:25:00,13.8,3.4692,10.3308
2026-06-07 04:30:00,9.8,0.0,9.8
2026-06-07 04:35:00,7.5,49.4016,0.0
2026-06-07 04:40:00,71.6,50.9295,20.6705
2026-06-07 04:45:00,71.7,50.9295,20.7705
2026-06-07 04:50:00,59.9,50.9295,8.9705
2026-06-07 04:55:00,57.4,50.9295,6.4705
2026-06-07 05:00:00,58.0,50.9295,7.0705
2026-06-07 05:05:00,52.0,50.9295,1.0705
2026-06-07 05:10:00,50.8,36.3297,14.4703
2026-06-07 05:15:00,5.4,0.0,5.4
2026-06-07 05:20:00,5.6,0.0,5.6
2026-06-07 05:25:00,5.4,0.0,5.4
2026-06-07 05:30:00,5.7,0.0,5.7
2026-06-07 05:35:00,4.8,0.0,4.8
2026-06-07 05:40:00,7.5,39.669,0.0
2026-06-07 05:45:00,68.602,86.4281,0.0
2026-06-07 05:50:00,177.078,139.1641,37.9139
2026-06-07 05:55:00,210.758,135.5038,75.2542
2026-06-07 06:00:00,170.451,116.8773,53.5737
2026-06-07 06:05:00,166.527,166.787,0.0
2026-06-07 06:10:00,228.699,171.523,57.176
2026-06-07 06:15:00,213.826,171.523,42.303
2026-06-07 06:20:00,205.265,171.523,33.742
2026-06-07 06:25:00,156.392,151.8505,4.5415
2026-06-07 06:30:00,95.668,97.3876,0.0
2026-06-07 06:35:00,67.275,97.3749,0.0
2026-06-07 06:40:00,110.106,110.3374,0.0
2026-06-07 06:45:00,92.759,81.3776,11.3814
2026-06-07 06:50:00,76.867,86.5869,0.0
2026-06-07 06:55:00,115.792,107.7979,7.9941
2026-06-07 07:00:00,177.391,199.5773,0.0
2026-06-07 07:05:00,279.049,201.3461,77.7029
2026-06-07 07:10:00,223.78,204.0648,19.7152
2026-06-07 07:15:00,203.345,204.0659,0.0
2026-06-07 07:20:00,185.196,160.2485,24.9475
2026-06-07 07:25:00,123.042,130.5677,0.0
2026-06-07 07:30:00,290.569,260.0483,30.5207
2026-06-07 07:35:00,329.462,297.2424,32.2196
2026-06-07 07:40:00,458.588,319.0979,139.4901
2026-06-07 07:45:00,391.733,276.595,115.138
2026-06-07 07:50:00,452.635,362.9314,89.7036
2026-06-07 07:55:00,471.071,413.6505,57.4205
2026-06-07 08:00:00,494.674,417.4767,77.1973
2026-06-07 08:05:00,321.612,225.9668,95.6452
2026-06-07 08:10:00,191.86,165.6503,26.2097
2026-06-07 08:15:00,204.897,181.2851,23.6119
2026-06-07 08:20:00,307.08,190.7035,116.3765
2026-06-07 08:25:00,286.16,180.7907,105.3693
2026-06-07 08:30:00,415.189,252.4973,162.6917
2026-06-07 08:35:00,323.143,267.6059,55.5371
2026-06-07 08:40:00,315.337,266.8952,48.4418
2026-06-07 08:45:00,205.642,254.1131,0.0
2026-06-07 08:50:00,306.112,242.5628,63.5492
2026-06-07 08:55:00,255.388,175.7989,79.5891
2026-06-07 09:00:00,279.032,220.9739,58.0581
2026-06-07 09:05:00,270.332,201.8843,68.4477
2026-06-07 09:10:00,216.657,210.9159,5.7411
2026-06-07 09:15:00,240.827,204.6147,36.2123
2026-06-07 09:20:00,316.194,228.8007,87.3933
2026-06-07 09:25:00,294.017,210.0108,84.0062
2026-06-07 09:30:00,313.345,199.6359,113.7091
2026-06-07 09:35:00,293.22,237.4512,55.7688
2026-06-07 09:40:00,245.831,167.6531,78.1779
2026-06-07 09:45:00,179.928,131.7778,48.1502
2026-06-07 09:50:00,165.724,113.1784,52.5456
2026-06-07 09:55:00,163.839,123.4045,40.4345
2026-06-07 10:00:00,183.791,156.097,27.694
2026-06-07 10:05:00,379.914,231.7172,148.1968
2026-06-07 10:10:00,306.728,166.4542,140.2738
2026-06-07 10:15:00,267.875,168.1399,99.7351
2026-06-07 10:20:00,214.96,148.9099,66.0501
2026-06-07 10:25:00,163.52,112.5665,50.9535
2026-06-07 10:30:00,161.76,112.5665,49.1935
2026-06-07 10:35:00,169.406,80.9028,88.5032
2026-06-07 10:40:00,172.167,76.0699,96.0971
2026-06-07 10:45:00,136.603,115.4184,21.1846
2026-06-07 10:50:00,222.333,145.6941,76.6389
2026-06-07 10:55:00,201.743,173.6947,28.0483
2026-06-07 11:00:00,280.384,174.7686,105.6154
2026-06-07 11:05:00,185.822,103.4593,82.3627
2026-06-07 11:10:00,172.864,144.142,28.722
2026-06-07 11:15:00,235.755,153.6035,82.1515
2026-06-07 11:20:00,284.423,211.1536,73.2694
2026-06-07 11:25:00,308.233,239.3703,68.8627
2026-06-07 11:30:00,301.806,228.2028,73.6032
2026-06-07 11:35:00,276.711,196.5062,80.2048
2026-06-07 11:40:00,256.846,210.5599,46.2861
2026-06-07 11:45:00,240.454,176.7825,63.6715
2026-06-07 11:50:00,238.74,136.9786,101.7614
2026-06-07 11:55:00,173.716,138.1348,35.5812
2026-06-07 12:00:00,219.559,242.3268,0.0
2026-06-07 12:05:00,385.456,318.0936,67.3624
2026-06-07 12:10:00,453.221,337.6032,115.6178
2026-06-07 12:15:00,439.133,337.6032,101.5298
2026-06-07 12:20:00,398.004,252.2187,145.7853
2026-06-07 12:25:00,268.254,218.0271,50.2269
2026-06-07 12:30:00,228.756,171.938,56.818
2026-06-07 12:35:00,195.653,140.5004,55.1526
2026-06-07 12:40:00,233.745,173.7028,60.0422
2026-06-07 12:45:00,301.634,195.3781,106.2559
2026-06-07 12:50:00,294.551,192.8348,101.7162
2026-06-07 12:55:00,274.332,199.235,75.097
2026-06-07 13:00:00,363.59,234.6068,128.9832
2026-06-07 13:05:00,339.967,261.893,78.074
2026-06-07 13:10:00,228.778,132.5955,96.1825
2026-06-07 13:15:00,167.841,118.4441,49.3969
2026-06-07 13:20:00,229.14,121.2354,107.9046
2026-06-07 13:25:00,154.978,58.3814,96.5966
2026-06-07 13:30:00,120.023,58.3814,61.6416
2026-06-07 13:35:00,102.131,87.9461,14.1849
2026-06-07 13:40:00,114.958,43.5019,71.4561
2026-06-07 13:45:00,102.184,35.9323,66.2517
2026-06-07 13:50:00,106.054,35.9323,70.1217
2026-06-07 13:55:00,100.846,35.9323,64.9137
2026-06-07 14:00:00,104.265,35.9323,68.3327
2026-06-07 14:05:00,89.542,25.5119,64.0301
2026-06-07 14:10:00,59.021,0.0,59.021
2026-06-07 14:15:00,70.215,0.0,70.215
2026-06-07 14:20:00,69.607,0.0,69.607
2026-06-07 14:25:00,58.741,0.0,58.741
2026-06-07 14:30:00,64.537,0.0,64.537
2026-06-07 14:35:00,58.585,23.9398,34.6452
2026-06-07 14:40:00,162.379,113.4532,48.9258
2026-06-07 14:45:00,194.113,113.4532,80.6598
2026-06-07 14:50:00,194.254,71.7618,122.4922
2026-06-07 14:55:00,104.372,27.1951,77.1769
2026-06-07 15:00:00,86.036,27.1951,58.8409
2026-06-07 15:05:00,88.492,27.1951,61.2969
2026-06-07 15:10:00,87.708,67.1797,20.5283
2026-06-07 15:15:00,134.919,75.5636,59.3554
2026-06-07 15:20:00,135.877,75.5636,60.3134
2026-06-07 15:25:00,135.642,75.5636,60.0784
2026-06-07 15:30:00,113.229,46.3813,66.8477
2026-06-07 15:35:00,76.834,5.711,71.123
2026-06-07 15:40:00,58.128,0.0,58.128
2026-06-07 15:45:00,67.559,8.4544,59.1046
2026-06-07 15:50:00,98.574,34.744,63.83
2026-06-07 15:55:00,99.56,13.8976,85.6624
2026-06-07 16:00:00,48.603,0.0,48.603
2026-06-07 16:05:00,50.577,0.0,50.577
2026-06-07 16:10:00,47.45,0.0,47.45
2026-06-07 16:15:00,61.38,0.0,61.38
2026-06-07 16:20:00,71.492,0.0,71.492
2026-06-07 16:25:00,59.892,0.0,59.892
2026-06-07 16:30:00,71.784,55.0796,16.7044
2026-06-07 16:35:00,199.4,133.1869,66.2131
2026-06-07 16:40:00,260.665,142.0024,118.6626
2026-06-07 16:45:00,237.623,124.3917,113.2313
2026-06-07 16:50:00,119.494,70.4796,49.0144
2026-06-07 16:55:00,128.913,70.4796,58.4334
2026-06-07 17:00:00,124.699,93.6683,31.0307
2026-06-07 17:05:00,176.916,144.7899,32.1261
2026-06-07 17:10:00,209.952,145.622,64.33
2026-06-07 17:15:00,153.612,117.7078,35.9042
2026-06-07 17:20:00,238.871,175.4755,63.3955
2026-06-07 17:25:00,265.892,166.1976,99.6944
2026-06-07 17:30:00,220.957,153.5016,67.4554
2026-06-07 17:35:00,208.663,183.1256,25.5374
2026-06-07 17:40:00,219.064,144.0561,75.0079
2026-06-07 17:45:00,173.331,108.2143,65.1167
2026-06-07 17:50:00,118.685,98.1833,20.5017
2026-06-07 17:55:00,123.316,70.1847,53.1313
2026-06-07 18:00:00,90.235,70.1847,20.0503
2026-06-07 18:05:00,86.779,70.1847,16.5943
2026-06-07 18:10:00,87.941,42.0931,45.8479
2026-06-07 18:15:00,44.127,36.0867,8.0403
2026-06-07 18:20:00,82.073,64.1434,17.9296
2026-06-07 18:25:00,51.574,37.3055,14.2685
2026-06-07 18:30:00,56.922,35.1915,21.7305
2026-06-07 18:35:00,15.587,0.0,15.587
2026-06-07 18:40:00,19.017,0.0,19.017
2026-06-07 18:45:00,15.461,10.3964,5.0646
2026-06-07 18:50:00,89.723,80.2073,9.5157
2026-06-07 18:55:00,105.064,80.2073,24.8567
2026-06-07 19:00:00,102.042,80.776,21.266
2026-06-07 19:05:00,106.7,79.396,27.304
2026-06-07 19:10:00,131.0,97.049,33.951
2026-06-07 19:15:00,137.5,97.049,40.451
2026-06-07 19:20:00,117.5,97.049,20.451
2026-06-07 19:25:00,120.0,88.8094,31.1906
2026-06-07 19:30:00,69.8,49.5132,20.2868
2026-06-07 19:35:00,67.5,50.4531,17.0469
2026-06-07 19:40:00,82.0,84.7614,0.0
2026-06-07 19:45:00,99.4,58.1893,41.2107
2026-06-07 19:50:00,52.3,125.0406,0.0
2026-06-07 19:55:00,265.8,183.7962,82.0038
2026-06-07 20:00:00,160.7,124.078,36.622
2026-06-07 20:05:00,179.5,127.1484,52.3516
2026-06-07 20:10:00,130.7,107.4094,23.2906
2026-06-07 20:15:00,93.9,76.6494,17.2506
2026-06-07 20:20:00,40.1,23.5185,16.5815
2026-06-07 20:25:00,42.1,28.73,13.37
2026-06-07 20:30:00,73.4,48.335,25.065
2026-06-07 20:35:00,73.2,93.5114,0.0
2026-06-07 20:40:00,146.3,104.3516,41.9484
2026-06-07 20:45:00,97.2,82.2441,14.9559
2026-06-07 20:50:00,96.0,66.8604,29.1396
2026-06-07 20:55:00,91.8,62.1344,29.6656
2026-06-07 21:00:00,96.9,62.1344,34.7656
2026-06-07 21:05:00,92.0,62.1344,29.8656
2026-06-07 21:10:00,84.3,62.1344,22.1656
2026-06-07 21:15:00,85.6,62.1344,23.4656
2026-06-07 21:20:00,80.3,62.1344,18.1656
2026-06-07 21:25:00,72.3,62.1344,10.1656
2026-06-07 21:30:00,68.4,62.1344,6.2656
2026-06-07 21:35:00,64.9,62.1344,2.7656
2026-06-07 21:40:00,59.4,56.0391,3.3609
2026-06-07 21:45:00,19.8,51.7465,0.0
2026-06-07 21:50:00,48.3,28.0483,20.2517
2026-06-07 21:55:00,36.6,47.928,0.0
2026-06-07 22:00:00,106.5,90.9168,15.5832
2026-06-07 22:05:00,108.0,46.4307,61.5693
2026-06-07 22:10:00,11.1,0.0,11.1
2026-06-07 22:15:00,8.4,0.0,8.4
2026-06-07 22:20:00,8.1,0.0,8.1
2026-06-07 22:25:00,8.1,0.0,8.1
2026-06-07 22:30:00,8.1,0.0,8.1
2026-06-07 22:35:00,7.2,0.0,7.2
2026-06-07 22:40:00,7.2,0.0,7.2
2026-06-07 22:45:00,6.9,0.0,6.9
2026-06-07 22:50:00,7.8,111.0683,0.0
2026-06-07 22:55:00,163.2,140.002,23.198
2026-06-07 23:00:00,165.3,23.3337,141.9663
2026-06-07 23:05:00,6.3,0.0,6.3
2026-06-07 23:10:00,11.4,0.0,11.4
2026-06-07 23:15:00,7.5,0.0,7.5
2026-06-07 23:20:00,7.8,0.0,7.8
2026-06-07 23:25:00,7.2,17.5675,0.0
2026-06-07 23:30:00,76.8,41.8274,34.9726
2026-06-07 23:35:00,80.4,41.8274,38.5726
2026-06-07 23:40:00,77.7,41.8274,35.8726
2026-06-07 23:45:00,58.2,41.8274,16.3726
2026-06-07 23:50:00,53.1,41.8274,11.2726
2026-06-07 23:55:00,53.4,41.8274,11.5726
2026-06-08 00:00:00,36.1,221.8748,0.0
2026-06-08 00:05:00,422.0,317.8445,104.1555
2026-06-08 00:10:00,447.0,331.1264,115.8736
2026-06-08 00:15:00,447.3,335.1723,112.1277
2026-06-08 00:20:00,426.6,337.2623,89.3377
2026-06-08 00:25:00,345.6,342.2551,3.3449
2026-06-08 00:30:00,236.6,261.9541,0.0
2026-06-08 00:35:00,128.6,182.6299,0.0
2026-06-08 00:40:00,117.4,99.17,18.23
2026-06-08 00:45:00,100.0,136.5127,0.0
2026-06-08 00:50:00,382.8,302.9798,79.8202
2026-06-08 00:55:00,386.0,302.9798,83.0202
2026-06-08 01:00:00,280.5,255.6858,24.8142
2026-06-08 01:05:00,158.9,127.6627,31.2373
2026-06-08 01:10:00,105.8,87.4776,18.3224
2026-06-08 01:15:00,55.0,121.4923,0.0
2026-06-08 01:20:00,160.3,164.634,0.0
2026-06-08 01:25:00,239.6,142.464,97.136
2026-06-08 01:30:00,168.0,139.828,28.172
2026-06-08 01:35:00,162.6,44.1307,118.4693
2026-06-08 01:40:00,41.1,42.5087,0.0
2026-06-08 01:45:00,40.6,57.6249,0.0
2026-06-08 01:50:00,118.6,72.3433,46.2567
2026-06-08 01:55:00,124.9,65.6836,59.2164
2026-06-08 02:00:00,72.3,29.8346,42.4654
2026-06-08 02:05:00,51.6,29.8346,21.7654
2026-06-08 02:10:00,41.0,29.8346,11.1654
2026-06-08 02:15:00,30.6,53.9864,0.0
2026-06-08 02:20:00,82.5,54.0672,28.4328
2026-06-08 02:25:00,50.7,54.0672,0.0
2026-06-08 02:30:00,46.5,54.0672,0.0
2026-06-08 02:35:00,44.3,54.0672,0.0
2026-06-08 02:40:00,45.7,54.0672,0.0
2026-06-08 02:45:00,38.8,56.8629,0.0
2026-06-08 02:50:00,120.0,111.5071,8.4929
2026-06-08 02:55:00,158.5,95.263,63.237
2026-06-08 03:00:00,113.6,88.5586,25.0414
2026-06-08 03:05:00,66.9,65.4476,1.4524
2026-06-08 03:10:00,59.5,73.441,0.0
2026-06-08 03:15:00,156.7,83.8678,72.8322
2026-06-08 03:20:00,130.9,83.8678,47.0322
2026-06-08 03:25:00,129.1,110.816,18.284
2026-06-08 03:30:00,219.3,159.4234,59.8766
2026-06-08 03:35:00,207.4,185.0958,22.3042
2026-06-08 03:40:00,265.7,195.7424,69.9576
2026-06-08 03:45:00,236.5,190.6016,45.8984
2026-06-08 03:50:00,221.5,174.2312,47.2688
2026-06-08 03:55:00,163.0,115.0459,47.9541
2026-06-08 04:00:00,157.4,144.1459,13.2541
2026-06-08 04:05:00,237.2,171.0075,66.1925
2026-06-08 04:10:00,173.8,166.9957,6.8043
2026-06-08 04:15:00,96.9,92.9194,3.9806
2026-06-08 04:20:00,78.5,69.7609,8.7391
2026-06-08 04:25:00,35.2,35.1676,0.0324
2026-06-08 04:30:00,35.8,35.1676,0.6324
2026-06-08 04:35:00,40.0,35.1676,4.8324
2026-06-08 04:40:00,23.9,35.1676,0.0
2026-06-08 04:45:00,21.7,35.1676,0.0
2026-06-08 04:50:00,21.7,35.1676,0.0
2026-06-08 04:55:00,20.2,35.1676,0.0
2026-06-08 05:00:00,24.1,35.1676,0.0
2026-06-08 05:05:00,19.9,35.1676,0.0
2026-06-08 05:10:00,17.6,35.1676,0.0
2026-06-08 05:15:00,15.7,35.1676,0.0
2026-06-08 05:20:00,15.8,50.3743,0.0
2026-06-08 05:25:00,155.3,140.8768,14.4232
2026-06-08 05:30:00,160.9,129.26,31.64
2026-06-08 05:35:00,151.811,129.26,22.551
2026-06-08 05:40:00,129.127,77.1689,51.9581
2026-06-08 05:45:00,47.414,32.1959,15.2181
2026-06-08 05:50:00,45.603,32.1959,13.4071
2026-06-08 05:55:00,44.477,51.1117,0.0
2026-06-08 06:00:00,112.647,78.4199,34.2271
2026-06-08 06:05:00,147.453,101.8681,45.5849
2026-06-08 06:10:00,152.326,101.8681,50.4579
2026-06-08 06:15:00,146.587,101.8681,44.7189
2026-06-08 06:20:00,144.075,101.8681,42.2069
2026-06-08 06:25:00,101.537,123.4478,0.0
2026-06-08 06:30:00,129.254,163.694,0.0
2026-06-08 06:35:00,241.388,200.1748,41.2132
2026-06-08 06:40:00,213.573,195.5712,18.0018
2026-06-08 06:45:00,236.48,256.0977,0.0
2026-06-08 06:50:00,330.089,254.3008,75.7882
2026-06-08 06:55:00,315.308,254.3008,61.0072
2026-06-08 07:00:00,305.859,305.553,0.306
2026-06-08 07:05:00,367.871,301.5894,66.2816
2026-06-08 07:10:00,219.445,260.1298,0.0
2026-06-08 07:15:00,292.883,297.8125,0.0
2026-06-08 07:20:00,286.363,241.4893,44.8737
2026-06-08 07:25:00,200.802,176.4969,24.3051
2026-06-08 07:30:00,164.715,168.2642,0.0
2026-06-08 07:35:00,200.201,171.2995,28.9015
2026-06-08 07:40:00,183.073,151.5422,31.5308
2026-06-08 07:45:00,174.25,104.1541,70.0959
2026-06-08 07:50:00,144.062,120.3433,23.7187
2026-06-08 07:55:00,261.881,164.4662,97.4148
2026-06-08 08:00:00,308.532,174.5064,134.0256
2026-06-08 08:05:00,245.07,174.5064,70.5636
2026-06-08 08:10:00,208.498,190.7768,17.7212
2026-06-08 08:15:00,265.258,221.9149,43.3431
2026-06-08 08:20:00,204.985,157.2006,47.7844
2026-06-08 08:25:00,154.033,114.6872,39.3458
2026-06-08 08:30:00,120.178,106.1884,13.9896
2026-06-08 08:35:00,98.711,137.4196,0.0
2026-06-08 08:40:00,284.25,183.2062,101.0438
2026-06-08 08:45:00,234.649,193.4048,41.2442
2026-06-08 08:50:00,345.273,241.8033,103.4697
2026-06-08 08:55:00,427.176,287.8812,139.2948
2026-06-08 09:00:00,432.356,294.4217,137.9343
2026-06-08 09:05:00,333.292,255.6163,77.6757
2026-06-08 09:10:00,297.358,247.5748,49.7832
2026-06-08 09:15:00,249.412,260.9244,0.0
2026-06-08 09:20:00,359.429,261.8719,97.5571
2026-06-08 09:25:00,376.962,261.8719,115.0901
2026-06-08 09:30:00,285.869,249.0503,36.8187
2026-06-08 09:35:00,281.433,210.5934,70.8396
2026-06-08 09:40:00,272.921,189.7962,83.1248
2026-06-08 09:45:00,206.377,142.2803,64.0967
2026-06-08 09:50:00,187.721,116.5763,71.1447
2026-06-08 09:55:00,173.145,103.8827,69.2623
2026-06-08 10:00:00,161.039,41.2442,119.7948
2026-06-08 10:05:00,126.442,59.4629,66.9791
2026-06-08 10:10:00,188.342,109.2911,79.0509
2026-06-08 10:15:00,308.288,184.1645,124.1235
2026-06-08 10:20:00,303.508,135.1721,168.3359
2026-06-08 10:25:00,203.455,159.6268,43.8282
2026-06-08 10:30:00,267.143,166.3882,100.7548
2026-06-08 10:35:00,244.426,145.9461,98.4799
2026-06-08 10:40:00,135.399,58.246,77.153
2026-06-08 10:45:00,230.101,144.3939,85.7071
2026-06-08 10:50:00,306.492,216.8018,89.6902
2026-06-08 10:55:00,343.977,236.8962,107.0808
2026-06-08 11:00:00,371.348,254.7514,116.5966
2026-06-08 11:05:00,285.523,254.6705,30.8525
2026-06-08 11:10:00,348.475,277.5192,70.9558
2026-06-08 11:15:00,305.496,178.2729,127.2231
2026-06-08 11:20:00,151.891,51.8747,100.0163
2026-06-08 11:25:00,94.238,73.4736,20.7644
2026-06-08 11:30:00,204.624,108.3265,96.2975
2026-06-08 11:35:00,142.953,58.2795,84.6735
2026-06-08 11:40:00,121.044,34.0888,86.9552
2026-06-08 11:45:00,106.94,47.9799,58.9601
2026-06-08 11:50:00,192.752,131.1779,61.5741
2026-06-08 11:55:00,341.526,227.1455,114.3805
2026-06-08 12:00:00,429.557,269.3529,160.2041
2026-06-08 12:05:00,495.282,333.2327,162.0493
2026-06-08 12:10:00,437.42,372.2551,65.1649
2026-06-08 12:15:00,427.626,334.654,92.972
2026-06-08 12:20:00,329.312,300.3281,28.9839
2026-06-08 12:25:00,324.152,287.3854,36.7666
2026-06-08 12:30:00,352.843,275.054,77.789
2026-06-08 12:35:00,361.19,300.4556,60.7344
2026-06-08 12:40:00,375.223,306.5031,68.7199
2026-06-08 12:45:00,352.834,295.3987,57.4353
2026-06-08 12:50:00,274.049,214.9012,59.1478
2026-06-08 12:55:00,344.064,253.7425,90.3215
2026-06-08 13:00:00,278.493,290.2459,0.0
2026-06-08 13:05:00,423.09,375.4786,47.6114
2026-06-08 13:10:00,442.997,402.8721,40.1249
2026-06-08 13:15:00,488.872,397.0456,91.8264
2026-06-08 13:20:00,367.405,214.5253,152.8797
2026-06-08 13:25:00,418.097,282.6162,135.4808
2026-06-08 13:30:00,338.442,258.7968,79.6452
2026-06-08 13:35:00,307.062,265.5267,41.5353
2026-06-08 13:40:00,392.024,265.0601,126.9639
2026-06-08 13:45:00,349.662,288.349,61.313
2026-06-08 13:50:00,340.753,259.2353,81.5177
2026-06-08 13:55:00,188.414,178.301,10.113
2026-06-08 14:00:00,272.421,163.6595,108.7615
2026-06-08 14:05:00,199.228,102.3905,96.8375
2026-06-08 14:10:00,69.017,0.0,69.017
2026-06-08 14:15:00,66.326,6.8381,59.4879
2026-06-08 14:20:00,114.963,58.0733,56.8897
2026-06-08 14:25:00,159.907,58.0733,101.8337
2026-06-08 14:30:00,130.451,58.0733,72.3777
2026-06-08 14:35:00,125.927,68.7912,57.1358
2026-06-08 14:40:00,202.056,185.2753,16.7807
2026-06-08 14:45:00,296.82,189.7915,107.0285
2026-06-08 14:50:00,311.389,189.7915,121.5975
2026-06-08 14:55:00,256.475,192.7795,63.6955
2026-06-08 15:00:00,240.262,158.8604,81.4016
2026-06-08 15:05:00,228.561,139.9121,88.6489
2026-06-08 15:10:00,175.935,105.9321,70.0029
2026-06-08 15:15:00,134.563,71.8219,62.7411
2026-06-08 15:20:00,117.52,40.7864,76.7336
2026-06-08 15:25:00,74.592,17.7825,56.8095
2026-06-08 15:30:00,66.928,38.9356,27.9924
2026-06-08 15:35:00,120.165,63.4366,56.7284
2026-06-08 15:40:00,113.743,63.4366,50.3064
2026-06-08 15:45:00,108.308,66.999,41.309
2026-06-08 15:50:00,150.884,104.5416,46.3424
2026-06-08 15:55:00,146.702,92.568,54.134
2026-06-08 16:00:00,181.935,86.7591,95.1759
2026-06-08 16:05:00,133.633,86.7591,46.8739
2026-06-08 16:10:00,143.687,48.4097,95.2773
2026-06-08 16:15:00,101.755,52.4035,49.3515
2026-06-08 16:20:00,141.016,67.9687,73.0473
2026-06-08 16:25:00,148.554,85.7266,62.8274
2026-06-08 16:30:00,194.889,120.1858,74.7032
2026-06-08 16:35:00,125.714,83.6799,42.0341
2026-06-08 16:40:00,141.77,75.2645,66.5055
2026-06-08 16:45:00,130.907,68.7764,62.1306
2026-06-08 16:50:00,161.847,99.2181,62.6289
2026-06-08 16:55:00,179.66,89.7378,89.9222
2026-06-08 17:00:00,116.903,19.2431,97.6599
2026-06-08 17:05:00,66.115,106.6434,0.0
2026-06-08 17:10:00,243.357,150.6817,92.6753
2026-06-08 17:15:00,242.434,159.2698,83.1642
2026-06-08 17:20:00,234.203,41.5796,192.6234
2026-06-08 17:25:00,115.524,71.4581,44.0659
2026-06-08 17:30:00,227.495,130.9338,96.5612
2026-06-08 17:35:00,221.922,130.9338,90.9882
2026-06-08 17:40:00,192.818,71.7885,121.0295
2026-06-08 17:45:00,106.856,31.8075,75.0485
2026-06-08 17:50:00,85.149,31.8075,53.3415
2026-06-08 17:55:00,70.176,9.0121,61.1639
2026-06-08 18:00:00,20.515,4.5774,15.9376
2026-06-08 18:05:00,52.437,34.3304,18.1066
2026-06-08 18:10:00,55.953,34.3304,21.6226
2026-06-08 18:15:00,50.053,55.4747,0.0
2026-06-08 18:20:00,222.169,146.238,75.931
2026-06-08 18:25:00,113.799,97.9076,15.8914
2026-06-08 18:30:00,88.395,64.2131,24.1819
2026-06-08 18:35:00,89.644,59.4704,30.1736
2026-06-08 18:40:00,83.702,79.3051,4.3969
2026-06-08 18:45:00,120.764,86.0347,34.7293
2026-06-08 18:50:00,121.409,52.5765,68.8325
2026-06-08 18:55:00,82.7,55.9059,26.7941
2026-06-08 19:00:00,112.1,236.6621,0.0
2026-06-08 19:05:00,364.7,305.876,58.824
2026-06-08 19:10:00,318.2,265.9369,52.2631
2026-06-08 19:15:00,247.6,239.6411,7.9589
2026-06-08 19:20:00,253.8,222.7168,31.0832
2026-06-08 19:25:00,133.3,102.4944,30.8056
2026-06-08 19:30:00,79.1,76.8556,2.2444
2026-06-08 19:35:00,81.8,86.0169,0.0
2026-06-08 19:40:00,101.3,83.3368,17.9632
2026-06-08 19:45:00,54.5,33.6631,20.8369
2026-06-08 19:50:00,51.1,40.8298,10.2702
2026-06-08 19:55:00,114.3,80.9634,33.3366
2026-06-08 20:00:00,95.4,69.3451,26.0549
2026-06-08 20:05:00,96.0,69.3451,26.6549
2026-06-08 20:10:00,81.0,69.3451,11.6549
2026-06-08 20:15:00,81.3,69.3451,11.9549
2026-06-08 20:20:00,80.7,69.3451,11.3549
2026-06-08 20:25:00,74.4,55.5157,18.8843
2026-06-08 20:30:00,54.9,37.2997,17.6003
2026-06-08 20:35:00,44.7,26.1982,18.5018
2026-06-08 20:40:00,43.2,26.1982,17.0018
2026-06-08 20:45:00,42.9,70.0815,0.0
2026-06-08 20:50:00,126.0,73.8974,52.1026
2026-06-08 20:55:00,126.0,73.8974,52.1026
2026-06-08 21:00:00,112.5,73.8974,38.6026
2026-06-08 21:05:00,96.9,73.8974,23.0026
2026-06-08 21:10:00,87.9,73.8974,14.0026
2026-06-08 21:15:00,66.3,73.8974,0.0
2026-06-08 21:20:00,43.8,69.7635,0.0
2026-06-08 21:25:00,30.9,26.1982,4.7018
2026-06-08 21:30:00,26.7,26.1982,0.5018
2026-06-08 21:35:00,21.0,26.1982,0.0
2026-06-08 21:40:00,20.7,8.5581,12.1419
2026-06-08 21:45:00,13.5,0.0,13.5
2026-06-08 21:50:00,9.9,0.0,9.9
2026-06-08 21:55:00,9.3,0.0,9.3
2026-06-08 22:00:00,8.7,0.0,8.7
2026-06-08 22:05:00,8.7,0.0,8.7
2026-06-08 22:10:00,8.7,19.1887,0.0
2026-06-08 22:15:00,47.7,36.4341,11.2659
2026-06-08 22:20:00,47.1,34.0052,13.0948
2026-06-08 22:25:00,8.4,0.0,8.4
2026-06-08 22:30:00,8.4,0.0,8.4
2026-06-08 22:35:00,8.7,0.0,8.7
2026-06-08 22:40:00,8.1,0.0,8.1
2026-06-08 22:45:00,7.2,0.0,7.2
2026-06-08 22:50:00,6.9,0.0,6.9
2026-06-08 22:55:00,8.4,0.0,8.4
2026-06-08 23:00:00,7.8,0.0,7.8
2026-06-08 23:05:00,8.1,0.0,8.1
2026-06-08 23:10:00,8.4,0.0,8.4
2026-06-08 23:15:00,7.5,0.0,7.5
2026-06-08 23:20:00,11.4,0.0,11.4
2026-06-08 23:25:00,7.2,0.0,7.2
2026-06-08 23:30:00,7.8,0.0,7.8
2026-06-08 23:35:00,8.1,0.0,8.1
2026-06-08 23:40:00,7.2,0.0,7.2
2026-06-08 23:45:00,11.1,0.0,11.1
2026-06-08 23:50:00,7.5,0.0,7.5
2026-06-08 23:55:00,7.5,0.0,7.5
2026-06-09 00:00:00,6.2,279.5295,0.0
2026-06-09 00:05:00,528.3,358.2516,170.0484
2026-06-09 00:10:00,501.3,358.2516,143.0484
2026-06-09 00:15:00,454.8,358.2516,96.5484
2026-06-09 00:20:00,401.4,314.9873,86.4127
2026-06-09 00:25:00,265.1,237.5811,27.5189
2026-06-09 00:30:00,158.7,167.2441,0.0
2026-06-09 00:35:00,91.9,98.1068,0.0
2026-06-09 00:40:00,73.9,73.1428,0.7572
2026-06-09 00:45:00,55.3,73.1428,0.0
2026-06-09 00:50:00,32.8,58.3666,0.0
2026-06-09 00:55:00,30.5,51.4131,0.0
2026-06-09 01:00:00,29.8,51.4131,0.0
2026-06-09 01:05:00,23.1,5.9982,17.1018
2026-06-09 01:10:00,12.4,61.2661,0.0
2026-06-09 01:15:00,244.2,109.4874,134.7126
2026-06-09 01:20:00,238.7,109.4874,129.2126
2026-06-09 01:25:00,194.0,109.4874,84.5126
2026-06-09 01:30:00,166.9,109.4874,57.4126
2026-06-09 01:35:00,135.1,109.4874,25.6126
2026-06-09 01:40:00,109.9,109.4874,0.4126
2026-06-09 01:45:00,64.2,109.4874,0.0
2026-06-09 01:50:00,55.6,99.1458,0.0
2026-06-09 01:55:00,21.8,25.6369,0.0
2026-06-09 02:00:00,21.0,56.6924,0.0
2026-06-09 02:05:00,112.3,66.3209,45.9791
2026-06-09 02:10:00,69.5,66.3209,3.1791
2026-06-09 02:15:00,68.7,66.3209,2.3791
2026-06-09 02:20:00,44.0,66.3209,0.0
2026-06-09 02:25:00,44.2,66.3209,0.0
2026-06-09 02:30:00,51.4,46.5214,4.8786
2026-06-09 02:35:00,16.2,25.6369,0.0
2026-06-09 02:40:00,15.2,25.6369,0.0
2026-06-09 02:45:00,19.0,15.2112,3.7888
2026-06-09 02:50:00,10.4,103.766,0.0
2026-06-09 02:55:00,206.3,146.7882,59.5118
2026-06-09 03:00:00,107.1,73.957,33.143
2026-06-09 03:05:00,107.2,98.2654,8.9346
2026-06-09 03:10:00,143.2,112.8149,30.3851
2026-06-09 03:15:00,147.9,119.6808,28.2192
2026-06-09 03:20:00,169.0,207.8121,0.0
2026-06-09 03:25:00,186.9,144.7086,42.1914
2026-06-09 03:30:00,166.5,157.7639,8.7361
2026-06-09 03:35:00,189.2,112.1469,77.0531
2026-06-09 03:40:00,105.9,68.0813,37.8187
2026-06-09 03:45:00,85.6,61.6101,23.9899
2026-06-09 03:50:00,67.7,43.1921,24.5079
2026-06-09 03:55:00,47.3,43.1921,4.1079
2026-06-09 04:00:00,39.8,42.8372,0.0
2026-06-09 04:05:00,27.3,25.4488,1.8512
2026-06-09 04:10:00,28.5,25.4488,3.0512
2026-06-09 04:15:00,23.6,25.4488,0.0
2026-06-09 04:20:00,21.2,25.4488,0.0
2026-06-09 04:25:00,18.0,25.4488,0.0
2026-06-09 04:30:00,15.2,24.5156,0.0
2026-06-09 04:35:00,8.0,0.0,8.0
2026-06-09 04:40:00,6.3,0.0,6.3
2026-06-09 04:45:00,7.4,0.0,7.4
2026-06-09 04:50:00,11.1,0.0,11.1
2026-06-09 04:55:00,6.8,0.0,6.8
2026-06-09 05:00:00,7.3,9.6383,0.0
2026-06-09 05:05:00,65.0,49.8533,15.1467
2026-06-09 05:10:00,65.5,56.1188,9.3812
2026-06-09 05:15:00,174.7,119.4704,55.2296
2026-06-09 05:20:00,194.5,119.4704,75.0296
2026-06-09 05:25:00,166.1,92.5496,73.5504
2026-06-09 05:30:00,105.4,69.6171,35.7829
2026-06-09 05:35:00,93.5,69.6171,23.8829
2026-06-09 05:40:00,68.0,69.6171,0.0
2026-06-09 05:45:00,47.742,69.6171,0.0
2026-06-09 05:50:00,41.354,106.5478,0.0
2026-06-09 05:55:00,63.637,63.9578,0.0
2026-06-09 06:00:00,55.389,43.8465,11.5425
2026-06-09 06:05:00,89.359,70.2319,19.1271
2026-06-09 06:10:00,118.895,88.733,30.162
2026-06-09 06:15:00,142.061,88.9963,53.0647
2026-06-09 06:20:00,109.004,103.4764,5.5276
2026-06-09 06:25:00,231.387,155.344,76.043
2026-06-09 06:30:00,224.225,175.0257,49.1993
2026-06-09 06:35:00,213.64,165.1687,48.4713
2026-06-09 06:40:00,186.516,191.2976,0.0
2026-06-09 06:45:00,271.64,243.1424,28.4976
2026-06-09 06:50:00,271.017,243.1424,27.8746
2026-06-09 06:55:00,249.093,181.1511,67.9419
2026-06-09 07:00:00,239.768,220.6204,19.1476
2026-06-09 07:05:00,310.605,305.1323,5.4727
2026-06-09 07:10:00,340.041,273.2396,66.8014
2026-06-09 07:15:00,315.81,261.2547,54.5553
2026-06-09 07:20:00,229.307,243.7434,0.0
2026-06-09 07:25:00,163.802,181.1154,0.0
2026-06-09 07:30:00,61.195,111.868,0.0
2026-06-09 07:35:00,86.659,131.2274,0.0
2026-06-09 07:40:00,204.335,191.2331,13.1019
2026-06-09 07:45:00,398.605,267.8108,130.7942
2026-06-09 07:50:00,410.392,345.0372,65.3548
2026-06-09 07:55:00,514.172,379.8983,134.2737
2026-06-09 08:00:00,467.919,365.1857,102.7333
2026-06-09 08:05:00,371.065,359.7695,11.2955
2026-06-09 08:10:00,405.286,340.1474,65.1386
2026-06-09 08:15:00,363.526,346.1694,17.3566
2026-06-09 08:20:00,372.007,345.8797,26.1273
2026-06-09 08:25:00,389.86,324.7767,65.0833
2026-06-09 08:30:00,291.076,287.8228,3.2532
2026-06-09 08:35:00,308.614,295.78,12.834
2026-06-09 08:40:00,242.252,197.4013,44.8507
2026-06-09 08:45:00,194.926,104.1745,90.7515
2026-06-09 08:50:00,179.556,108.9103,70.6457
2026-06-09 08:55:00,189.293,158.581,30.712
2026-06-09 09:00:00,284.239,244.2177,40.0213
2026-06-09 09:05:00,326.761,130.0776,196.6834
2026-06-09 09:10:00,159.989,121.7305,38.2585
2026-06-09 09:15:00,195.57,151.9664,43.6036
2026-06-09 09:20:00,273.819,157.8799,115.9391
2026-06-09 09:25:00,217.488,194.9156,22.5724
2026-06-09 09:30:00,256.534,230.9578,25.5762
2026-06-09 09:35:00,397.437,304.9888,92.4482
2026-06-09 09:40:00,348.612,260.3296,88.2824
2026-06-09 09:45:00,213.462,139.4726,73.9894
2026-06-09 09:50:00,264.04,234.6209,29.4191
2026-06-09 09:55:00,315.784,237.8171,77.9669
2026-06-09 10:00:00,312.07,312.0427,0.0273
2026-06-09 10:05:00,431.511,487.0513,0.0
2026-06-09 10:10:00,645.516,471.9012,173.6148
2026-06-09 10:15:00,596.527,364.0413,232.4857
2026-06-09 10:20:00,273.939,288.8604,0.0
2026-06-09 10:25:00,243.551,243.9461,0.0
2026-06-09 10:30:00,208.234,139.8958,68.3382
2026-06-09 10:35:00,194.789,87.0186,107.7704
2026-06-09 10:40:00,165.183,72.7161,92.4669
2026-06-09 10:45:00,117.0,34.7085,82.2915
2026-06-09 10:50:00,125.754,34.7085,91.0455
2026-06-09 10:55:00,126.475,62.2699,64.2051
2026-06-09 11:00:00,230.138,100.7396,129.3984
2026-06-09 11:05:00,257.584,147.7298,109.8542
2026-06-09 11:10:00,276.059,157.2118,118.8472
2026-06-09 11:15:00,226.984,175.9229,51.0611
2026-06-09 11:20:00,262.07,182.99,79.08
2026-06-09 11:25:00,247.532,239.7382,7.7938
2026-06-09 11:30:00,306.189,187.6434,118.5456
2026-06-09 11:35:00,228.614,145.2054,83.4086
2026-06-09 11:40:00,224.525,156.4011,68.1239
2026-06-09 11:45:00,210.788,158.768,52.02
2026-06-09 11:50:00,248.095,139.0008,109.0942
2026-06-09 11:55:00,85.146,144.8385,0.0
2026-06-09 12:00:00,316.282,243.0473,73.2347
2026-06-09 12:05:00,338.181,245.6494,92.5316
2026-06-09 12:10:00,258.957,184.1349,74.8221
2026-06-09 12:15:00,258.384,157.1007,101.2833
2026-06-09 12:20:00,196.33,190.4688,5.8612
2026-06-09 12:25:00,281.222,280.5682,0.6538
2026-06-09 12:30:00,339.427,229.4979,109.9291
2026-06-09 12:35:00,374.352,292.6963,81.6557
2026-06-09 12:40:00,261.015,210.4996,50.5154
2026-06-09 12:45:00,238.29,258.0459,0.0
2026-06-09 12:50:00,510.381,394.0548,116.3262
2026-06-09 12:55:00,486.526,363.6289,122.8971
2026-06-09 13:00:00,452.309,336.4123,115.8967
2026-06-09 13:05:00,517.829,369.1012,148.7278
2026-06-09 13:10:00,395.414,342.0594,53.3546
2026-06-09 13:15:00,440.956,306.2766,134.6794
2026-06-09 13:20:00,412.758,301.0668,111.6912
2026-06-09 13:25:00,454.337,342.8226,111.5144
2026-06-09 13:30:00,423.082,271.0637,152.0183
2026-06-09 13:35:00,267.337,247.1339,20.2031
2026-06-09 13:40:00,324.786,331.3571,0.0
2026-06-09 13:45:00,247.873,185.3889,62.4841
2026-06-09 13:50:00,288.817,219.8179,68.9991
2026-06-09 13:55:00,277.185,251.5986,25.5864
2026-06-09 14:00:00,370.771,259.4231,111.3479
2026-06-09 14:05:00,270.125,157.0608,113.0642
2026-06-09 14:10:00,148.553,37.5623,110.9907
2026-06-09 14:15:00,84.677,33.7212,50.9558
2026-06-09 14:20:00,93.236,58.3999,34.8361
2026-06-09 14:25:00,137.26,71.4948,65.7652
2026-06-09 14:30:00,150.553,140.5448,10.0082
2026-06-09 14:35:00,219.84,174.1113,45.7287
2026-06-09 14:40:00,289.944,203.2931,86.6509
2026-06-09 14:45:00,412.355,255.6245,156.7305
2026-06-09 14:50:00,378.548,228.2718,150.2762
2026-06-09 14:55:00,355.781,181.2496,174.5314
2026-06-09 15:00:00,206.788,143.1814,63.6066
2026-06-09 15:05:00,255.362,234.2471,21.1149
2026-06-09 15:10:00,296.204,216.0878,80.1162
2026-06-09 15:15:00,244.063,136.1153,107.9477
2026-06-09 15:20:00,100.441,52.1778,48.2632
2026-06-09 15:25:00,146.098,63.753,82.345
2026-06-09 15:30:00,124.848,85.2483,39.5997
2026-06-09 15:35:00,161.164,90.318,70.846
2026-06-09 15:40:00,115.65,77.3023,38.3477
2026-06-09 15:45:00,161.996,80.6667,81.3293
2026-06-09 15:50:00,143.352,79.0146,64.3374
2026-06-09 15:55:00,117.997,67.958,50.039
2026-06-09 16:00:00,122.448,105.9384,16.5096
2026-06-09 16:05:00,160.356,113.4468,46.9092
2026-06-09 16:10:00,151.01,140.5758,10.4342
2026-06-09 16:15:00,234.985,137.1068,97.8782
2026-06-09 16:20:00,173.502,102.8667,70.6353
2026-06-09 16:25:00,130.717,81.7892,48.9278
2026-06-09 16:30:00,130.678,69.3633,61.3147
2026-06-09 16:35:00,88.229,39.6875,48.5415
2026-06-09 16:40:00,102.808,39.6875,63.1205
2026-06-09 16:45:00,82.597,39.6875,42.9095
2026-06-09 16:50:00,98.176,57.1486,41.0274
2026-06-09 16:55:00,87.127,40.1967,46.9303
2026-06-09 17:00:00,101.097,40.1967,60.9003
2026-06-09 17:05:00,116.625,40.1967,76.4283
2026-06-09 17:10:00,106.8,124.3163,0.0
2026-06-09 17:15:00,187.61,124.8809,62.7291
2026-06-09 17:20:00,209.39,186.0292,23.3608
2026-06-09 17:25:00,392.496,264.3946,128.1014
2026-06-09 17:30:00,163.671,98.8881,64.7829
2026-06-09 17:35:00,203.727,100.0544,103.6726
2026-06-09 17:40:00,105.453,39.0967,66.3563
2026-06-09 17:45:00,124.805,39.0967,85.7083
2026-06-09 17:50:00,104.065,40.7675,63.2975
2026-06-09 17:55:00,120.117,77.6528,42.4642
2026-06-09 18:00:00,100.538,77.6528,22.8852
2026-06-09 18:05:00,94.287,52.8915,41.3955
2026-06-09 18:10:00,51.001,16.065,34.936
2026-06-09 18:15:00,12.463,0.0,12.463
2026-06-09 18:20:00,11.789,40.76,0.0
2026-06-09 18:25:00,55.763,43.0563,12.7067
2026-06-09 18:30:00,56.015,34.8756,21.1394
2026-06-09 18:35:00,11.083,0.0,11.083
2026-06-09 18:40:00,9.97,27.1107,0.0
2026-06-09 18:45:00,51.3,27.8534,23.4466
2026-06-09 18:50:00,49.8,27.8534,21.9466
2026-06-09 18:55:00,52.5,27.8534,24.6466
2026-06-09 19:00:00,48.0,27.8534,20.1466
2026-06-09 19:05:00,36.3,27.8534,8.4466
2026-06-09 19:10:00,31.2,27.8534,3.3466
2026-06-09 19:15:00,27.9,27.8534,0.0466
2026-06-09 19:20:00,20.7,23.6754,0.0
2026-06-09 19:25:00,7.2,0.0,7.2
2026-06-09 19:30:00,9.6,0.0,9.6
2026-06-09 19:35:00,6.9,0.0,6.9
2026-06-09 19:40:00,9.0,0.0,9.0
2026-06-09 19:45:00,9.0,0.0,9.0
2026-06-09 19:50:00,8.1,2.1416,5.9584
2026-06-09 19:55:00,12.3,53.5398,0.0
2026-06-09 20:00:00,74.1,79.6102,0.0
2026-06-09 20:05:00,119.1,97.4787,21.6213
2026-06-09 20:10:00,119.1,97.4787,21.6213
2026-06-09 20:15:00,119.4,95.8676,23.5324
2026-06-09 20:20:00,63.0,53.5398,9.4602
2026-06-09 20:25:00,51.6,40.0466,11.5534
2026-06-09 20:30:00,54.0,38.8038,15.1962
2026-06-09 20:35:00,58.5,38.8038,19.6962
2026-06-09 20:40:00,53.4,40.6987,12.7013
2026-06-09 20:45:00,82.5,95.6507,0.0
2026-06-09 20:50:00,118.2,104.8925,13.3075
2026-06-09 20:55:00,157.8,130.7461,27.0539
2026-06-09 21:00:00,151.2,130.7461,20.4539
2026-06-09 21:05:00,150.3,130.7461,19.5539
2026-06-09 21:10:00,133.5,119.7568,13.7432
2026-06-09 21:15:00,71.4,117.8628,0.0
2026-06-09 21:20:00,95.7,84.8796,10.8204
2026-06-09 21:25:00,94.2,84.8796,9.3204
2026-06-09 21:30:00,92.1,35.1706,56.9294
2026-06-09 21:35:00,9.3,0.0,9.3
2026-06-09 21:40:00,5.1,18.3085,0.0
2026-06-09 21:45:00,41.1,28.3121,12.7879
2026-06-09 21:50:00,41.7,28.3121,13.3879
2026-06-09 21:55:00,46.2,68.3654,0.0
2026-06-09 22:00:00,118.8,79.8829,38.9171
2026-06-09 22:05:00,117.9,79.8829,38.0171
2026-06-09 22:10:00,100.5,79.8829,20.6171
2026-06-09 22:15:00,99.9,79.8829,20.0171
2026-06-09 22:20:00,75.9,79.8829,0.0
2026-06-09 22:25:00,77.7,79.8829,0.0
2026-06-09 22:30:00,65.4,45.6743,19.7257
2026-06-09 22:35:00,36.3,28.3121,7.9879
2026-06-09 22:40:00,28.8,28.3121,0.4879
2026-06-09 22:45:00,30.0,28.3121,1.6879
2026-06-09 22:50:00,24.9,28.3121,0.0
2026-06-09 22:55:00,16.5,17.0817,0.0
2026-06-09 23:00:00,5.4,0.0,5.4
2026-06-09 23:05:00,4.5,24.4556,0.0
2026-06-09 23:10:00,47.1,30.1921,16.9079
2026-06-09 23:15:00,45.0,30.1921,14.8079
2026-06-09 23:20:00,44.1,30.1921,13.9079
2026-06-09 23:25:00,43.8,30.1921,13.6079
2026-06-09 23:30:00,42.9,30.1921,12.7079
2026-06-09 23:35:00,127.2,30.1921,97.0079
2026-06-09 23:40:00,117.9,30.1921,87.7079
2026-06-09 23:45:00,117.6,39.0481,78.5519
2026-06-09 23:50:00,186.3,84.4125,101.8875
2026-06-09 23:55:00,174.6,84.4125,90.1875
2026-06-10 00:00:00,117.0,141.7007,0.0
2026-06-10 00:05:00,253.3,167.8342,85.4658
2026-06-10 00:10:00,252.0,163.8394,88.1606
2026-06-10 00:15:00,184.4,163.8394,20.5606
2026-06-10 00:20:00,145.2,163.8394,0.0
2026-06-10 00:25:00,82.2,112.3163,0.0
2026-06-10 00:30:00,72.4,111.7678,0.0
2026-06-10 00:35:00,246.4,161.3457,85.0543
2026-06-10 00:40:00,224.8,144.4386,80.3614
2026-06-10 00:45:00,357.6,211.7031,145.8969
2026-06-10 00:50:00,286.5,243.6039,42.8961
2026-06-10 00:55:00,357.3,251.1729,106.1271
2026-06-10 01:00:00,360.8,251.1729,109.6271
2026-06-10 01:05:00,341.4,251.1729,90.2271
2026-06-10 01:10:00,326.7,251.1729,75.5271
2026-06-10 01:15:00,217.5,251.1729,0.0
2026-06-10 01:20:00,160.6,249.3413,0.0
2026-06-10 01:25:00,115.8,216.8297,0.0
2026-06-10 01:30:00,91.3,216.8297,0.0
2026-06-10 01:35:00,71.7,108.0574,0.0
2026-06-10 01:40:00,27.2,21.8099,5.3901
2026-06-10 01:45:00,25.1,21.8099,3.2901
2026-06-10 01:50:00,8.6,1.2359,7.3641
2026-06-10 01:55:00,4.5,0.0,4.5
2026-06-10 02:00:00,5.2,0.0,5.2
2026-06-10 02:05:00,4.8,0.0,4.8
2026-06-10 02:10:00,4.5,0.0,4.5
2026-06-10 02:15:00,5.8,0.0,5.8
2026-06-10 02:20:00,9.0,0.0,9.0
2026-06-10 02:25:00,5.1,6.6818,0.0
2026-06-10 02:30:00,44.1,55.5345,0.0
2026-06-10 02:35:00,119.1,56.0104,63.0896
2026-06-10 02:40:00,119.7,78.2614,41.4386
2026-06-10 02:45:00,180.5,78.793,101.707
2026-06-10 02:50:00,150.0,78.793,71.207
2026-06-10 02:55:00,139.9,78.793,61.107
2026-06-10 03:00:00,137.4,78.793,58.607
2026-06-10 03:05:00,86.1,110.0985,0.0
2026-06-10 03:10:00,144.3,121.4823,22.8177
2026-06-10 03:15:00,127.7,121.4823,6.2177
2026-06-10 03:20:00,127.5,186.3614,0.0
2026-06-10 03:25:00,322.8,269.2123,53.5877
2026-06-10 03:30:00,391.9,271.5864,120.3136
2026-06-10 03:35:00,311.2,267.376,43.824
2026-06-10 03:40:00,248.9,260.5257,0.0
2026-06-10 03:45:00,132.3,154.9989,0.0
2026-06-10 03:50:00,110.5,128.6488,0.0
2026-06-10 03:55:00,97.0,140.7915,0.0
2026-06-10 04:00:00,146.9,189.7464,0.0
2026-06-10 04:05:00,181.3,197.2555,0.0
2026-06-10 04:10:00,265.2,195.1105,70.0895
2026-06-10 04:15:00,201.0,149.9036,51.0964
2026-06-10 04:20:00,162.4,140.4189,21.9811
2026-06-10 04:25:00,103.5,164.9364,0.0
2026-06-10 04:30:00,107.5,140.0137,0.0
2026-06-10 04:35:00,61.2,116.9083,0.0
2026-06-10 04:40:00,51.4,53.835,0.0
2026-06-10 04:45:00,39.4,26.9423,12.4577
2026-06-10 04:50:00,43.8,60.0637,0.0
2026-06-10 04:55:00,133.2,80.6527,52.5473
2026-06-10 05:00:00,126.3,80.6527,45.6473
2026-06-10 05:05:00,88.8,80.6527,8.1473
2026-06-10 05:10:00,89.3,80.6527,8.6473
2026-06-10 05:15:00,81.1,78.2279,2.8721
2026-06-10 05:20:00,41.6,53.7104,0.0
2026-06-10 05:25:00,41.8,88.4259,0.0
2026-06-10 05:30:00,181.4,117.9983,63.4017
2026-06-10 05:35:00,133.929,100.3305,33.5985
2026-06-10 05:40:00,135.677,88.2603,47.4167
2026-06-10 05:45:00,106.109,88.2603,17.8487
2026-06-10 05:50:00,87.211,87.1158,0.0952
2026-06-10 05:55:00,143.949,147.2666,0.0
2026-06-10 06:00:00,176.456,153.6473,22.8087
2026-06-10 06:05:00,108.091,104.7884,3.3026
2026-06-10 06:10:00,55.993,43.1842,12.8088
2026-06-10 06:15:00,44.033,39.0809,4.9521
2026-06-10 06:20:00,81.566,83.5084,0.0
2026-06-10 06:25:00,124.097,123.8179,0.2791
2026-06-10 06:30:00,209.341,173.804,35.537
2026-06-10 06:35:00,255.078,206.467,48.611
2026-06-10 06:40:00,272.266,235.3203,36.9457
2026-06-10 06:45:00,298.533,240.3918,58.1412
2026-06-10 06:50:00,244.064,229.9539,14.1101
2026-06-10 06:55:00,278.292,294.0642,0.0
2026-06-10 07:00:00,354.806,305.7602,49.0458
2026-06-10 07:05:00,286.405,292.5403,0.0
2026-06-10 07:10:00,219.773,228.5626,0.0
2026-06-10 07:15:00,140.789,123.547,17.242
2026-06-10 07:20:00,99.386,109.6414,0.0
2026-06-10 07:25:00,133.959,105.218,28.741
2026-06-10 07:30:00,123.655,159.5231,0.0
2026-06-10 07:35:00,223.734,185.8692,37.8648
2026-06-10 07:40:00,204.977,210.7943,0.0
2026-06-10 07:45:00,393.906,291.4913,102.4147
2026-06-10 07:50:00,386.223,316.3457,69.8773
2026-06-10 07:55:00,449.972,348.6687,101.3033
2026-06-10 08:00:00,351.492,293.0779,58.4141
2026-06-10 08:05:00,347.119,227.1057,120.0133
2026-06-10 08:10:00,302.938,250.6965,52.2415
2026-06-10 08:15:00,369.106,301.9511,67.1549
2026-06-10 08:20:00,374.968,272.778,102.19
2026-06-10 08:25:00,286.15,286.8382,0.0
2026-06-10 08:30:00,274.751,235.7128,39.0382
2026-06-10 08:35:00,314.056,250.8625,63.1935
2026-06-10 08:40:00,245.912,186.4318,59.4802
2026-06-10 08:45:00,156.881,194.9267,0.0
2026-06-10 08:50:00,337.676,253.7091,83.9669
2026-06-10 08:55:00,399.79,287.3703,112.4197
2026-06-10 09:00:00,423.018,311.6014,111.4166
2026-06-10 09:05:00,363.555,276.8194,86.7356
2026-06-10 09:10:00,272.499,250.5054,21.9936
2026-06-10 09:15:00,213.982,201.7222,12.2598
2026-06-10 09:20:00,96.7,122.9715,0.0
2026-06-10 09:25:00,55.344,12.8893,42.4547
2026-06-10 09:30:00,97.518,95.8134,1.7046
2026-06-10 09:35:00,200.586,127.9576,72.6284
2026-06-10 09:40:00,189.338,127.9576,61.3804
2026-06-10 09:45:00,158.368,130.4278,27.9402
2026-06-10 09:50:00,143.984,82.0801,61.9039
2026-06-10 09:55:00,136.324,154.1898,0.0
2026-06-10 10:00:00,174.184,124.5343,49.6497
2026-06-10 10:05:00,221.69,140.6306,81.0594
2026-06-10 10:10:00,179.643,105.8294,73.8136
2026-06-10 10:15:00,190.391,103.9899,86.4011
2026-06-10 10:20:00,82.165,26.9923,55.1727
2026-06-10 10:25:00,92.214,37.4186,54.7954
2026-06-10 10:30:00,187.351,125.76,61.591
2026-06-10 10:35:00,317.704,172.6856,145.0184
2026-06-10 10:40:00,272.515,148.3026,124.2124
2026-06-10 10:45:00,219.202,144.9034,74.2986
2026-06-10 10:50:00,172.485,139.1813,33.3037
2026-06-10 10:55:00,173.901,135.9116,37.9894
2026-06-10 11:00:00,228.947,153.5672,75.3798
2026-06-10 11:05:00,177.974,113.3253,64.6487
2026-06-10 11:10:00,169.557,82.2926,87.2644
2026-06-10 11:15:00,143.242,71.1504,72.0916
2026-06-10 11:20:00,163.135,74.0013,89.1337
2026-06-10 11:25:00,198.513,117.4735,81.0395
2026-06-10 11:30:00,208.477,206.6391,1.8379
2026-06-10 11:35:00,430.608,325.1698,105.4382
2026-06-10 11:40:00,346.236,199.789,146.447
2026-06-10 11:45:00,334.817,170.5366,164.2804
2026-06-10 11:50:00,262.24,135.6422,126.5978
2026-06-10 11:55:00,179.808,164.454,15.354
2026-06-10 12:00:00,239.523,201.4863,38.0367
2026-06-10 12:05:00,303.342,223.6866,79.6554
2026-06-10 12:10:00,268.299,222.0676,46.2314
2026-06-10 12:15:00,363.21,261.4489,101.7611
2026-06-10 12:20:00,315.049,273.4076,41.6414
2026-06-10 12:25:00,360.801,299.8062,60.9948
2026-06-10 12:30:00,286.652,219.2676,67.3844
2026-06-10 12:35:00,229.111,196.7191,32.3919
2026-06-10 12:40:00,192.223,189.2506,2.9724
2026-06-10 12:45:00,195.345,153.3502,41.9948
2026-06-10 12:50:00,228.036,192.5385,35.4975
2026-06-10 12:55:00,318.567,223.2728,95.2942
2026-06-10 13:00:00,390.595,263.7932,126.8018
2026-06-10 13:05:00,291.645,249.5825,42.0625
2026-06-10 13:10:00,384.657,268.4572,116.1998
2026-06-10 13:15:00,379.884,271.9699,107.9141
2026-06-10 13:20:00,420.168,293.5574,126.6106
2026-06-10 13:25:00,440.593,363.1352,77.4578
2026-06-10 13:30:00,501.102,407.8311,93.2709
2026-06-10 13:35:00,442.855,410.514,32.341
2026-06-10 13:40:00,436.773,349.9113,86.8617
2026-06-10 13:45:00,286.788,211.9349,74.8531
2026-06-10 13:50:00,196.013,146.5578,49.4552
2026-06-10 13:55:00,295.441,221.484,73.957
2026-06-10 14:00:00,399.705,321.9518,77.7532
2026-06-10 14:05:00,466.456,324.6354,141.8206
2026-06-10 14:10:00,447.767,351.7622,96.0048
2026-06-10 14:15:00,387.396,277.0248,110.3712
2026-06-10 14:20:00,203.703,189.483,14.22
2026-06-10 14:25:00,108.933,71.3817,37.5513
2026-06-10 14:30:00,115.266,56.6997,58.5663
2026-06-10 14:35:00,85.626,34.9801,50.6459
2026-06-10 14:40:00,74.286,22.2707,52.0153
2026-06-10 14:45:00,52.114,35.2802,16.8338
2026-06-10 14:50:00,174.794,100.7337,74.0603
2026-06-10 14:55:00,170.579,127.924,42.655
2026-06-10 15:00:00,258.647,171.3667,87.2803
2026-06-10 15:05:00,262.918,177.4994,85.4186
2026-06-10 15:10:00,322.141,215.5475,106.5935
2026-06-10 15:15:00,327.682,216.3785,111.3035
2026-06-10 15:20:00,232.393,165.4751,66.9179
2026-06-10 15:25:00,226.065,165.4751,60.5899
2026-06-10 15:30:00,190.062,165.4751,24.5869
2026-06-10 15:35:00,168.927,116.0399,52.8871
2026-06-10 15:40:00,86.056,55.8395,30.2165
2026-06-10 15:45:00,81.929,8.3532,73.5758
2026-06-10 15:50:00,58.518,0.0,58.518
2026-06-10 15:55:00,49.077,65.0522,0.0
2026-06-10 16:00:00,155.711,200.5208,0.0
2026-06-10 16:05:00,337.141,225.8218,111.3192
2026-06-10 16:10:00,189.97,123.5303,66.4397
2026-06-10 16:15:00,124.426,51.6783,72.7477
2026-06-10 16:20:00,101.285,48.1227,53.1623
2026-06-10 16:25:00,120.29,84.9375,35.3525
2026-06-10 16:30:00,144.593,86.3387,58.2543
2026-06-10 16:35:00,128.506,71.4207,57.0853
2026-06-10 16:40:00,77.556,38.2161,39.3399
2026-06-10 16:45:00,95.818,43.3391,52.4789
2026-06-10 16:50:00,148.627,69.3808,79.2462
2026-06-10 16:55:00,158.517,101.9402,56.5768
2026-06-10 17:00:00,249.056,155.8162,93.2398
2026-06-10 17:05:00,275.876,271.407,4.469
2026-06-10 17:10:00,439.535,329.6346,109.9004
2026-06-10 17:15:00,355.927,230.7765,125.1505
2026-06-10 17:20:00,239.812,144.9765,94.8355
2026-06-10 17:25:00,215.405,112.4889,102.9161
2026-06-10 17:30:00,163.098,103.147,59.951
2026-06-10 17:35:00,147.614,103.147,44.467
2026-06-10 17:40:00,116.535,103.147,13.388
2026-06-10 17:45:00,102.281,88.7401,13.5409
2026-06-10 17:50:00,109.938,69.3808,40.5572
2026-06-10 17:55:00,77.691,43.2474,34.4436
2026-06-10 18:00:00,15.407,11.7727,3.6343
2026-06-10 18:05:00,47.997,58.3817,0.0
2026-06-10 18:10:00,87.9,73.5629,14.3371
2026-06-10 18:15:00,86.966,45.6026,41.3634
2026-06-10 18:20:00,51.408,39.603,11.805
2026-06-10 18:25:00,54.491,48.1055,6.3855
2026-06-10 18:30:00,122.279,101.3666,20.9124
2026-06-10 18:35:00,193.199,139.567,53.632
2026-06-10 18:40:00,159.866,147.5215,12.3445
2026-06-10 18:45:00,164.288,74.5934,89.6946
2026-06-10 18:50:00,39.382,46.5251,0.0
2026-06-10 18:55:00,74.718,54.858,19.86
2026-06-10 19:00:00,73.5,97.4877,0.0
2026-06-10 19:05:00,182.1,135.67,46.43
2026-06-10 19:10:00,127.8,104.0796,23.7204
2026-06-10 19:15:00,114.9,76.2808,38.6192
2026-06-10 19:20:00,75.6,64.5553,11.0447
2026-06-10 19:25:00,57.9,50.986,6.914
2026-06-10 19:30:00,36.0,13.6325,22.3675
2026-06-10 19:35:00,6.3,31.1499,0.0
2026-06-10 19:40:00,116.7,111.2276,5.4724
2026-06-10 19:45:00,139.2,116.8986,22.3014
2026-06-10 19:50:00,142.8,166.3286,0.0
2026-06-10 19:55:00,141.0,68.5638,72.4362
2026-06-10 20:00:00,94.2,67.9664,26.2336
2026-06-10 20:05:00,90.6,67.9664,22.6336
2026-06-10 20:10:00,82.2,67.9664,14.2336
2026-06-10 20:15:00,70.2,67.9664,2.2336
2026-06-10 20:20:00,70.2,20.8114,49.3886
2026-06-10 20:25:00,15.9,12.4899,3.4101
2026-06-10 20:30:00,12.3,12.4899,0.0
2026-06-10 20:35:00,12.3,5.5788,6.7212
2026-06-10 20:40:00,6.9,0.0,6.9
2026-06-10 20:45:00,13.8,0.0,13.8
2026-06-10 20:50:00,7.5,99.2961,0.0
2026-06-10 20:55:00,131.7,100.9791,30.7209
2026-06-10 21:00:00,101.1,56.8849,44.2151
2026-06-10 21:05:00,6.6,0.0,6.6
2026-06-10 21:10:00,10.2,24.6579,0.0
2026-06-10 21:15:00,133.8,164.2275,0.0
2026-06-10 21:20:00,214.5,174.2255,40.2745
2026-06-10 21:25:00,212.1,174.2255,37.8745
2026-06-10 21:30:00,195.0,141.7342,53.2658
2026-06-10 21:35:00,130.2,133.6841,0.0
2026-06-10 21:40:00,132.0,60.4464,71.5536
2026-06-10 21:45:00,30.0,37.3202,0.0
2026-06-10 21:50:00,52.5,23.1672,29.3328
2026-06-10 21:55:00,11.7,6.9555,4.7445
2026-06-10 22:00:00,5.4,0.0,5.4
2026-06-10 22:05:00,9.9,0.0,9.9
2026-06-10 22:10:00,6.0,0.0,6.0
2026-06-10 22:15:00,6.3,0.0,6.3
2026-06-10 22:20:00,5.7,0.0,5.7
2026-06-10 22:25:00,6.9,40.3291,0.0
2026-06-10 22:30:00,99.0,51.2658,47.7342
2026-06-10 22:35:00,84.0,51.2658,32.7342
2026-06-10 22:40:00,52.5,51.2658,1.2342
2026-06-10 22:45:00,32.4,51.2658,0.0
2026-06-10 22:50:00,26.4,24.6076,1.7924
2026-06-10 22:55:00,5.7,0.0,5.7
2026-06-10 23:00:00,6.0,0.0,6.0
2026-06-10 23:05:00,6.0,3.5298,2.4702
2026-06-10 23:10:00,24.3,12.4582,11.8418
2026-06-10 23:15:00,25.5,12.4582,13.0418
2026-06-10 23:20:00,24.9,12.4582,12.4418
2026-06-10 23:25:00,17.4,12.4582,4.9418
2026-06-10 23:30:00,17.1,12.4582,4.6418
2026-06-10 23:35:00,14.4,21.8304,0.0
2026-06-10 23:40:00,56.1,42.0378,14.0622
2026-06-10 23:45:00,51.0,31.2407,19.7593
2026-06-10 23:50:00,42.3,31.2407,11.0593
2026-06-10 23:55:00,33.0,31.2407,1.7593
2026-06-11 00:00:00,27.0,250.7113,0.0
2026-06-11 00:05:00,452.7,322.4596,130.2404
2026-06-11 00:10:00,474.9,345.6296,129.2704
2026-06-11 00:15:00,450.5,342.1412,108.3588
2026-06-11 00:20:00,289.2,315.7292,0.0
2026-06-11 00:25:00,241.0,306.8568,0.0
2026-06-11 00:30:00,212.6,124.7391,87.8609
2026-06-11 00:35:00,179.5,142.3404,37.1596
2026-06-11 00:40:00,268.2,195.3792,72.8208
2026-06-11 00:45:00,226.3,199.1142,27.1858
2026-06-11 00:50:00,228.0,187.352,40.648
2026-06-11 00:55:00,213.3,153.5847,59.7153
2026-06-11 01:00:00,181.1,152.0552,29.0448
2026-06-11 01:05:00,141.2,161.2143,0.0
2026-06-11 01:10:00,123.7,162.1112,0.0
2026-06-11 01:15:00,103.5,98.1424,5.3576
2026-06-11 01:20:00,81.2,69.4608,11.7392
2026-06-11 01:25:00,79.9,69.4608,10.4392
2026-06-11 01:30:00,75.3,69.4608,5.8392
2026-06-11 01:35:00,47.8,57.5949,0.0
2026-06-11 01:40:00,38.2,47.3505,0.0
2026-06-11 01:45:00,33.7,47.3505,0.0
2026-06-11 01:50:00,32.8,44.3242,0.0
2026-06-11 01:55:00,52.4,40.9621,11.4379
2026-06-11 02:00:00,36.2,25.3226,10.8774
2026-06-11 02:05:00,33.5,44.4481,0.0
2026-06-11 02:10:00,54.0,45.7866,8.2134
2026-06-11 02:15:00,85.8,60.4362,25.3638
2026-06-11 02:20:00,86.8,60.4362,26.3638
2026-06-11 02:25:00,86.7,60.4362,26.2638
2026-06-11 02:30:00,62.7,60.4362,2.2638
2026-06-11 02:35:00,63.7,60.4362,3.2638
2026-06-11 02:40:00,53.4,60.4362,0.0
2026-06-11 02:45:00,42.1,53.7626,0.0
2026-06-11 02:50:00,39.3,30.1018,9.1982
2026-06-11 02:55:00,40.1,34.195,5.905
2026-06-11 03:00:00,120.8,74.2706,46.5294
2026-06-11 03:05:00,121.6,84.0952,37.5048
2026-06-11 03:10:00,125.4,106.5886,18.8114
2026-06-11 03:15:00,132.3,93.3932,38.9068
2026-06-11 03:20:00,121.7,86.6594,35.0406
2026-06-11 03:25:00,121.7,86.6594,35.0406
2026-06-11 03:30:00,122.3,135.3203,0.0
2026-06-11 03:35:00,284.4,151.7855,132.6145
2026-06-11 03:40:00,260.1,151.7855,108.3145
2026-06-11 03:45:00,227.6,217.0669,10.5331
2026-06-11 03:50:00,267.4,221.8019,45.5981
2026-06-11 03:55:00,218.9,190.8735,28.0265
2026-06-11 04:00:00,188.7,190.8735,0.0
2026-06-11 04:05:00,136.0,135.1525,0.8475
2026-06-11 04:10:00,55.8,65.1262,0.0
2026-06-11 04:15:00,35.5,65.1262,0.0
2026-06-11 04:20:00,36.0,108.3698,0.0
2026-06-11 04:25:00,133.5,141.6072,0.0
2026-06-11 04:30:00,131.5,141.6072,0.0
2026-06-11 04:35:00,117.2,117.495,0.0
2026-06-11 04:40:00,59.4,70.3517,0.0
2026-06-11 04:45:00,34.4,17.2246,17.1754
2026-06-11 04:50:00,10.5,0.0,10.5
2026-06-11 04:55:00,6.5,0.0,6.5
2026-06-11 05:00:00,5.5,0.0,5.5
2026-06-11 05:05:00,5.9,0.0,5.9
2026-06-11 05:10:00,6.2,0.0,6.2
2026-06-11 05:15:00,6.0,6.7382,0.0
2026-06-11 05:20:00,49.9,77.7479,0.0
2026-06-11 05:25:00,146.5,77.7479,68.7521
2026-06-11 05:30:00,117.5,77.7479,39.7521
2026-06-11 05:35:00,104.1,77.7479,26.3521
2026-06-11 05:40:00,105.928,77.7479,28.1801
2026-06-11 05:45:00,72.827,77.7479,0.0
2026-06-11 05:50:00,51.622,77.7479,0.0
2026-06-11 05:55:00,42.28,36.2824,5.9976
2026-06-11 06:00:00,6.175,0.0,6.175
2026-06-11 06:05:00,4.487,0.0,4.487
2026-06-11 06:10:00,8.588,0.0,8.588
2026-06-11 06:15:00,7.924,39.2767,0.0
2026-06-11 06:20:00,115.628,63.6919,51.9361
2026-06-11 06:25:00,112.807,77.4907,35.3163
2026-06-11 06:30:00,143.473,107.6686,35.8044
2026-06-11 06:35:00,116.965,139.9587,0.0
2026-06-11 06:40:00,167.06,158.6861,8.3739
2026-06-11 06:45:00,184.329,134.8955,49.4335
2026-06-11 06:50:00,186.335,153.3088,33.0262
2026-06-11 06:55:00,143.719,119.5459,24.1731
2026-06-11 07:00:00,120.137,109.6206,10.5164
2026-06-11 07:05:00,159.362,137.396,21.966
2026-06-11 07:10:00,160.345,163.6212,0.0
2026-06-11 07:15:00,196.777,158.1496,38.6274
2026-06-11 07:20:00,173.279,142.0233,31.2557
2026-06-11 07:25:00,198.044,172.2414,25.8026
2026-06-11 07:30:00,226.648,207.9151,18.7329
2026-06-11 07:35:00,290.481,258.6573,31.8237
2026-06-11 07:40:00,292.318,262.4075,29.9105
2026-06-11 07:45:00,327.984,219.7137,108.2703
2026-06-11 07:50:00,279.125,257.149,21.976
2026-06-11 07:55:00,377.352,282.9204,94.4316
2026-06-11 08:00:00,401.447,275.5698,125.8772
2026-06-11 08:05:00,340.133,255.4756,84.6574
2026-06-11 08:10:00,391.924,282.8497,109.0743
2026-06-11 08:15:00,376.888,312.1207,64.7673
2026-06-11 08:20:00,315.977,285.2345,30.7425
2026-06-11 08:25:00,234.058,209.5094,24.5486
2026-06-11 08:30:00,208.197,222.7269,0.0
2026-06-11 08:35:00,216.671,231.7167,0.0
2026-06-11 08:40:00,186.328,104.4288,81.8992
2026-06-11 08:45:00,126.273,67.1869,59.0861
2026-06-11 08:50:00,87.522,22.2413,65.2807
2026-06-11 08:55:00,109.35,72.2441,37.1059
2026-06-11 09:00:00,163.089,100.9636,62.1254
2026-06-11 09:05:00,233.91,162.3822,71.5278
2026-06-11 09:10:00,268.188,119.2996,148.8884
2026-06-11 09:15:00,231.234,185.0333,46.2007
2026-06-11 09:20:00,340.085,255.9871,84.0979
2026-06-11 09:25:00,426.779,296.6654,130.1136
2026-06-11 09:30:00,414.157,316.2146,97.9424
2026-06-11 09:35:00,385.026,315.9981,69.0279
2026-06-11 09:40:00,422.718,310.6948,112.0232
2026-06-11 09:45:00,356.679,296.5942,60.0848
2026-06-11 09:50:00,321.691,260.2754,61.4156
2026-06-11 09:55:00,248.319,193.3767,54.9423
2026-06-11 10:00:00,175.715,134.1086,41.6064
2026-06-11 10:05:00,157.9,63.5182,94.3818
2026-06-11 10:10:00,103.493,40.2371,63.2559
2026-06-11 10:15:00,99.027,33.3968,65.6302
2026-06-11 10:20:00,54.642,1.5271,53.1149
2026-06-11 10:25:00,88.067,77.3363,10.7307
2026-06-11 10:30:00,151.883,121.9644,29.9186
2026-06-11 10:35:00,246.567,190.487,56.08
2026-06-11 10:40:00,335.692,239.84,95.852
2026-06-11 10:45:00,392.23,319.0373,73.1927
2026-06-11 10:50:00,486.861,350.8046,136.0564
2026-06-11 10:55:00,367.79,255.1991,112.5909
2026-06-11 11:00:00,198.226,115.4287,82.7973
2026-06-11 11:05:00,240.038,138.9219,101.1161
2026-06-11 11:10:00,166.075,111.361,54.714
2026-06-11 11:15:00,206.012,165.1952,40.8168
2026-06-11 11:20:00,261.271,156.7818,104.4892
2026-06-11 11:25:00,215.997,183.1755,32.8215
2026-06-11 11:30:00,312.16,154.4066,157.7534
2026-06-11 11:35:00,228.635,146.1335,82.5015
2026-06-11 11:40:00,240.053,123.9708,116.0822
2026-06-11 11:45:00,155.849,69.4849,86.3641
2026-06-11 11:50:00,142.309,45.7095,96.5995
2026-06-11 11:55:00,201.232,174.8789,26.3531
2026-06-11 12:00:00,352.589,256.8126,95.7764
2026-06-11 12:05:00,379.436,293.5563,85.8797
2026-06-11 12:10:00,391.412,313.2923,78.1197
2026-06-11 12:15:00,362.979,245.5974,117.3816
2026-06-11 12:20:00,312.792,243.1174,69.6746
2026-06-11 12:25:00,312.784,273.2913,39.4927
2026-06-11 12:30:00,307.132,240.1229,67.0091
2026-06-11 12:35:00,229.844,149.1447,80.6993
2026-06-11 12:40:00,112.969,114.7287,0.0
2026-06-11 12:45:00,155.147,159.8927,0.0
2026-06-11 12:50:00,280.752,211.1872,69.5648
2026-06-11 12:55:00,295.365,188.6129,106.7521
2026-06-11 13:00:00,197.793,237.3291,0.0
2026-06-11 13:05:00,396.363,305.0839,91.2791
2026-06-11 13:10:00,445.8,314.1454,131.6546
2026-06-11 13:15:00,440.743,300.2902,140.4528
2026-06-11 13:20:00,404.28,271.3018,132.9782
2026-06-11 13:25:00,362.731,306.1714,56.5596
2026-06-11 13:30:00,317.445,299.356,18.089
2026-06-11 13:35:00,236.975,219.1553,17.8197
2026-06-11 13:40:00,244.712,193.571,51.141
2026-06-11 13:45:00,167.548,152.5978,14.9502
2026-06-11 13:50:00,250.105,204.0718,46.0332
2026-06-11 13:55:00,308.794,262.6642,46.1298
2026-06-11 14:00:00,340.866,228.6169,112.2491
2026-06-11 14:05:00,234.349,171.5017,62.8473
2026-06-11 14:10:00,216.59,160.0362,56.5538
2026-06-11 14:15:00,186.246,180.15,6.096
2026-06-11 14:20:00,280.366,169.2246,111.1414
2026-06-11 14:25:00,247.139,164.1883,82.9507
2026-06-11 14:30:00,272.162,182.0327,90.1293
2026-06-11 14:35:00,201.634,137.1757,64.4583
2026-06-11 14:40:00,141.555,75.7574,65.7976
2026-06-11 14:45:00,82.186,29.5394,52.6466
2026-06-11 14:50:00,82.759,29.5394,53.2196
2026-06-11 14:55:00,81.875,41.4573,40.4177
2026-06-11 15:00:00,124.731,71.1134,53.6176
2026-06-11 15:05:00,128.842,131.8242,0.0
2026-06-11 15:10:00,242.692,192.5208,50.1712
2026-06-11 15:15:00,337.599,228.5471,109.0519
2026-06-11 15:20:00,280.256,189.9233,90.3327
2026-06-11 15:25:00,171.997,77.1991,94.7979
2026-06-11 15:30:00,146.928,77.1991,69.7289
2026-06-11 15:35:00,100.352,77.1991,23.1529
2026-06-11 15:40:00,74.228,47.8635,26.3645
2026-06-11 15:45:00,49.48,29.764,19.716
2026-06-11 15:50:00,158.111,54.7803,103.3307
2026-06-11 15:55:00,149.575,54.7803,94.7947
2026-06-11 16:00:00,160.179,60.4311,99.7479
2026-06-11 16:05:00,170.896,86.1733,84.7227
2026-06-11 16:10:00,175.688,86.1733,89.5147
2026-06-11 16:15:00,132.898,86.1733,46.7247
2026-06-11 16:20:00,95.454,162.3448,0.0
2026-06-11 16:25:00,191.352,140.8284,50.5236
2026-06-11 16:30:00,354.983,232.9739,122.0091
2026-06-11 16:35:00,378.273,287.0398,91.2332
2026-06-11 16:40:00,425.246,268.9395,156.3065
2026-06-11 16:45:00,371.11,270.5447,100.5653
2026-06-11 16:50:00,405.139,306.5916,98.5474
2026-06-11 16:55:00,403.695,286.8557,116.8393
2026-06-11 17:00:00,396.961,247.0575,149.9035
2026-06-11 17:05:00,312.966,244.1275,68.8385
2026-06-11 17:10:00,299.083,223.2685,75.8145
2026-06-11 17:15:00,231.046,236.6075,0.0
2026-06-11 17:20:00,196.036,220.2473,0.0
2026-06-11 17:25:00,235.041,183.7274,51.3136
2026-06-11 17:30:00,214.28,126.8817,87.3983
2026-06-11 17:35:00,176.986,106.3765,70.6095
2026-06-11 17:40:00,179.132,159.151,19.981
2026-06-11 17:45:00,225.5,189.7959,35.7041
2026-06-11 17:50:00,263.446,219.3924,44.0536
2026-06-11 17:55:00,253.383,180.4534,72.9296
2026-06-11 18:00:00,211.242,137.5369,73.7051
2026-06-11 18:05:00,164.287,137.5369,26.7501
2026-06-11 18:10:00,159.905,97.397,62.508
2026-06-11 18:15:00,154.03,130.3653,23.6647
2026-06-11 18:20:00,158.887,103.1735,55.7135
2026-06-11 18:25:00,88.119,69.755,18.364
2026-06-11 18:30:00,81.504,69.755,11.749
2026-06-11 18:35:00,75.275,53.7669,21.5081
2026-06-11 18:40:00,31.892,32.2766,0.0
2026-06-11 18:45:00,64.31,54.4827,9.8273
2026-06-11 18:50:00,55.214,40.0873,15.1267
2026-06-11 18:55:00,44.239,86.6221,0.0
2026-06-11 19:00:00,152.973,86.6221,66.3509
2026-06-11 19:05:00,133.225,102.6066,30.6184
2026-06-11 19:10:00,119.2,117.3615,1.8385
2026-06-11 19:15:00,110.1,180.3058,0.0
2026-06-11 19:20:00,356.7,365.0471,0.0
2026-06-11 19:25:00,435.3,313.0077,122.2923
2026-06-11 19:30:00,214.2,169.1278,45.0722
2026-06-11 19:35:00,267.6,150.1601,117.4399
2026-06-11 19:40:00,140.4,126.3708,14.0292
2026-06-11 19:45:00,120.9,77.0379,43.8621
2026-06-11 19:50:00,29.7,21.394,8.306
2026-06-11 19:55:00,48.9,49.0741,0.0
2026-06-11 20:00:00,152.1,113.219,38.881
2026-06-11 20:05:00,137.4,105.4732,31.9268
2026-06-11 20:10:00,139.2,105.4732,33.7268
2026-06-11 20:15:00,190.2,105.4732,84.7268
2026-06-11 20:20:00,187.5,116.0463,71.4537
2026-06-11 20:25:00,152.4,32.2824,120.1176
2026-06-11 20:30:00,97.5,32.2824,65.2176
2026-06-11 20:35:00,93.0,35.6068,57.3932
2026-06-11 20:40:00,93.6,81.1084,12.4916
2026-06-11 20:45:00,142.8,131.8693,10.9307
2026-06-11 20:50:00,182.7,143.6201,39.0799
2026-06-11 20:55:00,144.9,116.3454,28.5546
2026-06-11 21:00:00,93.0,47.1753,45.8247
2026-06-11 21:05:00,55.5,37.0612,18.4388
2026-06-11 21:10:00,56.4,41.7887,14.6113
2026-06-11 21:15:00,72.0,66.4561,5.5439
2026-06-11 21:20:00,116.7,91.035,25.665
2026-06-11 21:25:00,116.7,77.0849,39.6151
2026-06-11 21:30:00,96.6,67.7848,28.8152
2026-06-11 21:35:00,92.7,67.7848,24.9152
2026-06-11 21:40:00,91.5,67.7848,23.7152
2026-06-11 21:45:00,70.2,67.7848,2.4152
2026-06-11 21:50:00,39.0,37.3947,1.6053
2026-06-11 21:55:00,22.8,30.7237,0.0
2026-06-11 22:00:00,23.4,30.7237,0.0
2026-06-11 22:05:00,23.1,24.3741,0.0
2026-06-11 22:10:00,8.1,0.0,8.1
2026-06-11 22:15:00,7.2,0.0,7.2
2026-06-11 22:20:00,6.0,0.0,6.0
2026-06-11 22:25:00,6.6,0.0,6.6
2026-06-11 22:30:00,6.3,0.0,6.3
2026-06-11 22:35:00,6.0,0.0,6.0
2026-06-11 22:40:00,9.9,0.0,9.9
2026-06-11 22:45:00,6.6,0.0,6.6
2026-06-11 22:50:00,5.7,0.0,5.7
2026-06-11 22:55:00,5.4,0.0,5.4
2026-06-11 23:00:00,6.0,0.0,6.0
2026-06-11 23:05:00,6.3,0.0,6.3
2026-06-11 23:10:00,6.6,0.0,6.6
2026-06-11 23:15:00,6.3,0.0,6.3
2026-06-11 23:20:00,6.9,0.0,6.9
2026-06-11 23:25:00,6.6,0.0,6.6
2026-06-11 23:30:00,6.6,0.0,6.6
2026-06-11 23:35:00,7.5,63.1725,0.0
2026-06-11 23:40:00,76.8,41.8275,34.9725
2026-06-11 23:45:00,6.3,0.0,6.3
2026-06-11 23:50:00,6.9,0.0,6.9
2026-06-11 23:55:00,7.5,12.3273,0.0
2026-06-12 00:00:00,125.9,179.0677,0.0
2026-06-12 00:05:00,403.0,275.8632,127.1368
2026-06-12 00:10:00,395.7,275.8632,119.8368
2026-06-12 00:15:00,376.1,275.8632,100.2368
2026-06-12 00:20:00,326.1,294.428,31.672
2026-06-12 00:25:00,263.5,363.9301,0.0
2026-06-12 00:30:00,253.1,267.0745,0.0
2026-06-12 00:35:00,185.6,154.4394,31.1606
2026-06-12 00:40:00,161.3,133.0378,28.2622
2026-06-12 00:45:00,117.9,118.9829,0.0
2026-06-12 00:50:00,81.4,78.3804,3.0196
2026-06-12 00:55:00,68.1,74.1736,0.0
2026-06-12 01:00:00,59.6,59.7972,0.0
2026-06-12 01:05:00,47.6,93.4518,0.0
2026-06-12 01:10:00,111.5,31.2682,80.2318
2026-06-12 01:15:00,30.6,88.1726,0.0
2026-06-12 01:20:00,131.0,90.3861,40.6139
2026-06-12 01:25:00,130.5,120.2833,10.2167
2026-06-12 01:30:00,177.0,112.4199,64.5801
2026-06-12 01:35:00,167.9,124.0056,43.8944
2026-06-12 01:40:00,181.4,132.1682,49.2318
2026-06-12 01:45:00,137.5,132.1682,5.3318
2026-06-12 01:50:00,84.2,73.1409,11.0591
2026-06-12 01:55:00,53.1,58.3841,0.0
2026-06-12 02:00:00,42.2,58.3841,0.0
2026-06-12 02:05:00,42.2,58.3841,0.0
2026-06-12 02:10:00,32.1,20.6498,11.4502
2026-06-12 02:15:00,23.4,40.0686,0.0
2026-06-12 02:20:00,57.0,56.4718,0.5282
2026-06-12 02:25:00,55.4,51.2714,4.1286
2026-06-12 02:30:00,45.3,36.7235,8.5765
2026-06-12 02:35:00,50.9,36.7235,14.1765
2026-06-12 02:40:00,44.6,9.4257,35.1743
2026-06-12 02:45:00,6.0,0.0,6.0
2026-06-12 02:50:00,6.3,26.9559,0.0
2026-06-12 02:55:00,102.5,47.0161,55.4839
2026-06-12 03:00:00,63.2,47.0161,16.1839
2026-06-12 03:05:00,20.6,46.0758,0.0
2026-06-12 03:10:00,10.6,8.1071,2.4929
2026-06-12 03:15:00,81.7,32.8665,48.8335
2026-06-12 03:20:00,83.9,32.8665,51.0335
2026-06-12 03:25:00,90.3,32.8665,57.4335
2026-06-12 03:30:00,86.9,49.752,37.148
2026-06-12 03:35:00,163.5,66.8642,96.6358
2026-06-12 03:40:00,146.3,66.8642,79.4358
2026-06-12 03:45:00,148.0,66.8642,81.1358
2026-06-12 03:50:00,135.3,66.8642,68.4358
2026-06-12 03:55:00,124.2,66.8642,57.3358
2026-06-12 04:00:00,78.7,66.8642,11.8358
2026-06-12 04:05:00,76.6,66.8642,9.7358
2026-06-12 04:10:00,49.5,66.8642,0.0
2026-06-12 04:15:00,46.8,66.8642,0.0
2026-06-12 04:20:00,41.4,66.8642,0.0
2026-06-12 04:25:00,41.2,66.8642,0.0
2026-06-12 04:30:00,36.7,66.8642,0.0
2026-06-12 04:35:00,36.2,66.8642,0.0
2026-06-12 04:40:00,26.9,66.8642,0.0
2026-06-12 04:45:00,23.1,66.8642,0.0
2026-06-12 04:50:00,21.3,60.6313,0.0
2026-06-12 04:55:00,16.6,32.8665,0.0
2026-06-12 05:00:00,15.4,26.2932,0.0
2026-06-12 05:05:00,7.9,0.0,7.9
2026-06-12 05:10:00,7.0,0.0,7.0
2026-06-12 05:15:00,5.8,9.5964,0.0
2026-06-12 05:20:00,146.2,65.4298,80.7702
2026-06-12 05:25:00,118.4,65.4298,52.9702
2026-06-12 05:30:00,111.4,65.4298,45.9702
2026-06-12 05:35:00,98.2,65.4298,32.7702
2026-06-12 05:40:00,69.495,65.4298,4.0652
2026-06-12 05:45:00,53.206,65.4298,0.0
2026-06-12 05:50:00,45.188,92.59,0.0
2026-06-12 05:55:00,60.397,65.4157,0.0
2026-06-12 06:00:00,49.123,31.8284,17.2946
2026-06-12 06:05:00,45.408,36.6771,8.7309
2026-06-12 06:10:00,61.626,45.1736,16.4524
2026-06-12 06:15:00,55.432,37.1665,18.2655
2026-06-12 06:20:00,46.615,31.8284,14.7866
2026-06-12 06:25:00,42.819,31.8284,10.9906
2026-06-12 06:30:00,43.751,85.9082,0.0
2026-06-12 06:35:00,247.336,152.8429,94.4931
2026-06-12 06:40:00,204.136,173.4962,30.6398
2026-06-12 06:45:00,198.399,246.8374,0.0
2026-06-12 06:50:00,194.391,192.4968,1.8942
2026-06-12 06:55:00,266.775,267.1318,0.0
2026-06-12 07:00:00,248.792,214.1757,34.6163
2026-06-12 07:05:00,264.892,214.1757,50.7163
2026-06-12 07:10:00,258.21,170.5912,87.6188
2026-06-12 07:15:00,161.394,161.5043,0.0
2026-06-12 07:20:00,181.75,176.287,5.463
2026-06-12 07:25:00,117.476,133.3397,0.0
2026-06-12 07:30:00,148.821,170.3181,0.0
2026-06-12 07:35:00,364.058,259.0807,104.9773
2026-06-12 07:40:00,442.075,328.2329,113.8421
2026-06-12 07:45:00,446.254,346.7095,99.5445
2026-06-12 07:50:00,401.72,322.368,79.352
2026-06-12 07:55:00,341.959,353.3339,0.0
2026-06-12 08:00:00,320.269,280.5313,39.7377
2026-06-12 08:05:00,317.106,279.6331,37.4729
2026-06-12 08:10:00,432.385,315.8609,116.5241
2026-06-12 08:15:00,362.611,330.9187,31.6923
2026-06-12 08:20:00,447.23,332.6937,114.5363
2026-06-12 08:25:00,317.797,297.6629,20.1341
2026-06-12 08:30:00,282.279,281.9528,0.3262
2026-06-12 08:35:00,199.803,135.5166,64.2864
2026-06-12 08:40:00,154.83,167.0723,0.0
2026-06-12 08:45:00,213.051,190.7561,22.2949
2026-06-12 08:50:00,226.097,182.5808,43.5162
2026-06-12 08:55:00,274.249,152.6845,121.5645
2026-06-12 09:00:00,289.62,150.1333,139.4867
2026-06-12 09:05:00,265.603,235.382,30.221
2026-06-12 09:10:00,341.122,252.8996,88.2224
2026-06-12 09:15:00,339.371,251.1873,88.1837
2026-06-12 09:20:00,275.305,210.5962,64.7088
2026-06-12 09:25:00,216.675,183.3473,33.3277
2026-06-12 09:30:00,229.466,198.5388,30.9272
2026-06-12 09:35:00,373.297,269.7612,103.5358
2026-06-12 09:40:00,377.372,282.4848,94.8872
2026-06-12 09:45:00,409.415,302.17,107.245
2026-06-12 09:50:00,325.373,308.052,17.321
2026-06-12 09:55:00,307.846,216.554,91.292
2026-06-12 10:00:00,351.78,217.3939,134.3861
2026-06-12 10:05:00,272.997,201.1358,71.8612
2026-06-12 10:10:00,241.685,160.2663,81.4187
2026-06-12 10:15:00,157.507,158.2154,0.0
2026-06-12 10:20:00,261.922,124.839,137.083
2026-06-12 10:25:00,213.328,116.6026,96.7254
2026-06-12 10:30:00,226.475,149.2237,77.2513
2026-06-12 10:35:00,255.038,177.633,77.405
2026-06-12 10:40:00,369.019,239.864,129.155
2026-06-12 10:45:00,330.417,237.9783,92.4387
2026-06-12 10:50:00,278.394,168.7546,109.6394
2026-06-12 10:55:00,312.71,201.1675,111.5425
2026-06-12 11:00:00,360.715,245.0073,115.7077
2026-06-12 11:05:00,271.46,173.1234,98.3366
2026-06-12 11:10:00,294.425,158.8223,135.6027
2026-06-12 11:15:00,259.864,190.9028,68.9612
2026-06-12 11:20:00,246.855,241.9283,4.9267
2026-06-12 11:25:00,367.691,249.6306,118.0604
2026-06-12 11:30:00,403.541,259.1666,144.3744
2026-06-12 11:35:00,437.894,326.4193,111.4747
2026-06-12 11:40:00,564.876,313.6764,251.1996
2026-06-12 11:45:00,570.337,334.6389,235.6981
2026-06-12 11:50:00,449.416,334.6389,114.7771
2026-06-12 11:55:00,386.363,334.6389,51.7241
2026-06-12 12:00:00,324.866,327.5226,0.0
2026-06-12 12:05:00,360.592,375.6223,0.0
2026-06-12 12:10:00,336.455,366.372,0.0
2026-06-12 12:15:00,404.922,331.3739,73.5481
2026-06-12 12:20:00,456.833,343.8459,112.9871
2026-06-12 12:25:00,381.513,296.4556,85.0574
2026-06-12 12:30:00,368.31,356.0506,12.2594
2026-06-12 12:35:00,453.042,308.3917,144.6503
2026-06-12 12:40:00,357.099,348.5959,8.5031
2026-06-12 12:45:00,466.005,341.4641,124.5409
2026-06-12 12:50:00,425.729,363.2667,62.4623
2026-06-12 12:55:00,384.254,290.327,93.927
2026-06-12 13:00:00,323.346,285.6671,37.6789
2026-06-12 13:05:00,427.69,314.6164,113.0736
2026-06-12 13:10:00,351.596,311.4416,40.1544
2026-06-12 13:15:00,450.624,333.2761,117.3479
2026-06-12 13:20:00,512.325,351.8253,160.4997
2026-06-12 13:25:00,458.426,346.9695,111.4565
2026-06-12 13:30:00,351.511,285.2943,66.2167
2026-06-12 13:35:00,319.284,246.5823,72.7017
2026-06-12 13:40:00,326.402,253.9008,72.5012
2026-06-12 13:45:00,264.707,210.8484,53.8586
2026-06-12 13:50:00,216.472,185.2002,31.2718
2026-06-12 13:55:00,182.898,163.2909,19.6071
2026-06-12 14:00:00,154.79,127.5533,27.2367
2026-06-12 14:05:00,121.2,77.2605,43.9395
2026-06-12 14:10:00,213.473,34.1699,179.3031
2026-06-12 14:15:00,156.679,0.0,156.679
2026-06-12 14:20:00,144.807,18.2329,126.5741
2026-06-12 14:25:00,165.585,82.8767,82.7083
2026-06-12 14:30:00,154.241,54.4224,99.8186
2026-06-12 14:35:00,77.271,0.0,77.271
2026-06-12 14:40:00,45.944,0.0,45.944
2026-06-12 14:45:00,56.372,0.0,56.372
2026-06-12 14:50:00,106.295,0.0,106.295
2026-06-12 14:55:00,61.143,0.0,61.143
2026-06-12 15:00:00,60.762,39.8308,20.9312
2026-06-12 15:05:00,110.922,49.582,61.34
2026-06-12 15:10:00,128.156,49.582,78.574
2026-06-12 15:15:00,112.813,49.582,63.231
2026-06-12 15:20:00,132.895,49.582,83.313
2026-06-12 15:25:00,112.856,59.7763,53.0797
2026-06-12 15:30:00,152.01,80.165,71.845
2026-06-12 15:35:00,151.568,61.2795,90.2885
2026-06-12 15:40:00,142.569,62.3273,80.2417
2026-06-12 15:45:00,129.512,72.3547,57.1573
2026-06-12 15:50:00,161.389,108.196,53.193
2026-06-12 15:55:00,178.236,139.5697,38.6663
2026-06-12 16:00:00,183.104,158.7965,24.3075
2026-06-12 16:05:00,247.556,106.6839,140.8721
2026-06-12 16:10:00,175.812,119.4049,56.4071
2026-06-12 16:15:00,160.231,103.6037,56.6273
2026-06-12 16:20:00,164.291,90.0784,74.2126
2026-06-12 16:25:00,129.447,67.8114,61.6356
2026-06-12 16:30:00,158.219,73.004,85.215
2026-06-12 16:35:00,140.208,72.5037,67.7043
2026-06-12 16:40:00,177.249,123.7496,53.4994
2026-06-12 16:45:00,171.495,151.8605,19.6345
2026-06-12 16:50:00,267.181,225.7791,41.4019
2026-06-12 16:55:00,317.088,219.0867,98.0013
2026-06-12 17:00:00,361.788,242.4529,119.3351
2026-06-12 17:05:00,319.339,235.3391,83.9999
2026-06-12 17:10:00,205.585,138.8042,66.7808
2026-06-12 17:15:00,139.369,83.2975,56.0715
2026-06-12 17:20:00,152.492,81.8123,70.6797
2026-06-12 17:25:00,107.111,57.0889,50.0221
2026-06-12 17:30:00,115.027,43.2361,71.7909
2026-06-12 17:35:00,102.643,4.1234,98.5196
2026-06-12 17:40:00,79.186,8.6597,70.5263
2026-06-12 17:45:00,100.451,28.2382,72.2128
2026-06-12 17:50:00,121.393,28.2382,93.1548
2026-06-12 17:55:00,107.629,28.2382,79.3908
2026-06-12 18:00:00,69.016,101.1716,0.0
2026-06-12 18:05:00,155.364,122.1438,33.2202
2026-06-12 18:10:00,141.716,122.1438,19.5722
2026-06-12 18:15:00,140.557,122.1438,18.4132
2026-06-12 18:20:00,109.145,99.2539,9.8911
2026-06-12 18:25:00,55.992,55.5023,0.4897
2026-06-12 18:30:00,63.989,44.9452,19.0438
2026-06-12 18:35:00,63.853,100.9875,0.0
2026-06-12 18:40:00,133.899,108.3893,25.5097
2026-06-12 18:45:00,132.636,88.2987,44.3373
2026-06-12 18:50:00,61.623,58.2879,3.3351
2026-06-12 18:55:00,106.64,85.3777,21.2623
2026-06-12 19:00:00,106.316,117.8766,0.0
2026-06-12 19:05:00,143.175,112.7721,30.4029
2026-06-12 19:10:00,168.6,207.4149,0.0
2026-06-12 19:15:00,271.5,218.8115,52.6885
2026-06-12 19:20:00,240.0,243.8942,0.0
2026-06-12 19:25:00,335.0,286.0968,48.9032
2026-06-12 19:30:00,296.0,201.8035,94.1965
2026-06-12 19:35:00,158.3,122.2175,36.0825
2026-06-12 19:40:00,111.5,53.3764,58.1236
2026-06-12 19:45:00,55.9,32.4247,23.4753
2026-06-12 19:50:00,60.3,32.4247,27.8753
2026-06-12 19:55:00,57.0,68.9402,0.0
2026-06-12 20:00:00,105.4,82.4459,22.9541
2026-06-12 20:05:00,105.7,118.5326,0.0
2026-06-12 20:10:00,209.6,186.542,23.058
2026-06-12 20:15:00,195.2,120.1537,75.0463
2026-06-12 20:20:00,83.2,131.6516,0.0
2026-06-12 20:25:00,122.6,100.74,21.86
2026-06-12 20:30:00,123.5,81.805,41.695
2026-06-12 20:35:00,55.6,22.1761,33.4239
2026-06-12 20:40:00,8.1,57.025,0.0
2026-06-12 20:45:00,119.5,81.1904,38.3096
2026-06-12 20:50:00,96.1,106.2503,0.0
2026-06-12 20:55:00,157.5,133.2186,24.2814
2026-06-12 21:00:00,155.1,127.3853,27.7147
2026-06-12 21:05:00,109.2,104.9591,4.2409
2026-06-12 21:10:00,113.7,85.3457,28.3543
2026-06-12 21:15:00,82.5,63.1781,19.3219
2026-06-12 21:20:00,80.1,58.0801,22.0199
2026-06-12 21:25:00,53.7,34.3216,19.3784
2026-06-12 21:30:00,51.0,34.3216,16.6784
2026-06-12 21:35:00,48.0,34.3216,13.6784
2026-06-12 21:40:00,53.1,34.3216,18.7784
2026-06-12 21:45:00,48.6,34.3216,14.2784
2026-06-12 21:50:00,47.7,34.3216,13.3784
2026-06-12 21:55:00,38.7,34.3216,4.3784
2026-06-12 22:00:00,33.6,34.3216,0.0
2026-06-12 22:05:00,32.7,12.699,20.001
2026-06-12 22:10:00,8.4,0.0,8.4
2026-06-12 22:15:00,7.8,0.0,7.8
2026-06-12 22:20:00,8.7,0.0,8.7
2026-06-12 22:25:00,8.4,0.0,8.4
2026-06-12 22:30:00,8.4,0.0,8.4
2026-06-12 22:35:00,8.1,0.0,8.1
2026-06-12 22:40:00,8.4,0.0,8.4
2026-06-12 22:45:00,8.1,0.0,8.1
2026-06-12 22:50:00,7.8,0.0,7.8
2026-06-12 22:55:00,8.7,0.0,8.7
2026-06-12 23:00:00,8.7,0.0,8.7
2026-06-12 23:05:00,8.1,0.0,8.1
2026-06-12 23:10:00,8.7,0.0,8.7
2026-06-12 23:15:00,8.4,0.0,8.4
2026-06-12 23:20:00,8.1,0.0,8.1
2026-06-12 23:25:00,8.1,0.0,8.1
2026-06-12 23:30:00,8.1,0.0,8.1
2026-06-12 23:35:00,8.4,0.0,8.4
2026-06-12 23:40:00,8.1,30.7972,0.0
2026-06-12 23:45:00,100.2,78.3817,21.8183
2026-06-12 23:50:00,144.0,131.02,12.98
2026-06-12 23:55:00,174.3,245.1658,0.0
2026-06-13 00:00:00,298.4,341.0189,0.0
2026-06-13 00:05:00,471.9,420.5118,51.3882
2026-06-13 00:10:00,571.0,473.2725,97.7275
2026-06-13 00:15:00,602.9,442.4546,160.4454
2026-06-13 00:20:00,555.5,454.0753,101.4247
2026-06-13 00:25:00,546.2,458.0326,88.1674
2026-06-13 00:30:00,446.3,337.1927,109.1073
2026-06-13 00:35:00,238.1,211.8105,26.2895
2026-06-13 00:40:00,235.1,206.0423,29.0577
2026-06-13 00:45:00,211.8,206.0423,5.7577
2026-06-13 00:50:00,191.9,206.0423,0.0
2026-06-13 00:55:00,144.3,217.623,0.0
2026-06-13 01:00:00,122.4,154.6049,0.0
2026-06-13 01:05:00,82.0,144.1684,0.0
2026-06-13 01:10:00,151.5,158.9072,0.0
2026-06-13 01:15:00,136.3,126.2718,10.0282
2026-06-13 01:20:00,114.2,84.9008,29.2992
2026-06-13 01:25:00,109.9,83.6338,26.2662
2026-06-13 01:30:00,99.5,77.5529,21.9471
2026-06-13 01:35:00,97.6,108.507,0.0
2026-06-13 01:40:00,176.0,138.576,37.424
2026-06-13 01:45:00,176.0,138.576,37.424
2026-06-13 01:50:00,172.7,138.576,34.124
2026-06-13 01:55:00,148.0,138.576,9.424
2026-06-13 02:00:00,134.5,138.576,0.0
2026-06-13 02:05:00,130.2,128.8434,1.3566
2026-06-13 02:10:00,79.0,83.7664,0.0
2026-06-13 02:15:00,57.8,53.2849,4.5151
2026-06-13 02:20:00,46.2,36.8411,9.3589
2026-06-13 02:25:00,47.2,36.8411,10.3589
2026-06-13 02:30:00,46.7,36.8411,9.8589
2026-06-13 02:35:00,46.6,64.3997,0.0
2026-06-13 02:40:00,97.4,53.7165,43.6835
2026-06-13 02:45:00,61.9,53.7165,8.1835
2026-06-13 02:50:00,19.5,12.3548,7.1452
2026-06-13 02:55:00,7.7,0.0,7.7
2026-06-13 03:00:00,8.8,0.0,8.8
2026-06-13 03:05:00,10.3,0.0,10.3
2026-06-13 03:10:00,11.0,0.0,11.0
2026-06-13 03:15:00,11.6,22.737,0.0
2026-06-13 03:20:00,85.3,28.903,56.397
2026-06-13 03:25:00,78.8,28.903,49.897
2026-06-13 03:30:00,67.7,28.903,38.797
2026-06-13 03:35:00,54.0,62.3307,0.0
2026-06-13 03:40:00,159.0,136.7426,22.2574
2026-06-13 03:45:00,207.3,156.912,50.388
2026-06-13 03:50:00,173.2,161.843,11.357
2026-06-13 03:55:00,213.3,229.9695,0.0
2026-06-13 04:00:00,179.6,155.3067,24.2933
2026-06-13 04:05:00,181.5,127.6444,53.8556
2026-06-13 04:10:00,188.1,159.5806,28.5194
2026-06-13 04:15:00,184.9,159.5806,25.3194
2026-06-13 04:20:00,186.5,173.8843,12.6157
2026-06-13 04:25:00,255.9,165.9956,89.9044
2026-06-13 04:30:00,209.6,156.843,52.757
2026-06-13 04:35:00,164.3,187.3046,0.0
2026-06-13 04:40:00,167.4,141.2198,26.1802
2026-06-13 04:45:00,188.0,103.7368,84.2632
2026-06-13 04:50:00,125.1,103.7368,21.3632
2026-06-13 04:55:00,91.3,145.0278,0.0
2026-06-13 05:00:00,132.6,100.6773,31.9227
2026-06-13 05:05:00,113.2,78.073,35.127
2026-06-13 05:10:00,86.2,117.0497,0.0
2026-06-13 05:15:00,111.5,117.0497,0.0
2026-06-13 05:20:00,121.7,117.0497,4.6503
2026-06-13 05:25:00,126.0,117.0497,8.9503
2026-06-13 05:30:00,93.6,163.3648,0.0
2026-06-13 05:35:00,198.373,185.7216,12.6514
2026-06-13 05:40:00,223.101,197.2306,25.8704
2026-06-13 05:45:00,191.921,151.6072,40.3138
2026-06-13 05:50:00,181.567,151.6072,29.9598
2026-06-13 05:55:00,143.032,134.4939,8.5381
2026-06-13 06:00:00,147.766,102.79,44.976
2026-06-13 06:05:00,124.056,96.5917,27.4643
2026-06-13 06:10:00,91.037,96.5917,0.0
2026-06-13 06:15:00,81.53,107.9473,0.0
2026-06-13 06:20:00,198.655,197.3454,1.3096
2026-06-13 06:25:00,223.913,187.1875,36.7255
2026-06-13 06:30:00,203.318,162.5553,40.7627
2026-06-13 06:35:00,187.954,133.6654,54.2886
2026-06-13 06:40:00,186.859,133.6654,53.1936
2026-06-13 06:45:00,171.889,145.2819,26.6071
2026-06-13 06:50:00,219.667,206.1072,13.5598
2026-06-13 06:55:00,328.43,289.2636,39.1664
2026-06-13 07:00:00,289.697,264.2871,25.4099
2026-06-13 07:05:00,299.771,218.5253,81.2457
2026-06-13 07:10:00,261.906,236.5889,25.3171
2026-06-13 07:15:00,244.967,240.2016,4.7654
2026-06-13 07:20:00,175.977,156.8745,19.1025
2026-06-13 07:25:00,103.07,86.8902,16.1798
2026-06-13 07:30:00,84.279,153.5656,0.0
2026-06-13 07:35:00,238.598,215.0469,23.5511
2026-06-13 07:40:00,324.514,210.0589,114.4551
2026-06-13 07:45:00,260.265,168.649,91.616
2026-06-13 07:50:00,238.216,168.649,69.567
2026-06-13 07:55:00,185.489,237.5245,0.0
2026-06-13 08:00:00,237.132,217.6672,19.4648
2026-06-13 08:05:00,210.535,151.9394,58.5956
2026-06-13 08:10:00,224.698,178.9119,45.7861
2026-06-13 08:15:00,244.838,197.8728,46.9652
2026-06-13 08:20:00,222.153,190.532,31.621
2026-06-13 08:25:00,293.012,217.6503,75.3617
2026-06-13 08:30:00,270.521,176.3051,94.2159
2026-06-13 08:35:00,230.382,150.56,79.822
2026-06-13 08:40:00,208.727,124.5085,84.2185
2026-06-13 08:45:00,156.207,138.74,17.467
2026-06-13 08:50:00,165.737,183.913,0.0
2026-06-13 08:55:00,339.873,258.4571,81.4159
2026-06-13 09:00:00,382.893,285.8342,97.0588
2026-06-13 09:05:00,412.583,304.5141,108.0689
2026-06-13 09:10:00,371.077,298.6487,72.4283
2026-06-13 09:15:00,331.087,238.6895,92.3975
2026-06-13 09:20:00,316.99,243.2585,73.7315
2026-06-13 09:25:00,327.791,268.434,59.357
2026-06-13 09:30:00,385.209,279.9898,105.2192
2026-06-13 09:35:00,359.736,319.2005,40.5355
2026-06-13 09:40:00,361.275,238.5718,122.7032
2026-06-13 09:45:00,290.274,189.2577,101.0163
2026-06-13 09:50:00,287.649,154.4952,133.1538
2026-06-13 09:55:00,242.049,147.834,94.215
2026-06-13 10:00:00,203.344,197.1056,6.2384
2026-06-13 10:05:00,288.11,207.3239,80.7861
2026-06-13 10:10:00,247.394,210.0169,37.3771
2026-06-13 10:15:00,266.261,218.3489,47.9121
2026-06-13 10:20:00,236.604,95.3392,141.2648
2026-06-13 10:25:00,86.089,42.0475,44.0415
2026-06-13 10:30:00,128.773,91.0952,37.6778
2026-06-13 10:35:00,188.712,91.2477,97.4643
2026-06-13 10:40:00,181.375,91.2477,90.1273
2026-06-13 10:45:00,180.199,91.2477,88.9513
2026-06-13 10:50:00,161.557,124.8491,36.7079
2026-06-13 10:55:00,211.728,113.6286,98.0994
2026-06-13 11:00:00,159.485,101.3727,58.1123
2026-06-13 11:05:00,164.195,140.9845,23.2105
2026-06-13 11:10:00,261.163,155.3411,105.8219
2026-06-13 11:15:00,208.313,118.6076,89.7054
2026-06-13 11:20:00,149.161,103.0374,46.1236
2026-06-13 11:25:00,238.053,218.8981,19.1549
2026-06-13 11:30:00,319.193,255.22,63.973
2026-06-13 11:35:00,346.796,249.0833,97.7127
2026-06-13 11:40:00,319.088,247.7228,71.3652
2026-06-13 11:45:00,295.006,226.6473,68.3587
2026-06-13 11:50:00,274.316,186.5155,87.8005
2026-06-13 11:55:00,376.857,290.1936,86.6634
2026-06-13 12:00:00,527.329,346.7936,180.5354
2026-06-13 12:05:00,469.186,357.2443,111.9417
2026-06-13 12:10:00,416.053,352.2205,63.8325
2026-06-13 12:15:00,288.399,217.0632,71.3358
2026-06-13 12:20:00,221.018,250.3013,0.0
2026-06-13 12:25:00,442.091,294.413,147.678
2026-06-13 12:30:00,359.726,294.413,65.313
2026-06-13 12:35:00,284.811,237.3692,47.4418
2026-06-13 12:40:00,177.622,170.8937,6.7283
2026-06-13 12:45:00,247.632,194.8378,52.7942
2026-06-13 12:50:00,298.821,224.1064,74.7146
2026-06-13 12:55:00,308.967,262.8608,46.1062
2026-06-13 13:00:00,412.924,293.4018,119.5222
2026-06-13 13:05:00,415.018,293.4018,121.6162
2026-06-13 13:10:00,363.3,259.8371,103.4629
2026-06-13 13:15:00,246.266,221.9878,24.2782
2026-06-13 13:20:00,262.98,271.2555,0.0
2026-06-13 13:25:00,332.736,248.7032,84.0328
2026-06-13 13:30:00,290.694,243.0674,47.6266
2026-06-13 13:35:00,409.167,275.3976,133.7694
2026-06-13 13:40:00,422.149,276.2117,145.9373
2026-06-13 13:45:00,300.879,250.1295,50.7495
2026-06-13 13:50:00,283.841,224.5849,59.2561
2026-06-13 13:55:00,234.576,236.5452,0.0
2026-06-13 14:00:00,135.267,149.5463,0.0
2026-06-13 14:05:00,211.937,138.5579,73.3791
2026-06-13 14:10:00,201.059,168.888,32.171
2026-06-13 14:15:00,277.611,184.9844,92.6266
2026-06-13 14:20:00,291.441,175.1943,116.2467
2026-06-13 14:25:00,247.261,178.7799,68.4811
2026-06-13 14:30:00,272.798,172.2011,100.5969
2026-06-13 14:35:00,256.872,178.6853,78.1867
2026-06-13 14:40:00,270.483,175.9724,94.5106
2026-06-13 14:45:00,316.918,240.5261,76.3919
2026-06-13 14:50:00,320.034,219.2807,100.7533
2026-06-13 14:55:00,326.325,248.2879,78.0371
2026-06-13 15:00:00,295.245,206.9405,88.3045
2026-06-13 15:05:00,169.731,118.8464,50.8846
2026-06-13 15:10:00,153.46,114.8924,38.5676
2026-06-13 15:15:00,131.455,203.5761,0.0
2026-06-13 15:20:00,238.835,160.8495,77.9855
2026-06-13 15:25:00,218.987,175.347,43.64
2026-06-13 15:30:00,292.363,119.3144,173.0486
2026-06-13 15:35:00,167.484,138.8026,28.6814
2026-06-13 15:40:00,129.162,83.9222,45.2398
2026-06-13 15:45:00,140.308,56.7456,83.5624
2026-06-13 15:50:00,101.091,85.7453,15.3457
2026-06-13 15:55:00,199.028,123.4282,75.5998
2026-06-13 16:00:00,175.807,193.4544,0.0
2026-06-13 16:05:00,345.211,297.0031,48.2079
2026-06-13 16:10:00,360.997,276.8462,84.1508
2026-06-13 16:15:00,318.071,258.4129,59.6581
2026-06-13 16:20:00,265.752,169.3115,96.4405
2026-06-13 16:25:00,167.171,162.9335,4.2375
2026-06-13 16:30:00,247.727,168.4873,79.2397
2026-06-13 16:35:00,223.118,121.2414,101.8766
2026-06-13 16:40:00,173.336,83.5151,89.8209
2026-06-13 16:45:00,152.032,133.6969,18.3351
2026-06-13 16:50:00,286.245,156.0815,130.1635
2026-06-13 16:55:00,244.034,156.0815,87.9525
2026-06-13 17:00:00,208.412,124.2881,84.1239
2026-06-13 17:05:00,193.932,116.7113,77.2207
2026-06-13 17:10:00,230.923,181.7256,49.1974
2026-06-13 17:15:00,238.549,181.0464,57.5026
2026-06-13 17:20:00,168.072,159.8003,8.2717
2026-06-13 17:25:00,224.513,126.1245,98.3885
2026-06-13 17:30:00,163.168,93.6752,69.4928
2026-06-13 17:35:00,186.045,92.9221,93.1229
2026-06-13 17:40:00,240.253,131.7598,108.4932
2026-06-13 17:45:00,253.828,163.2022,90.6258
2026-06-13 17:50:00,282.763,145.5649,137.1981
2026-06-13 17:55:00,169.359,107.0349,62.3241
2026-06-13 18:00:00,102.582,107.0349,0.0
2026-06-13 18:05:00,86.973,107.0349,0.0
2026-06-13 18:10:00,56.643,43.8184,12.8246
2026-06-13 18:15:00,51.019,41.6031,9.4159
2026-06-13 18:20:00,88.336,64.897,23.439
2026-06-13 18:25:00,85.86,64.897,20.963
2026-06-13 18:30:00,71.949,54.3919,17.5571
2026-06-13 18:35:00,31.68,30.6413,1.0387
2026-06-13 18:40:00,28.3,16.9911,11.3089
2026-06-13 18:45:00,51.141,95.5881,0.0
2026-06-13 18:50:00,159.13,153.1337,5.9963
2026-06-13 18:55:00,195.766,151.8836,43.8824
2026-06-13 19:00:00,153.0,123.7014,29.2986
2026-06-13 19:05:00,140.7,148.7029,0.0
2026-06-13 19:10:00,159.3,126.0581,33.2419
2026-06-13 19:15:00,138.6,123.5014,15.0986
2026-06-13 19:20:00,108.9,100.0427,8.8573
2026-06-13 19:25:00,99.0,92.1543,6.8457
2026-06-13 19:30:00,73.5,27.138,46.362
2026-06-13 19:35:00,13.8,6.4823,7.3177
2026-06-13 19:40:00,14.1,0.0,14.1
2026-06-13 19:45:00,7.8,0.0,7.8
2026-06-13 19:50:00,11.4,14.3645,0.0
2026-06-13 19:55:00,32.7,16.966,15.734
2026-06-13 20:00:00,32.7,16.966,15.734
2026-06-13 20:05:00,31.8,57.4628,0.0
2026-06-13 20:10:00,99.0,61.468,37.532
2026-06-13 20:15:00,85.5,61.468,24.032
2026-06-13 20:20:00,70.5,61.468,9.032
2026-06-13 20:25:00,72.6,91.347,0.0
2026-06-13 20:30:00,119.1,66.7062,52.3938
2026-06-13 20:35:00,86.4,72.4652,13.9348
2026-06-13 20:40:00,128.1,105.9718,22.1282
2026-06-13 20:45:00,111.9,103.2572,8.6428
2026-06-13 20:50:00,98.4,89.0058,9.3942
2026-06-13 20:55:00,101.4,89.0058,12.3942
2026-06-13 21:00:00,99.9,73.2818,26.6182
2026-06-13 21:05:00,9.0,0.0,9.0
2026-06-13 21:10:00,7.5,0.0,7.5
2026-06-13 21:15:00,6.9,0.0,6.9
2026-06-13 21:20:00,5.7,0.0,5.7
2026-06-13 21:25:00,6.6,6.2187,0.3813
2026-06-13 21:30:00,42.6,31.6207,10.9793
2026-06-13 21:35:00,41.1,41.9394,0.0
2026-06-13 21:40:00,53.1,37.3249,15.7751
2026-06-13 21:45:00,54.0,37.3249,16.6751
2026-06-13 21:50:00,53.1,62.1908,0.0
2026-06-13 21:55:00,168.9,134.151,34.749
2026-06-13 22:00:00,47.1,37.3249,9.7751
2026-06-13 22:05:00,51.6,37.3249,14.2751
2026-06-13 22:10:00,47.4,37.3249,10.0751
2026-06-13 22:15:00,48.3,37.3249,10.9751
2026-06-13 22:20:00,46.5,37.3249,9.1751
2026-06-13 22:25:00,46.5,37.3249,9.1751
2026-06-13 22:30:00,16.5,3.6081,12.8919
2026-06-13 22:35:00,5.7,0.0,5.7
2026-06-13 22:40:00,6.6,0.0,6.6
2026-06-13 22:45:00,6.6,67.6914,0.0
2026-06-13 22:50:00,94.2,75.4922,18.7078
2026-06-13 22:55:00,87.9,24.9124,62.9876
2026-06-13 23:00:00,6.6,0.0,6.6
2026-06-13 23:05:00,6.3,0.0,6.3
2026-06-13 23:10:00,6.6,0.0,6.6
2026-06-13 23:15:00,6.3,0.0,6.3
2026-06-13 23:20:00,6.9,8.4695,0.0
2026-06-13 23:25:00,51.0,77.5856,0.0
2026-06-13 23:30:00,114.9,83.317,31.583
2026-06-13 23:35:00,115.5,83.317,32.183
2026-06-13 23:40:00,113.1,74.4443,38.6557
2026-06-13 23:45:00,70.8,42.9862,27.8138
2026-06-13 23:50:00,71.4,42.9862,28.4138
2026-06-13 23:55:00,62.4,42.9862,19.4138
2026-06-14 00:00:00,41.8,191.4033,0.0
2026-06-14 00:05:00,317.1,255.5201,61.5799
2026-06-14 00:10:00,316.5,275.8318,40.6682
2026-06-14 00:15:00,426.6,329.8312,96.7688
2026-06-14 00:20:00,406.6,348.5383,58.0617
2026-06-14 00:25:00,365.8,364.4802,1.3198
2026-06-14 00:30:00,385.4,378.0616,7.3384
2026-06-14 00:35:00,323.6,307.7683,15.8317
2026-06-14 00:40:00,296.6,239.2415,57.3585
2026-06-14 00:45:00,194.6,189.7008,4.8992
2026-06-14 00:50:00,132.6,189.7008,0.0
2026-06-14 00:55:00,125.6,98.5114,27.0886
2026-06-14 01:00:00,81.7,116.3311,0.0
2026-06-14 01:05:00,139.7,133.6275,6.0725
2026-06-14 01:10:00,96.2,107.2468,0.0
2026-06-14 01:15:00,135.8,93.6337,42.1663
2026-06-14 01:20:00,135.5,93.6337,41.8663
2026-06-14 01:25:00,97.8,93.6337,4.1663
2026-06-14 01:30:00,72.9,104.066,0.0
2026-06-14 01:35:00,111.8,95.7904,16.0096
2026-06-14 01:40:00,79.6,62.1758,17.4242
2026-06-14 01:45:00,78.6,62.1758,16.4242
2026-06-14 01:50:00,55.6,51.5589,4.0411
2026-06-14 01:55:00,54.3,40.0573,14.2427
2026-06-14 02:00:00,53.4,40.0573,13.3427
2026-06-14 02:05:00,32.2,38.455,0.0
2026-06-14 02:10:00,11.2,0.0,11.2
2026-06-14 02:15:00,6.4,10.414,0.0
2026-06-14 02:20:00,79.6,35.6784,43.9216
2026-06-14 02:25:00,130.0,68.8346,61.1654
2026-06-14 02:30:00,169.5,84.4774,85.0226
2026-06-14 02:35:00,170.7,84.4774,86.2226
2026-06-14 02:40:00,154.9,84.4774,70.4226
2026-06-14 02:45:00,121.7,98.4266,23.2734
2026-06-14 02:50:00,206.8,119.6435,87.1565
2026-06-14 02:55:00,156.1,119.6435,36.4565
2026-06-14 03:00:00,133.3,94.3442,38.9558
2026-06-14 03:05:00,103.4,91.0028,12.3972
2026-06-14 03:10:00,82.3,80.6309,1.6691
2026-06-14 03:15:00,66.9,90.8922,0.0
2026-06-14 03:20:00,131.1,97.2407,33.8593
2026-06-14 03:25:00,126.4,145.6636,0.0
2026-06-14 03:30:00,174.6,176.851,0.0
2026-06-14 03:35:00,252.5,244.2712,8.2288
2026-06-14 03:40:00,201.8,204.9352,0.0
2026-06-14 03:45:00,203.4,204.4036,0.0
2026-06-14 03:50:00,173.7,204.4036,0.0
2026-06-14 03:55:00,169.2,193.5021,0.0
2026-06-14 04:00:00,112.7,91.1215,21.5785
2026-06-14 04:05:00,45.0,50.1947,0.0
2026-06-14 04:10:00,41.0,50.1947,0.0
2026-06-14 04:15:00,35.9,106.8315,0.0
2026-06-14 04:20:00,123.5,103.2166,20.2834
2026-06-14 04:25:00,97.5,89.9311,7.5689
2026-06-14 04:30:00,66.9,70.4623,0.0
2026-06-14 04:35:00,18.3,42.8656,0.0
2026-06-14 04:40:00,6.1,19.255,0.0
2026-06-14 04:45:00,12.4,46.5846,0.0
2026-06-14 04:50:00,71.2,46.5846,24.6154
2026-06-14 04:55:00,71.4,46.5846,24.8154
2026-06-14 05:00:00,71.4,46.5846,24.8154
2026-06-14 05:05:00,50.7,46.5846,4.1154
2026-06-14 05:10:00,51.3,46.5846,4.7154
2026-06-14 05:15:00,51.0,46.5846,4.4154
2026-06-14 05:20:00,50.4,46.5846,3.8154
2026-06-14 05:25:00,63.1,46.5846,16.5154
2026-06-14 05:30:00,51.1,46.5846,4.5154
2026-06-14 05:35:00,33.177,7.9194,25.2576
2026-06-14 05:40:00,5.999,0.0,5.999
2026-06-14 05:45:00,7.237,0.0,7.237
2026-06-14 05:50:00,9.968,48.811,0.0
2026-06-14 05:55:00,125.58,23.5076,102.0724
2026-06-14 06:00:00,59.549,37.4438,22.1052
2026-06-14 06:05:00,61.088,37.4438,23.6442
2026-06-14 06:10:00,53.844,41.2569,12.5871
2026-06-14 06:15:00,123.313,69.8486,53.4644
2026-06-14 06:20:00,102.89,69.8486,33.0414
2026-06-14 06:25:00,97.224,69.8486,27.3754
2026-06-14 06:30:00,87.416,69.8486,17.5674
2026-06-14 06:35:00,75.651,83.1423,0.0
2026-06-14 06:40:00,201.097,198.5722,2.5248
2026-06-14 06:45:00,204.092,180.4721,23.6199
2026-06-14 06:50:00,121.308,148.8202,0.0
2026-06-14 06:55:00,155.164,184.0474,0.0
2026-06-14 07:00:00,199.078,163.1909,35.8871
2026-06-14 07:05:00,192.726,163.1909,29.5351
2026-06-14 07:10:00,196.045,191.4494,4.5956
2026-06-14 07:15:00,274.398,213.9065,60.4915
2026-06-14 07:20:00,331.611,276.5152,55.0958
2026-06-14 07:25:00,339.178,323.1984,15.9796
2026-06-14 07:30:00,279.893,258.4035,21.4895
2026-06-14 07:35:00,350.297,334.0774,16.2196
2026-06-14 07:40:00,446.213,328.7821,117.4309
2026-06-14 07:45:00,414.161,319.093,95.068
2026-06-14 07:50:00,393.786,368.3708,25.4152
2026-06-14 07:55:00,391.895,337.1133,54.7817
2026-06-14 08:00:00,372.455,269.0809,103.3741
2026-06-14 08:05:00,318.809,211.2905,107.5185
2026-06-14 08:10:00,234.148,269.931,0.0
2026-06-14 08:15:00,361.104,294.3474,66.7566
2026-06-14 08:20:00,309.04,233.392,75.648
2026-06-14 08:25:00,242.152,196.7906,45.3614
2026-06-14 08:30:00,185.477,180.9917,4.4853
2026-06-14 08:35:00,156.626,132.1442,24.4818
2026-06-14 08:40:00,154.759,91.5343,63.2247
2026-06-14 08:45:00,163.426,123.8904,39.5356
2026-06-14 08:50:00,257.566,152.9545,104.6115
2026-06-14 08:55:00,257.692,211.9946,45.6974
2026-06-14 09:00:00,322.54,223.9015,98.6385
2026-06-14 09:05:00,266.862,197.7087,69.1533
2026-06-14 09:10:00,182.27,107.6012,74.6688
2026-06-14 09:15:00,146.205,58.686,87.519
2026-06-14 09:20:00,111.048,56.7955,54.2525
2026-06-14 09:25:00,109.243,51.1287,58.1143
2026-06-14 09:30:00,95.402,29.3756,66.0264
2026-06-14 09:35:00,90.92,76.319,14.601
2026-06-14 09:40:00,212.796,101.5962,111.1998
2026-06-14 09:45:00,209.078,100.3233,108.7547
2026-06-14 09:50:00,191.918,93.5388,98.3792
2026-06-14 09:55:00,248.62,158.6457,89.9743
2026-06-14 10:00:00,212.824,158.6457,54.1783
2026-06-14 10:05:00,179.748,126.1464,53.6016
2026-06-14 10:10:00,122.111,55.2825,66.8285
2026-06-14 10:15:00,115.245,34.3487,80.8963
2026-06-14 10:20:00,120.78,34.3487,86.4313
2026-06-14 10:25:00,119.427,55.8772,63.5498
2026-06-14 10:30:00,184.75,64.0919,120.6581
2026-06-14 10:35:00,121.47,33.0017,88.4683
2026-06-14 10:40:00,77.901,8.4737,69.4273
2026-06-14 10:45:00,120.734,39.1095,81.6245
2026-06-14 10:50:00,115.859,100.806,15.053
2026-06-14 10:55:00,219.41,144.1471,75.2629
2026-06-14 11:00:00,248.689,154.0065,94.6825
2026-06-14 11:05:00,250.96,154.0065,96.9535
2026-06-14 11:10:00,253.467,180.6621,72.8049
2026-06-14 11:15:00,241.974,178.6466,63.3274
2026-06-14 11:20:00,283.066,179.6205,103.4455
2026-06-14 11:25:00,280.25,139.8721,140.3779
2026-06-14 11:30:00,303.465,149.9744,153.4906
2026-06-14 11:35:00,239.793,139.8079,99.9851
2026-06-14 11:40:00,243.461,146.3522,97.1088
2026-06-14 11:45:00,303.266,246.7814,56.4846
2026-06-14 11:50:00,480.63,306.476,174.154
2026-06-14 11:55:00,475.369,361.9934,113.3756
2026-06-14 12:00:00,485.601,366.5092,119.0918
2026-06-14 12:05:00,453.849,441.1868,12.6622
2026-06-14 12:10:00,539.02,425.6883,113.3317
2026-06-14 12:15:00,452.71,429.6018,23.1082
2026-06-14 12:20:00,506.704,398.6491,108.0549
2026-06-14 12:25:00,351.406,379.1214,0.0
2026-06-14 12:30:00,251.778,248.3336,3.4444
2026-06-14 12:35:00,252.684,256.918,0.0
2026-06-14 12:40:00,306.9,249.2442,57.6558
2026-06-14 12:45:00,314.53,276.0984,38.4316
2026-06-14 12:50:00,458.044,326.2819,131.7621
2026-06-14 12:55:00,533.504,353.4585,180.0455
2026-06-14 13:00:00,514.332,353.4585,160.8735
2026-06-14 13:05:00,394.627,353.4585,41.1685
2026-06-14 13:10:00,379.617,314.1799,65.4371
2026-06-14 13:15:00,268.653,337.2287,0.0
2026-06-14 13:20:00,361.915,281.9342,79.9808
2026-06-14 13:25:00,244.054,128.0354,116.0186
2026-06-14 13:30:00,314.877,158.2095,156.6675
2026-06-14 13:35:00,245.591,180.1985,65.3925
2026-06-14 13:40:00,236.622,134.6991,101.9229
2026-06-14 13:45:00,180.403,141.772,38.631
2026-06-14 13:50:00,177.693,186.686,0.0
2026-06-14 13:55:00,255.698,261.2271,0.0
2026-06-14 14:00:00,298.627,279.0234,19.6036
2026-06-14 14:05:00,325.964,247.6334,78.3306
2026-06-14 14:10:00,326.004,228.665,97.339
2026-06-14 14:15:00,310.716,209.5908,101.1252
2026-06-14 14:20:00,228.429,111.1015,117.3275
2026-06-14 14:25:00,131.875,65.0749,66.8001
2026-06-14 14:30:00,74.449,63.1524,11.2966
2026-06-14 14:35:00,96.609,57.193,39.416
2026-06-14 14:40:00,222.796,133.4069,89.3891
2026-06-14 14:45:00,221.142,133.4069,87.7351
2026-06-14 14:50:00,217.413,146.682,70.731
2026-06-14 14:55:00,223.954,122.8698,101.0842
2026-06-14 15:00:00,113.388,64.7657,48.6223
2026-06-14 15:05:00,126.522,35.491,91.031
2026-06-14 15:10:00,97.85,32.1173,65.7327
2026-06-14 15:15:00,117.888,32.1173,85.7707
2026-06-14 15:20:00,82.503,32.1173,50.3857
2026-06-14 15:25:00,79.996,66.2499,13.7461
2026-06-14 15:30:00,113.513,60.2304,53.2826
2026-06-14 15:35:00,100.553,32.8276,67.7254
2026-06-14 15:40:00,82.969,49.8954,33.0736
2026-06-14 15:45:00,135.882,51.4206,84.4614
2026-06-14 15:50:00,124.881,51.4206,73.4604
2026-06-14 15:55:00,124.342,58.9511,65.3909
2026-06-14 16:00:00,159.133,110.7751,48.3579
2026-06-14 16:05:00,224.474,164.626,59.848
2026-06-14 16:10:00,198.215,196.0943,2.1207
2026-06-14 16:15:00,195.016,85.185,109.831
2026-06-14 16:20:00,144.738,81.9612,62.7768
2026-06-14 16:25:00,146.268,73.8017,72.4663
2026-06-14 16:30:00,101.35,39.7567,61.5933
2026-06-14 16:35:00,86.533,39.7567,46.7763
2026-06-14 16:40:00,95.637,67.2905,28.3465
2026-06-14 16:45:00,190.897,187.0506,3.8464
2026-06-14 16:50:00,286.001,222.6305,63.3705
2026-06-14 16:55:00,256.157,188.7014,67.4556
2026-06-14 17:00:00,254.167,133.8879,120.2791
2026-06-14 17:05:00,175.029,96.1668,78.8622
2026-06-14 17:10:00,140.183,101.6886,38.4944
2026-06-14 17:15:00,167.09,138.9189,28.1711
2026-06-14 17:20:00,204.436,172.008,32.428
2026-06-14 17:25:00,178.637,128.0378,50.5992
2026-06-14 17:30:00,181.154,110.2501,70.9039
2026-06-14 17:35:00,142.555,78.4914,64.0636
2026-06-14 17:40:00,122.917,66.9294,55.9876
2026-06-14 17:45:00,141.221,109.6153,31.6057
2026-06-14 17:50:00,177.193,113.6658,63.5272
2026-06-14 17:55:00,161.687,88.7291,72.9579
2026-06-14 18:00:00,98.666,48.57,50.096
2026-06-14 18:05:00,46.54,130.6615,0.0
2026-06-14 18:10:00,184.754,160.8153,23.9387
2026-06-14 18:15:00,184.799,139.522,45.277
2026-06-14 18:20:00,136.988,143.5518,0.0
2026-06-14 18:25:00,167.955,174.3544,0.0
2026-06-14 18:30:00,216.109,191.1403,24.9687
2026-06-14 18:35:00,209.373,191.1403,18.2327
2026-06-14 18:40:00,157.553,138.7695,18.7835
2026-06-14 18:45:00,166.991,110.4498,56.5412
2026-06-14 18:50:00,116.526,79.5384,36.9876
2026-06-14 18:55:00,98.7,70.5858,28.1142
2026-06-14 19:00:00,60.6,102.0112,0.0
2026-06-14 19:05:00,147.3,103.5115,43.7885
2026-06-14 19:10:00,144.9,103.5115,41.3885
2026-06-14 19:15:00,135.3,75.1216,60.1784
2026-06-14 19:20:00,102.9,60.0576,42.8424
2026-06-14 19:25:00,69.3,60.0576,9.2424
2026-06-14 19:30:00,51.6,60.0576,0.0
2026-06-14 19:35:00,42.6,60.0576,0.0
2026-06-14 19:40:00,42.0,60.0576,0.0
2026-06-14 19:45:00,14.1,16.6159,0.0
2026-06-14 19:50:00,7.2,6.6662,0.5338
2026-06-14 19:55:00,27.9,14.3874,13.5126
2026-06-14 20:00:00,26.1,39.3028,0.0
2026-06-14 20:05:00,90.0,75.7573,14.2427
2026-06-14 20:10:00,123.3,183.1913,0.0
2026-06-14 20:15:00,253.5,165.6124,87.8876
2026-06-14 20:20:00,176.7,226.4353,0.0
2026-06-14 20:25:00,267.3,212.9507,54.3493
2026-06-14 20:30:00,141.3,121.7433,19.5567
2026-06-14 20:35:00,107.4,107.8602,0.0
2026-06-14 20:40:00,105.0,94.6717,10.3283
2026-06-14 20:45:00,102.6,49.677,52.923
2026-06-14 20:50:00,44.7,29.1064,15.5936
2026-06-14 20:55:00,32.7,42.3944,0.0
2026-06-14 21:00:00,99.0,74.9898,24.0102
2026-06-14 21:05:00,93.6,74.9898,18.6102
2026-06-14 21:10:00,89.7,64.7251,24.9749
2026-06-14 21:15:00,57.9,48.8931,9.0069
2026-06-14 21:20:00,59.1,48.8931,10.2069
2026-06-14 21:25:00,33.9,48.8931,0.0
2026-06-14 21:30:00,34.8,23.6317,11.1683
2026-06-14 21:35:00,6.3,0.0,6.3
2026-06-14 21:40:00,6.3,0.0,6.3
2026-06-14 21:45:00,9.6,32.3272,0.0
2026-06-14 21:50:00,82.2,48.9806,33.2194
2026-06-14 21:55:00,76.5,48.9806,27.5194
2026-06-14 22:00:00,65.7,48.9806,16.7194
2026-06-14 22:05:00,55.8,48.9806,6.8194
2026-06-14 22:10:00,46.8,48.9806,0.0
2026-06-14 22:15:00,36.3,48.9806,0.0
2026-06-14 22:20:00,35.7,4.245,31.455
2026-06-14 22:25:00,6.3,0.0,6.3
2026-06-14 22:30:00,6.0,0.0,6.0
2026-06-14 22:35:00,5.3,0.0,5.3
2026-06-14 22:40:00,5.4,0.0,5.4
2026-06-14 22:45:00,5.7,0.0,5.7
2026-06-14 22:50:00,9.9,0.0,9.9
2026-06-14 22:55:00,5.2,0.0,5.2
2026-06-14 23:00:00,4.8,1.4809,3.3191
2026-06-14 23:05:00,45.3,37.0228,8.2772
2026-06-14 23:10:00,51.0,37.0228,13.9772
2026-06-14 23:15:00,50.7,37.0228,13.6772
2026-06-14 23:20:00,51.9,37.0228,14.8772
2026-06-14 23:25:00,43.2,37.0228,6.1772
2026-06-14 23:30:00,46.5,37.0228,9.4772
2026-06-14 23:35:00,42.9,37.0228,5.8772
2026-06-14 23:40:00,44.7,37.0228,7.6772
2026-06-14 23:45:00,44.1,37.0228,7.0772
2026-06-14 23:50:00,48.9,15.4262,33.4738
2026-06-14 23:55:00,6.3,0.0,6.3
2026-06-15 00:00:00,4.2,76.3276,0.0
2026-06-15 00:05:00,274.9,165.7234,109.1766
2026-06-15 00:10:00,275.6,167.1048,108.4952
2026-06-15 00:15:00,259.2,187.5358,71.6642
2026-06-15 00:20:00,216.8,206.3099,10.4901
2026-06-15 00:25:00,475.9,432.4145,43.4855
2026-06-15 00:30:00,432.8,383.2745,49.5255
2026-06-15 00:35:00,103.1,116.4962,0.0
2026-06-15 00:40:00,94.4,74.6673,19.7327
2026-06-15 00:45:00,96.2,100.2799,0.0
2026-06-15 00:50:00,99.8,100.2799,0.0
2026-06-15 00:55:00,100.2,100.2799,0.0
2026-06-15 01:00:00,95.4,100.2799,0.0
2026-06-15 01:05:00,85.7,73.565,12.135
2026-06-15 01:10:00,41.0,34.0429,6.9571
2026-06-15 01:15:00,18.5,21.1066,0.0
2026-06-15 01:20:00,7.1,0.0,7.1
2026-06-15 01:25:00,7.3,0.0,7.3
2026-06-15 01:30:00,6.8,0.0,6.8
2026-06-15 01:35:00,5.7,0.0,5.7
2026-06-15 01:40:00,6.1,0.0,6.1
2026-06-15 01:45:00,6.8,0.0,6.8
2026-06-15 01:50:00,6.6,0.0,6.6
2026-06-15 01:55:00,6.2,0.0,6.2
2026-06-15 02:00:00,6.8,0.0,6.8
2026-06-15 02:05:00,8.1,32.9625,0.0
2026-06-15 02:10:00,80.3,32.9625,47.3375
2026-06-15 02:15:00,83.5,32.9625,50.5375
2026-06-15 02:20:00,84.2,32.9625,51.2375
2026-06-15 02:25:00,85.1,32.9625,52.1375
2026-06-15 02:30:00,86.7,32.9625,53.7375
2026-06-15 02:35:00,69.4,32.9625,36.4375
2026-06-15 02:40:00,65.7,34.1061,31.5939
2026-06-15 02:45:00,64.3,134.6634,0.0
2026-06-15 02:50:00,201.5,149.5634,51.9366
2026-06-15 02:55:00,199.4,184.1681,15.2319
2026-06-15 03:00:00,307.8,240.0374,67.7626
2026-06-15 03:05:00,278.5,244.4886,34.0114
2026-06-15 03:10:00,267.0,184.3678,82.6322
2026-06-15 03:15:00,118.6,106.6124,11.9876
2026-06-15 03:20:00,95.1,106.6124,0.0
2026-06-15 03:25:00,83.9,106.6124,0.0
2026-06-15 03:30:00,73.1,106.6124,0.0
2026-06-15 03:35:00,63.4,96.9441,0.0
2026-06-15 03:40:00,57.1,80.4819,0.0
2026-06-15 03:45:00,50.5,97.7162,0.0
2026-06-15 03:50:00,128.4,172.5946,0.0
2026-06-15 03:55:00,179.9,150.4695,29.4305
2026-06-15 04:00:00,112.4,101.6383,10.7617
2026-06-15 04:05:00,21.7,10.9174,10.7826
2026-06-15 04:10:00,9.1,0.0,9.1
2026-06-15 04:15:00,8.6,0.0,8.6
2026-06-15 04:20:00,8.0,0.0,8.0
2026-06-15 04:25:00,7.0,0.0,7.0
2026-06-15 04:30:00,7.5,0.0,7.5
2026-06-15 04:35:00,7.1,6.5445,0.5555
2026-06-15 04:40:00,31.5,14.7621,16.7379
2026-06-15 04:45:00,29.7,14.7621,14.9379
2026-06-15 04:50:00,26.7,49.0252,0.0
2026-06-15 04:55:00,97.6,71.8673,25.7327
2026-06-15 05:00:00,69.2,71.8673,0.0
2026-06-15 05:05:00,65.8,32.4647,33.3353
2026-06-15 05:10:00,14.0,5.6588,8.3412
2026-06-15 05:15:00,7.0,0.0,7.0
2026-06-15 05:20:00,6.6,0.0,6.6
2026-06-15 05:25:00,7.5,0.0,7.5
2026-06-15 05:30:00,7.3,0.762,6.538
2026-06-15 05:35:00,7.247,28.5764,0.0
2026-06-15 05:40:00,60.31,28.5764,31.7336
2026-06-15 05:45:00,39.141,28.5764,10.5646
2026-06-15 05:50:00,40.486,28.5764,11.9096
2026-06-15 05:55:00,40.554,85.519,0.0
2026-06-15 06:00:00,232.981,165.132,67.849
2026-06-15 06:05:00,116.026,71.1139,44.9121
2026-06-15 06:10:00,141.901,111.2412,30.6598
2026-06-15 06:15:00,144.781,118.3746,26.4064
2026-06-15 06:20:00,163.406,153.8641,9.5419
2026-06-15 06:25:00,167.625,149.1938,18.4312
2026-06-15 06:30:00,160.278,122.2383,38.0397
2026-06-15 06:35:00,151.826,122.2383,29.5877
2026-06-15 06:40:00,150.828,137.7989,13.0291
2026-06-15 06:45:00,172.905,144.0522,28.8528
2026-06-15 06:50:00,162.001,151.7372,10.2638
2026-06-15 06:55:00,181.83,152.3356,29.4944
2026-06-15 07:00:00,162.782,197.2768,0.0
2026-06-15 07:05:00,298.397,250.4383,47.9587
2026-06-15 07:10:00,263.473,272.262,0.0
2026-06-15 07:15:00,308.719,230.3328,78.3862
2026-06-15 07:20:00,178.013,221.731,0.0
2026-06-15 07:25:00,282.878,230.9235,51.9545
2026-06-15 07:30:00,205.342,142.557,62.785
2026-06-15 07:35:00,172.376,173.3603,0.0
2026-06-15 07:40:00,261.731,295.0406,0.0
2026-06-15 07:45:00,388.811,332.5529,56.2581
2026-06-15 07:50:00,378.839,233.8133,145.0257
2026-06-15 07:55:00,327.647,237.9833,89.6637
2026-06-15 08:00:00,385.344,224.9573,160.3867
2026-06-15 08:05:00,299.387,244.7147,54.6723
2026-06-15 08:10:00,326.938,280.295,46.643
2026-06-15 08:15:00,336.469,284.1713,52.2977
2026-06-15 08:20:00,295.078,284.1713,10.9067
2026-06-15 08:25:00,227.066,203.1943,23.8717
2026-06-15 08:30:00,122.505,117.4084,5.0966
2026-06-15 08:35:00,100.195,58.0843,42.1107
2026-06-15 08:40:00,90.984,87.5412,3.4428
2026-06-15 08:45:00,263.602,138.9018,124.7002
2026-06-15 08:50:00,256.188,159.4909,96.6971
2026-06-15 08:55:00,266.154,173.4056,92.7484
2026-06-15 09:00:00,322.626,227.6611,94.9649
2026-06-15 09:05:00,437.805,388.7708,49.0342
2026-06-15 09:10:00,552.492,324.4516,228.0404
2026-06-15 09:15:00,533.885,324.4516,209.4334
2026-06-15 09:20:00,465.619,324.4516,141.1674
2026-06-15 09:25:00,360.665,288.1628,72.5022
2026-06-15 09:30:00,279.963,253.0044,26.9586
2026-06-15 09:35:00,273.396,253.0044,20.3916
2026-06-15 09:40:00,165.759,241.1506,0.0
2026-06-15 09:45:00,146.343,142.5472,3.7958
2026-06-15 09:50:00,121.817,141.7369,0.0
2026-06-15 09:55:00,220.412,160.7947,59.6173
2026-06-15 10:00:00,246.323,93.2131,153.1099
2026-06-15 10:05:00,164.086,89.676,74.41
2026-06-15 10:10:00,150.339,89.676,60.663
2026-06-15 10:15:00,140.661,108.2221,32.4389
2026-06-15 10:20:00,140.263,101.7641,38.4989
2026-06-15 10:25:00,143.247,80.7898,62.4572
2026-06-15 10:30:00,104.917,126.3718,0.0
2026-06-15 10:35:00,266.635,202.1084,64.5266
2026-06-15 10:40:00,307.155,202.1084,105.0466
2026-06-15 10:45:00,295.156,121.6391,173.5169
2026-06-15 10:50:00,140.704,72.5846,68.1194
2026-06-15 10:55:00,165.19,94.4063,70.7837
2026-06-15 11:00:00,160.555,94.4063,66.1487
2026-06-15 11:05:00,133.527,86.3977,47.1293
2026-06-15 11:10:00,113.942,98.6243,15.3177
2026-06-15 11:15:00,166.413,100.4052,66.0078
2026-06-15 11:20:00,181.892,83.1618,98.7302
2026-06-15 11:25:00,185.189,149.4081,35.7809
2026-06-15 11:30:00,203.228,146.0584,57.1696
2026-06-15 11:35:00,237.58,124.2543,113.3257
2026-06-15 11:40:00,225.371,134.3052,91.0658
2026-06-15 11:45:00,241.145,118.7502,122.3948
2026-06-15 11:50:00,193.664,134.3023,59.3617
2026-06-15 11:55:00,230.86,174.9796,55.8804
2026-06-15 12:00:00,311.567,210.9069,100.6601
2026-06-15 12:05:00,317.239,260.2416,56.9974
2026-06-15 12:10:00,446.615,377.2696,69.3454
2026-06-15 12:15:00,553.239,384.9924,168.2466
2026-06-15 12:20:00,467.761,409.9696,57.7914
2026-06-15 12:25:00,550.123,343.4259,206.6971
2026-06-15 12:30:00,349.782,293.4176,56.3644
2026-06-15 12:35:00,327.412,284.7692,42.6428
2026-06-15 12:40:00,397.703,358.7914,38.9116
2026-06-15 12:45:00,434.065,326.9246,107.1404
2026-06-15 12:50:00,385.88,338.4269,47.4531
2026-06-15 12:55:00,289.711,267.6406,22.0704
2026-06-15 13:00:00,257.973,246.0222,11.9508
2026-06-15 13:05:00,302.136,211.1956,90.9404
2026-06-15 13:10:00,333.424,254.9574,78.4666
2026-06-15 13:15:00,415.395,340.8186,74.5764
2026-06-15 13:20:00,436.044,320.0992,115.9448
2026-06-15 13:25:00,355.675,347.9866,7.6884
2026-06-15 13:30:00,421.85,326.2639,95.5861
2026-06-15 13:35:00,320.89,249.4122,71.4778
2026-06-15 13:40:00,267.683,181.976,85.707
2026-06-15 13:45:00,236.721,164.987,71.734
2026-06-15 13:50:00,230.937,203.8022,27.1348
2026-06-15 13:55:00,265.097,204.1122,60.9848
2026-06-15 14:00:00,239.507,238.9288,0.5782
2026-06-15 14:05:00,295.424,269.3598,26.0642
2026-06-15 14:10:00,333.651,253.0498,80.6012
2026-06-15 14:15:00,329.861,215.0679,114.7931
2026-06-15 14:20:00,152.477,93.077,59.4
2026-06-15 14:25:00,208.044,89.9279,118.1161
2026-06-15 14:30:00,181.756,89.9279,91.8281
2026-06-15 14:35:00,152.504,66.5722,85.9318
2026-06-15 14:40:00,112.926,98.5111,14.4149
2026-06-15 14:45:00,131.932,79.9567,51.9753
2026-06-15 14:50:00,117.278,68.1756,49.1024
2026-06-15 14:55:00,126.158,47.6918,78.4662
2026-06-15 15:00:00,108.806,39.857,68.949
2026-06-15 15:05:00,90.212,12.4039,77.8081
2026-06-15 15:10:00,69.563,18.0916,51.4714
2026-06-15 15:15:00,77.544,18.0916,59.4524
2026-06-15 15:20:00,82.616,26.1576,56.4584
2026-06-15 15:25:00,72.441,40.4681,31.9729
2026-06-15 15:30:00,103.794,42.7159,61.0781
2026-06-15 15:35:00,93.174,42.7159,50.4581
2026-06-15 15:40:00,90.624,110.5329,0.0
2026-06-15 15:45:00,246.208,139.545,106.663
2026-06-15 15:50:00,195.11,83.775,111.335
2026-06-15 15:55:00,122.098,73.2348,48.8632
2026-06-15 16:00:00,125.649,73.2348,52.4142
2026-06-15 16:05:00,97.716,41.676,56.04
2026-06-15 16:10:00,84.139,56.6184,27.5206
2026-06-15 16:15:00,110.046,62.4834,47.5626
2026-06-15 16:20:00,145.519,96.4806,49.0384
2026-06-15 16:25:00,184.04,123.3926,60.6474
2026-06-15 16:30:00,199.159,146.2161,52.9429
2026-06-15 16:35:00,222.53,148.3631,74.1669
2026-06-15 16:40:00,206.447,148.3631,58.0839
2026-06-15 16:45:00,191.561,129.4778,62.0832
2026-06-15 16:50:00,131.556,44.443,87.113
2026-06-15 16:55:00,134.815,106.4216,28.3934
2026-06-15 17:00:00,142.892,83.0978,59.7942
2026-06-15 17:05:00,145.632,74.6169,71.0151
2026-06-15 17:10:00,183.407,135.3279,48.0791
2026-06-15 17:15:00,241.405,137.0271,104.3779
2026-06-15 17:20:00,215.646,99.9155,115.7305
2026-06-15 17:25:00,172.202,147.4484,24.7536
2026-06-15 17:30:00,257.268,136.3755,120.8925
2026-06-15 17:35:00,202.741,122.9279,79.8131
2026-06-15 17:40:00,155.666,161.2518,0.0
2026-06-15 17:45:00,238.631,163.0484,75.5826
2026-06-15 17:50:00,217.839,137.3753,80.4637
2026-06-15 17:55:00,166.672,109.7815,56.8905
2026-06-15 18:00:00,164.415,76.5775,87.8375
2026-06-15 18:05:00,66.337,76.1493,0.0
2026-06-15 18:10:00,104.053,141.7218,0.0
2026-06-15 18:15:00,214.596,137.409,77.187
2026-06-15 18:20:00,174.152,130.1085,44.0435
2026-06-15 18:25:00,126.376,135.5835,0.0
2026-06-15 18:30:00,148.002,112.1888,35.8132
2026-06-15 18:35:00,100.253,54.6732,45.5798
2026-06-15 18:40:00,98.362,43.5046,54.8574
2026-06-15 18:45:00,55.838,49.8065,6.0315
2026-06-15 18:50:00,86.852,61.245,25.607
2026-06-15 18:55:00,64.225,89.3713,0.0
2026-06-15 19:00:00,132.6,86.8332,45.7668
2026-06-15 19:05:00,132.3,80.0124,52.2876
2026-06-15 19:10:00,117.3,285.8575,0.0
2026-06-15 19:15:00,394.5,308.924,85.576
2026-06-15 19:20:00,345.6,344.557,1.043
2026-06-15 19:25:00,207.0,91.136,115.864
2026-06-15 19:30:00,105.9,60.8598,45.0402
2026-06-15 19:35:00,132.6,84.8016,47.7984
2026-06-15 19:40:00,132.6,84.8016,47.7984
2026-06-15 19:45:00,120.0,84.8016,35.1984
2026-06-15 19:50:00,72.9,39.8628,33.0372
2026-06-15 19:55:00,53.1,25.9298,27.1702
2026-06-15 20:00:00,42.0,25.9298,16.0702
2026-06-15 20:05:00,29.7,44.1248,0.0
2026-06-15 20:10:00,64.2,52.1725,12.0275
2026-06-15 20:15:00,55.8,57.1598,0.0
2026-06-15 20:20:00,97.8,91.5459,6.2541
2026-06-15 20:25:00,96.0,91.5459,4.4541
2026-06-15 20:30:00,94.8,77.2846,17.5154
2026-06-15 20:35:00,82.8,65.6162,17.1838
2026-06-15 20:40:00,82.8,49.3418,33.4582
2026-06-15 20:45:00,43.2,26.2427,16.9573
2026-06-15 20:50:00,39.0,53.1878,0.0
2026-06-15 20:55:00,82.8,64.5533,18.2467
2026-06-15 21:00:00,75.3,64.5533,10.7467
2026-06-15 21:05:00,74.7,64.5533,10.1467
2026-06-15 21:10:00,71.1,64.5533,6.5467
2026-06-15 21:15:00,56.1,83.0904,0.0
2026-06-15 21:20:00,93.6,77.8392,15.7608
2026-06-15 21:25:00,97.5,77.8392,19.6608
2026-06-15 21:30:00,93.3,77.8392,15.4608
2026-06-15 21:35:00,70.2,62.2596,7.9404
2026-06-15 21:40:00,29.7,39.5287,0.0
2026-06-15 21:45:00,51.6,39.5287,12.0713
2026-06-15 21:50:00,48.3,39.5287,8.7713
2026-06-15 21:55:00,47.1,39.5287,7.5713
2026-06-15 22:00:00,46.8,39.5287,7.2713
2026-06-15 22:05:00,29.1,27.3378,1.7622
2026-06-15 22:10:00,48.9,40.9315,7.9685
2026-06-15 22:15:00,49.5,40.9315,8.5685
2026-06-15 22:20:00,49.2,133.2381,0.0
2026-06-15 22:25:00,155.7,44.4449,111.2551
2026-06-15 22:30:00,50.1,5.8669,44.2331
2026-06-15 22:35:00,10.5,0.0,10.5
2026-06-15 22:40:00,2.7,0.0,2.7
2026-06-15 22:45:00,5.4,0.0,5.4
2026-06-15 22:50:00,5.7,0.0,5.7
2026-06-15 22:55:00,6.6,0.0,6.6
2026-06-15 23:00:00,5.7,7.467,0.0
2026-06-15 23:05:00,66.0,48.698,17.302
2026-06-15 23:10:00,65.1,63.0386,2.0614
2026-06-15 23:15:00,145.2,69.3612,75.8388
2026-06-15 23:20:00,99.9,55.7739,44.1261
2026-06-15 23:25:00,80.1,55.7739,24.3261
2026-06-15 23:30:00,57.6,55.7739,1.8261
2026-06-15 23:35:00,56.4,55.7739,0.6261
2026-06-15 23:40:00,30.0,55.7739,0.0
2026-06-15 23:45:00,34.2,32.829,1.371
2026-06-15 23:50:00,25.2,12.7522,12.4478
2026-06-15 23:55:00,17.4,12.7522,4.6478
2026-06-16 00:00:00,18.6,174.8243,0.0
2026-06-16 00:05:00,351.6,263.2218,88.3782
2026-06-16 00:10:00,365.3,311.7291,53.5709
2026-06-16 00:15:00,406.1,322.848,83.252
2026-06-16 00:20:00,350.3,322.848,27.452
2026-06-16 00:25:00,302.4,316.727,0.0
2026-06-16 00:30:00,180.8,191.322,0.0
2026-06-16 00:35:00,91.6,79.6838,11.9162
2026-06-16 00:40:00,52.5,52.0364,0.4636
2026-06-16 00:45:00,49.5,47.9494,1.5506
2026-06-16 00:50:00,142.6,93.5688,49.0312
2026-06-16 00:55:00,139.5,88.0038,51.4962
2026-06-16 01:00:00,99.1,54.7433,44.3567
2026-06-16 01:05:00,99.5,54.7433,44.7567
2026-06-16 01:10:00,78.1,68.114,9.986
2026-06-16 01:15:00,159.0,156.3076,2.6924
2026-06-16 01:20:00,199.5,160.5611,38.9389
2026-06-16 01:25:00,167.4,160.5611,6.8389
2026-06-16 01:30:00,149.3,138.6638,10.6362
2026-06-16 01:35:00,120.9,105.8178,15.0822
2026-06-16 01:40:00,65.2,73.0897,0.0
2026-06-16 01:45:00,12.4,64.5079,0.0
2026-06-16 01:50:00,6.5,0.0,6.5
2026-06-16 01:55:00,5.8,0.0,5.8
2026-06-16 02:00:00,6.6,46.8491,0.0
2026-06-16 02:05:00,258.4,120.4674,137.9326
2026-06-16 02:10:00,195.5,120.4674,75.0326
2026-06-16 02:15:00,197.3,120.4674,76.8326
2026-06-16 02:20:00,185.4,120.4674,64.9326
2026-06-16 02:25:00,117.2,120.4674,0.0
2026-06-16 02:30:00,105.0,142.4355,0.0
2026-06-16 02:35:00,133.0,141.4796,0.0
2026-06-16 02:40:00,81.6,75.5163,6.0837
2026-06-16 02:45:00,54.1,60.6786,0.0
2026-06-16 02:50:00,58.6,60.6786,0.0
2026-06-16 02:55:00,56.4,60.6786,0.0
2026-06-16 03:00:00,51.3,60.6786,0.0
2026-06-16 03:05:00,39.7,60.6786,0.0
2026-06-16 03:10:00,35.2,37.2827,0.0
2026-06-16 03:15:00,99.1,59.4066,39.6934
2026-06-16 03:20:00,92.4,59.7322,32.6678
2026-06-16 03:25:00,120.8,55.9805,64.8195
2026-06-16 03:30:00,108.9,55.9805,52.9195
2026-06-16 03:35:00,67.7,80.2921,0.0
2026-06-16 03:40:00,102.6,79.514,23.086
2026-06-16 03:45:00,91.5,67.5992,23.9008
2026-06-16 03:50:00,67.2,67.5992,0.0
2026-06-16 03:55:00,63.0,44.429,18.571
2026-06-16 04:00:00,26.2,33.3575,0.0
2026-06-16 04:05:00,23.9,33.3575,0.0
2026-06-16 04:10:00,23.7,33.3575,0.0
2026-06-16 04:15:00,22.3,33.3575,0.0
2026-06-16 04:20:00,19.0,44.7512,0.0
2026-06-16 04:25:00,87.0,62.8384,24.1616
2026-06-16 04:30:00,55.8,37.1531,18.6469
2026-06-16 04:35:00,49.3,37.1531,12.1469
2026-06-16 04:40:00,39.7,37.1531,2.5469
2026-06-16 04:45:00,13.5,18.2775,0.0
2026-06-16 04:50:00,46.9,27.9398,18.9602
2026-06-16 04:55:00,47.7,27.9398,19.7602
2026-06-16 05:00:00,49.0,27.9398,21.0602
2026-06-16 05:05:00,48.9,27.9398,20.9602
2026-06-16 05:10:00,48.5,58.3069,0.0
2026-06-16 05:15:00,111.1,81.2155,29.8845
2026-06-16 05:20:00,86.9,81.2155,5.6845
2026-06-16 05:25:00,86.8,81.2155,5.5845
2026-06-16 05:30:00,87.1,108.3611,0.0
2026-06-16 05:35:00,118.009,75.5247,42.4843
2026-06-16 05:40:00,96.012,75.5247,20.4873
2026-06-16 05:45:00,78.193,75.5247,2.6683
2026-06-16 05:50:00,61.973,122.915,0.0
2026-06-16 05:55:00,186.848,115.4527,71.3953
2026-06-16 06:00:00,150.489,94.0125,56.4765
2026-06-16 06:05:00,214.998,189.1112,25.8868
2026-06-16 06:10:00,326.438,230.0992,96.3388
2026-06-16 06:15:00,256.015,217.9764,38.0386
2026-06-16 06:20:00,266.908,225.0465,41.8615
2026-06-16 06:25:00,246.802,244.2315,2.5705
2026-06-16 06:30:00,198.0,259.967,0.0
2026-06-16 06:35:00,212.343,223.8592,0.0
2026-06-16 06:40:00,172.761,191.6811,0.0
2026-06-16 06:45:00,165.821,156.6378,9.1832
2026-06-16 06:50:00,239.523,209.3959,30.1271
2026-06-16 06:55:00,247.542,215.2408,32.3012
2026-06-16 07:00:00,216.401,215.2408,1.1602
2026-06-16 07:05:00,192.732,198.7574,0.0
2026-06-16 07:10:00,142.71,102.7561,39.9539
2026-06-16 07:15:00,79.027,81.555,0.0
2026-06-16 07:20:00,118.714,83.9079,34.8061
2026-06-16 07:25:00,107.079,73.79,33.289
2026-06-16 07:30:00,109.526,73.79,35.736
2026-06-16 07:35:00,110.689,190.5567,0.0
2026-06-16 07:40:00,417.975,279.2854,138.6896
2026-06-16 07:45:00,404.033,279.2854,124.7476
2026-06-16 07:50:00,313.601,296.0104,17.5906
2026-06-16 07:55:00,318.091,343.9549,0.0
2026-06-16 08:00:00,382.759,316.299,66.46
2026-06-16 08:05:00,262.422,195.008,67.414
2026-06-16 08:10:00,287.466,212.8225,74.6435
2026-06-16 08:15:00,317.018,227.6889,89.3291
2026-06-16 08:20:00,282.871,227.6889,55.1821
2026-06-16 08:25:00,255.35,243.0208,12.3292
2026-06-16 08:30:00,256.095,245.9628,10.1322
2026-06-16 08:35:00,307.829,219.2286,88.6004
2026-06-16 08:40:00,329.306,247.9228,81.3832
2026-06-16 08:45:00,315.249,194.5139,120.7351
2026-06-16 08:50:00,242.381,198.6336,43.7474
2026-06-16 08:55:00,313.615,190.6942,122.9208
2026-06-16 09:00:00,239.819,170.6444,69.1746
2026-06-16 09:05:00,196.362,168.0817,28.2803
2026-06-16 09:10:00,154.8,135.7594,19.0406
2026-06-16 09:15:00,201.944,211.2626,0.0
2026-06-16 09:20:00,297.468,179.4393,118.0287
2026-06-16 09:25:00,293.235,189.3563,103.8787
2026-06-16 09:30:00,252.917,212.6065,40.3105
2026-06-16 09:35:00,384.828,257.0399,127.7881
2026-06-16 09:40:00,405.031,250.8028,154.2282
2026-06-16 09:45:00,351.69,234.9754,116.7146
2026-06-16 09:50:00,234.223,149.9684,84.2546
2026-06-16 09:55:00,198.587,172.5438,26.0432
2026-06-16 10:00:00,248.563,159.894,88.669
2026-06-16 10:05:00,204.789,136.3723,68.4167
2026-06-16 10:10:00,141.69,97.6572,44.0328
2026-06-16 10:15:00,102.582,40.8609,61.7211
2026-06-16 10:20:00,106.06,23.7209,82.3391
2026-06-16 10:25:00,80.319,31.6091,48.7099
2026-06-16 10:30:00,156.174,53.5954,102.5786
2026-06-16 10:35:00,178.913,90.5096,88.4034
2026-06-16 10:40:00,178.344,75.8517,102.4923
2026-06-16 10:45:00,158.459,73.7895,84.6695
2026-06-16 10:50:00,160.071,65.9247,94.1463
2026-06-16 10:55:00,112.53,56.9244,55.6056
2026-06-16 11:00:00,139.315,101.4912,37.8238
2026-06-16 11:05:00,264.417,180.4862,83.9308
2026-06-16 11:10:00,322.433,264.6838,57.7492
2026-06-16 11:15:00,441.097,307.051,134.046
2026-06-16 11:20:00,374.217,251.5031,122.7139
2026-06-16 11:25:00,344.963,232.7834,112.1796
2026-06-16 11:30:00,320.479,244.1333,76.3457
2026-06-16 11:35:00,249.295,177.0196,72.2754
2026-06-16 11:40:00,239.708,219.3681,20.3399
2026-06-16 11:45:00,357.825,259.2989,98.5261
2026-06-16 11:50:00,366.758,265.8174,100.9406
2026-06-16 11:55:00,426.4,298.4106,127.9894
2026-06-16 12:00:00,364.712,299.8188,64.8932
2026-06-16 12:05:00,364.404,298.1389,66.2651
2026-06-16 12:10:00,363.468,277.77,85.698
2026-06-16 12:15:00,304.993,339.6817,0.0
2026-06-16 12:20:00,421.794,322.2189,99.5751
2026-06-16 12:25:00,344.959,345.9522,0.0
2026-06-16 12:30:00,391.857,257.6781,134.1789
2026-06-16 12:35:00,244.554,211.5,33.054
2026-06-16 12:40:00,278.077,193.0328,85.0442
2026-06-16 12:45:00,251.338,243.6452,7.6928
2026-06-16 12:50:00,359.799,294.1226,65.6764
2026-06-16 12:55:00,381.515,292.517,88.998
2026-06-16 13:00:00,425.571,282.1433,143.4277
2026-06-16 13:05:00,367.548,274.067,93.481
2026-06-16 13:10:00,333.554,265.3817,68.1723
2026-06-16 13:15:00,207.057,144.5149,62.5421
2026-06-16 13:20:00,137.003,163.0906,0.0
2026-06-16 13:25:00,352.037,260.8598,91.1772
2026-06-16 13:30:00,399.077,248.7219,150.3551
2026-06-16 13:35:00,285.28,226.741,58.539
2026-06-16 13:40:00,256.794,204.8281,51.9659
2026-06-16 13:45:00,223.819,212.9687,10.8503
2026-06-16 13:50:00,260.204,211.8578,48.3462
2026-06-16 13:55:00,231.212,211.4864,19.7256
2026-06-16 14:00:00,200.495,138.6189,61.8761
2026-06-16 14:05:00,145.474,92.8851,52.5889
2026-06-16 14:10:00,127.58,39.418,88.162
2026-06-16 14:15:00,62.619,0.0,62.619
2026-06-16 14:20:00,42.836,36.3416,6.4944
2026-06-16 14:25:00,98.665,43.4362,55.2288
2026-06-16 14:30:00,97.628,83.6468,13.9812
2026-06-16 14:35:00,216.129,97.2722,118.8568
2026-06-16 14:40:00,166.7,63.8263,102.8737
2026-06-16 14:45:00,127.132,63.8263,63.3057
2026-06-16 14:50:00,106.008,68.1141,37.8939
2026-06-16 14:55:00,126.609,102.8068,23.8022
2026-06-16 15:00:00,142.988,100.4665,42.5215
2026-06-16 15:05:00,104.262,74.7453,29.5167
2026-06-16 15:10:00,140.895,95.2109,45.6841
2026-06-16 15:15:00,184.718,112.4956,72.2224
2026-06-16 15:20:00,185.067,90.2767,94.7903
2026-06-16 15:25:00,135.813,68.582,67.231
2026-06-16 15:30:00,95.857,36.517,59.34
2026-06-16 15:35:00,84.455,77.7998,6.6552
2026-06-16 15:40:00,158.68,96.3471,62.3329
2026-06-16 15:45:00,141.496,60.7017,80.7943
2026-06-16 15:50:00,101.202,40.3323,60.8697
2026-06-16 15:55:00,88.043,40.3323,47.7107
2026-06-16 16:00:00,108.584,61.7181,46.8659
2026-06-16 16:05:00,153.012,73.0121,79.9999
2026-06-16 16:10:00,142.33,73.0121,69.3179
2026-06-16 16:15:00,118.615,95.1148,23.5002
2026-06-16 16:20:00,184.611,93.1072,91.5038
2026-06-16 16:25:00,92.511,64.6257,27.8853
2026-06-16 16:30:00,139.4,131.636,7.764
2026-06-16 16:35:00,299.348,219.968,79.38
2026-06-16 16:40:00,280.193,187.3539,92.8391
2026-06-16 16:45:00,188.643,124.28,64.363
2026-06-16 16:50:00,175.519,123.6737,51.8453
2026-06-16 16:55:00,289.697,163.0139,126.6831
2026-06-16 17:00:00,210.363,208.6731,1.6899
2026-06-16 17:05:00,307.164,228.1776,78.9864
2026-06-16 17:10:00,302.549,204.1838,98.3652
2026-06-16 17:15:00,305.158,233.8241,71.3339
2026-06-16 17:20:00,284.998,268.4691,16.5289
2026-06-16 17:25:00,380.319,208.7231,171.5959
2026-06-16 17:30:00,228.306,156.5492,71.7568
2026-06-16 17:35:00,222.838,114.2685,108.5695
2026-06-16 17:40:00,196.104,95.7822,100.3218
2026-06-16 17:45:00,155.181,83.3294,71.8516
2026-06-16 17:50:00,151.557,83.3294,68.2276
2026-06-16 17:55:00,133.537,97.5074,36.0296
2026-06-16 18:00:00,278.334,147.2455,131.0885
2026-06-16 18:05:00,217.473,147.2455,70.2275
2026-06-16 18:10:00,201.516,147.2455,54.2705
2026-06-16 18:15:00,181.071,147.2455,33.8255
2026-06-16 18:20:00,118.165,100.7717,17.3933
2026-06-16 18:25:00,76.405,83.609,0.0
2026-06-16 18:30:00,75.276,57.0372,18.2388
2026-06-16 18:35:00,61.508,53.2843,8.2237
2026-06-16 18:40:00,42.958,28.1693,14.7887
2026-06-16 18:45:00,31.546,46.2202,0.0
2026-06-16 18:50:00,65.83,58.9378,6.8922
2026-06-16 18:55:00,64.373,36.2146,28.1584
2026-06-16 19:00:00,52.828,30.7686,22.0594
2026-06-16 19:05:00,63.6,95.1375,0.0
2026-06-16 19:10:00,162.0,162.4009,0.0
2026-06-16 19:15:00,227.4,177.5094,49.8906
2026-06-16 19:20:00,228.9,87.1057,141.7943
2026-06-16 19:25:00,94.5,77.0128,17.4872
2026-06-16 19:30:00,104.4,77.0128,27.3872
2026-06-16 19:35:00,89.7,77.0128,12.6872
2026-06-16 19:40:00,82.5,64.3727,18.1273
2026-06-16 19:45:00,44.7,71.8178,0.0
2026-06-16 19:50:00,136.8,94.9368,41.8632
2026-06-16 19:55:00,113.7,8.7963,104.9037
2026-06-16 20:00:00,8.4,0.0,8.4
2026-06-16 20:05:00,7.2,0.0,7.2
2026-06-16 20:10:00,7.2,17.0486,0.0
2026-06-16 20:15:00,43.2,25.9623,17.2377
2026-06-16 20:20:00,41.7,25.9623,15.7377
2026-06-16 20:25:00,40.8,25.9623,14.8377
2026-06-16 20:30:00,40.2,26.4847,13.7153
2026-06-16 20:35:00,72.6,57.3061,15.2939
2026-06-16 20:40:00,76.2,57.3061,18.8939
2026-06-16 20:45:00,72.9,40.3805,32.5195
2026-06-16 20:50:00,31.2,25.9623,5.2377
2026-06-16 20:55:00,26.1,25.9623,0.1377
2026-06-16 21:00:00,26.4,25.9623,0.4377
2026-06-16 21:05:00,19.5,25.9623,0.0
2026-06-16 21:10:00,16.5,3.4616,13.0384
2026-06-16 21:15:00,9.0,15.8716,0.0
2026-06-16 21:20:00,57.9,47.6148,10.2852
2026-06-16 21:25:00,57.0,47.6148,9.3852
2026-06-16 21:30:00,57.3,26.3468,30.9532
2026-06-16 21:35:00,6.6,0.0,6.6
2026-06-16 21:40:00,6.6,0.0,6.6
2026-06-16 21:45:00,6.3,0.0,6.3
2026-06-16 21:50:00,6.6,0.0,6.6
2026-06-16 21:55:00,10.5,0.0,10.5
2026-06-16 22:00:00,6.9,0.0,6.9
2026-06-16 22:05:00,6.3,0.0,6.3
2026-06-16 22:10:00,6.3,0.0,6.3
2026-06-16 22:15:00,6.6,0.0,6.6
2026-06-16 22:20:00,6.3,0.0,6.3
2026-06-16 22:25:00,5.7,54.4866,0.0
2026-06-16 22:30:00,70.5,16.3854,54.1146
2026-06-16 22:35:00,5.9,0.0,5.9
2026-06-16 22:40:00,5.6,0.0,5.6
2026-06-16 22:45:00,6.0,0.0,6.0
2026-06-16 22:50:00,5.7,0.0,5.7
2026-06-16 22:55:00,5.7,0.0,5.7
2026-06-16 23:00:00,5.7,0.0,5.7
2026-06-16 23:05:00,5.3,0.0,5.3
2026-06-16 23:10:00,9.6,0.0,9.6
2026-06-16 23:15:00,6.0,0.0,6.0
2026-06-16 23:20:00,5.7,0.0,5.7
2026-06-16 23:25:00,5.6,0.0,5.6
2026-06-16 23:30:00,5.6,0.0,5.6
2026-06-16 23:35:00,9.6,0.0,9.6
2026-06-16 23:40:00,5.7,0.0,5.7
2026-06-16 23:45:00,6.0,0.0,6.0
2026-06-16 23:50:00,11.1,0.0,11.1
2026-06-16 23:55:00,6.3,0.0,6.3
2026-06-17 00:00:00,7.3,194.5391,0.0
2026-06-17 00:05:00,517.7,313.652,204.048
2026-06-17 00:10:00,543.0,344.407,198.593
2026-06-17 00:15:00,547.3,359.1636,188.1364
2026-06-17 00:20:00,482.2,376.4016,105.7984
2026-06-17 00:25:00,423.8,386.3345,37.4655
2026-06-17 00:30:00,307.7,296.7965,10.9035
2026-06-17 00:35:00,261.8,285.7474,0.0
2026-06-17 00:40:00,188.1,277.7271,0.0
2026-06-17 00:45:00,146.2,213.0729,0.0
2026-06-17 00:50:00,139.2,194.6908,0.0
2026-06-17 00:55:00,299.5,242.6919,56.8081
2026-06-17 01:00:00,252.3,150.6169,101.6831
2026-06-17 01:05:00,219.7,137.8037,81.8963
2026-06-17 01:10:00,204.7,137.8037,66.8963
2026-06-17 01:15:00,124.1,128.9533,0.0
2026-06-17 01:20:00,140.4,131.8513,8.5487
2026-06-17 01:25:00,82.5,98.9064,0.0
2026-06-17 01:30:00,76.1,62.7361,13.3639
2026-06-17 01:35:00,63.7,62.7361,0.9639
2026-06-17 01:40:00,51.6,62.7361,0.0
2026-06-17 01:45:00,43.2,56.792,0.0
2026-06-17 01:50:00,20.5,28.443,0.0
2026-06-17 01:55:00,19.2,38.5527,0.0
2026-06-17 02:00:00,54.9,51.954,2.946
2026-06-17 02:05:00,50.7,51.954,0.0
2026-06-17 02:10:00,54.4,51.954,2.446
2026-06-17 02:15:00,40.6,51.954,0.0
2026-06-17 02:20:00,35.4,51.954,0.0
2026-06-17 02:25:00,35.8,51.954,0.0
2026-06-17 02:30:00,27.2,27.3401,0.0
2026-06-17 02:35:00,6.7,0.0,6.7
2026-06-17 02:40:00,5.8,0.0,5.8
2026-06-17 02:45:00,5.5,25.1132,0.0
2026-06-17 02:50:00,55.0,28.7556,26.2444
2026-06-17 02:55:00,50.3,28.7556,21.5444
2026-06-17 03:00:00,39.8,64.9585,0.0
2026-06-17 03:05:00,149.3,125.7277,23.5723
2026-06-17 03:10:00,126.1,125.7277,0.3723
2026-06-17 03:15:00,120.5,106.8448,13.6552
2026-06-17 03:20:00,93.2,20.0409,73.1591
2026-06-17 03:25:00,8.0,25.5776,0.0
2026-06-17 03:30:00,84.0,30.4495,53.5505
2026-06-17 03:35:00,78.0,30.4495,47.5505
2026-06-17 03:40:00,70.5,35.6421,34.8579
2026-06-17 03:45:00,70.8,42.6196,28.1804
2026-06-17 03:50:00,70.5,42.6196,27.8804
2026-06-17 03:55:00,55.6,42.6196,12.9804
2026-06-17 04:00:00,53.0,42.6196,10.3804
2026-06-17 04:05:00,46.9,85.1578,0.0
2026-06-17 04:10:00,134.3,96.0149,38.2851
2026-06-17 04:15:00,130.3,96.0149,34.2851
2026-06-17 04:20:00,127.2,96.0149,31.1851
2026-06-17 04:25:00,85.2,96.0149,0.0
2026-06-17 04:30:00,69.3,96.0149,0.0
2026-06-17 04:35:00,59.0,73.4247,0.0
2026-06-17 04:40:00,13.1,105.0088,0.0
2026-06-17 04:45:00,121.1,137.0958,0.0
2026-06-17 04:50:00,113.7,76.1797,37.5203
2026-06-17 04:55:00,65.1,34.7655,30.3345
2026-06-17 05:00:00,50.2,34.7655,15.4345
2026-06-17 05:05:00,42.3,34.7655,7.5345
2026-06-17 05:10:00,38.4,34.7655,3.6345
2026-06-17 05:15:00,13.2,20.164,0.0
2026-06-17 05:20:00,5.4,0.0,5.4
2026-06-17 05:25:00,4.4,0.0,4.4
2026-06-17 05:30:00,4.9,0.0,4.9
2026-06-17 05:35:00,5.2,0.0,5.2
2026-06-17 05:40:00,5.6,0.0,5.6
2026-06-17 05:45:00,6.0,0.0,6.0
2026-06-17 05:50:00,9.7,0.0,9.7
2026-06-17 05:55:00,5.5,0.0,5.5
2026-06-17 06:00:00,5.2,0.0,5.2
2026-06-17 06:05:00,3.5,0.0,3.5
2026-06-17 06:10:00,3.6,0.0,3.6
2026-06-17 06:15:00,8.3,0.0,8.3
2026-06-17 06:20:00,6.7,0.0,6.7
2026-06-17 06:25:00,8.5,0.0,8.5
2026-06-17 06:30:00,8.8,31.0116,0.0
2026-06-17 06:35:00,61.5,37.6659,23.8341
2026-06-17 06:40:00,54.277,73.4996,0.0
2026-06-17 06:45:00,237.341,178.8055,58.5355
2026-06-17 06:50:00,310.177,219.4958,90.6812
2026-06-17 06:55:00,228.64,179.8094,48.8306
2026-06-17 07:00:00,225.117,179.8094,45.3076
2026-06-17 07:05:00,184.054,175.5312,8.5228
2026-06-17 07:10:00,156.964,158.7692,0.0
2026-06-17 07:15:00,134.907,211.0518,0.0
2026-06-17 07:20:00,229.802,287.3718,0.0
2026-06-17 07:25:00,359.774,283.1943,76.5797
2026-06-17 07:30:00,313.865,322.6631,0.0
2026-06-17 07:35:00,403.645,334.4793,69.1657
2026-06-17 07:40:00,472.098,337.0514,135.0466
2026-06-17 07:45:00,403.184,310.0731,93.1109
2026-06-17 07:50:00,389.548,298.5109,91.0371
2026-06-17 07:55:00,350.846,320.6592,30.1868
2026-06-17 08:00:00,402.13,325.1956,76.9344
2026-06-17 08:05:00,328.666,196.6612,132.0048
2026-06-17 08:10:00,224.082,170.0056,54.0764
2026-06-17 08:15:00,191.115,170.4152,20.6998
2026-06-17 08:20:00,166.778,176.4341,0.0
2026-06-17 08:25:00,219.52,253.0037,0.0
2026-06-17 08:30:00,293.967,280.5668,13.4002
2026-06-17 08:35:00,264.054,210.3528,53.7012
2026-06-17 08:40:00,243.41,250.6402,0.0
2026-06-17 08:45:00,311.671,215.6992,95.9718
2026-06-17 08:50:00,248.789,189.9709,58.8181
2026-06-17 08:55:00,344.278,248.9582,95.3198
2026-06-17 09:00:00,345.308,247.9773,97.3307
2026-06-17 09:05:00,326.963,272.0371,54.9259
2026-06-17 09:10:00,316.636,283.8194,32.8166
2026-06-17 09:15:00,365.92,307.2002,58.7198
2026-06-17 09:20:00,342.814,250.0907,92.7233
2026-06-17 09:25:00,322.011,270.9773,51.0337
2026-06-17 09:30:00,416.951,279.7296,137.2214
2026-06-17 09:35:00,420.834,293.2896,127.5444
2026-06-17 09:40:00,347.961,247.3698,100.5912
2026-06-17 09:45:00,259.084,194.5913,64.4927
2026-06-17 09:50:00,167.815,141.5328,26.2822
2026-06-17 09:55:00,112.096,110.9319,1.1641
2026-06-17 10:00:00,86.201,58.7277,27.4733
2026-06-17 10:05:00,76.032,27.1013,48.9307
2026-06-17 10:10:00,54.49,89.0857,0.0
2026-06-17 10:15:00,175.166,191.6006,0.0
2026-06-17 10:20:00,392.482,271.262,121.22
2026-06-17 10:25:00,332.699,183.4961,149.2029
2026-06-17 10:30:00,234.293,172.278,62.015
2026-06-17 10:35:00,215.209,88.3776,126.8314
2026-06-17 10:40:00,100.367,64.1454,36.2216
2026-06-17 10:45:00,260.454,50.4157,210.0383
2026-06-17 10:50:00,238.935,39.4553,199.4797
2026-06-17 10:55:00,211.615,26.3035,185.3115
2026-06-17 11:00:00,162.7,19.6755,143.0245
2026-06-17 11:05:00,158.863,89.4719,69.3911
2026-06-17 11:10:00,209.807,133.2412,76.5658
2026-06-17 11:15:00,243.26,159.2863,83.9737
2026-06-17 11:20:00,245.963,179.777,66.186
2026-06-17 11:25:00,318.913,223.9077,95.0053
2026-06-17 11:30:00,360.934,300.4306,60.5034
2026-06-17 11:35:00,488.159,319.4122,168.7468
2026-06-17 11:40:00,429.702,260.2362,169.4658
2026-06-17 11:45:00,325.413,255.535,69.878
2026-06-17 11:50:00,425.272,326.7306,98.5414
2026-06-17 11:55:00,378.977,280.2268,98.7502
2026-06-17 12:00:00,341.685,281.4871,60.1979
2026-06-17 12:05:00,379.511,329.7417,49.7693
2026-06-17 12:10:00,464.278,330.5649,133.7131
2026-06-17 12:15:00,336.24,260.8783,75.3617
2026-06-17 12:20:00,307.403,285.323,22.08
2026-06-17 12:25:00,337.201,253.7303,83.4707
2026-06-17 12:30:00,258.748,183.4064,75.3416
2026-06-17 12:35:00,237.186,235.9984,1.1876
2026-06-17 12:40:00,276.619,207.2691,69.3499
2026-06-17 12:45:00,256.25,189.7511,66.4989
2026-06-17 12:50:00,264.265,189.7511,74.5139
2026-06-17 12:55:00,253.623,217.6572,35.9658
2026-06-17 13:00:00,314.46,233.3042,81.1558
2026-06-17 13:05:00,197.419,170.4147,27.0043
2026-06-17 13:10:00,207.512,220.2195,0.0
2026-06-17 13:15:00,317.948,223.4435,94.5045
2026-06-17 13:20:00,304.024,275.2857,28.7383
2026-06-17 13:25:00,323.01,185.7523,137.2577
2026-06-17 13:30:00,288.618,309.3099,0.0
2026-06-17 13:35:00,523.378,352.8038,170.5742
2026-06-17 13:40:00,478.381,311.5272,166.8538
2026-06-17 13:45:00,314.51,240.5349,73.9751
2026-06-17 13:50:00,210.081,162.6547,47.4263
2026-06-17 13:55:00,169.432,131.193,38.239
2026-06-17 14:00:00,112.156,116.3367,0.0
2026-06-17 14:05:00,152.708,83.7041,69.0039
2026-06-17 14:10:00,145.019,108.5294,36.4896
2026-06-17 14:15:00,222.89,146.4879,76.4021
2026-06-17 14:20:00,272.011,186.8172,85.1938
2026-06-17 14:25:00,248.502,188.5109,59.9911
2026-06-17 14:30:00,264.099,195.0799,69.0191
2026-06-17 14:35:00,225.616,155.9468,69.6692
2026-06-17 14:40:00,106.93,50.9818,55.9482
2026-06-17 14:45:00,76.859,39.5371,37.3219
2026-06-17 14:50:00,104.609,39.5371,65.0719
2026-06-17 14:55:00,99.744,42.7992,56.9448
2026-06-17 15:00:00,100.12,59.7448,40.3752
2026-06-17 15:05:00,177.016,157.5214,19.4946
2026-06-17 15:10:00,297.07,202.375,94.695
2026-06-17 15:15:00,288.117,200.954,87.163
2026-06-17 15:20:00,238.237,129.8541,108.3829
2026-06-17 15:25:00,156.008,68.6307,87.3773
2026-06-17 15:30:00,129.243,68.6307,60.6123
2026-06-17 15:35:00,121.479,68.6307,52.8483
2026-06-17 15:40:00,99.256,68.6307,30.6253
2026-06-17 15:45:00,99.423,68.6307,30.7923
2026-06-17 15:50:00,69.663,33.0201,36.6429
2026-06-17 15:55:00,40.505,0.0,40.505
2026-06-17 16:00:00,42.124,22.3586,19.7654
2026-06-17 16:05:00,75.498,37.4726,38.0254
2026-06-17 16:10:00,84.623,37.4726,47.1504
2026-06-17 16:15:00,94.95,44.0333,50.9167
2026-06-17 16:20:00,160.606,104.6713,55.9347
2026-06-17 16:25:00,160.293,130.3022,29.9908
2026-06-17 16:30:00,83.376,41.5794,41.7966
2026-06-17 16:35:00,92.137,41.5794,50.5576
2026-06-17 16:40:00,83.421,41.5794,41.8416
2026-06-17 16:45:00,81.843,41.5794,40.2636
2026-06-17 16:50:00,94.428,37.56,56.868
2026-06-17 16:55:00,65.731,0.0,65.731
2026-06-17 17:00:00,63.262,53.5162,9.7458
2026-06-17 17:05:00,150.216,71.0512,79.1648
2026-06-17 17:10:00,158.547,81.8232,76.7238
2026-06-17 17:15:00,173.24,106.201,67.039
2026-06-17 17:20:00,286.692,134.9377,151.7543
2026-06-17 17:25:00,226.611,144.4197,82.1913
2026-06-17 17:30:00,214.959,141.2195,73.7395
2026-06-17 17:35:00,252.552,209.8997,42.6523
2026-06-17 17:40:00,301.934,212.8079,89.1261
2026-06-17 17:45:00,276.068,217.7484,58.3196
2026-06-17 17:50:00,280.652,208.1,72.552
2026-06-17 17:55:00,323.292,209.4433,113.8487
2026-06-17 18:00:00,224.168,201.8545,22.3135
2026-06-17 18:05:00,198.779,196.2595,2.5195
2026-06-17 18:10:00,216.577,153.3257,63.2513
2026-06-17 18:15:00,134.889,98.5922,36.2968
2026-06-17 18:20:00,111.805,133.6995,0.0
2026-06-17 18:25:00,139.693,160.4934,0.0
2026-06-17 18:30:00,183.627,121.4797,62.1473
2026-06-17 18:35:00,99.559,68.6262,30.9328
2026-06-17 18:40:00,63.857,36.3722,27.4848
2026-06-17 18:45:00,58.222,43.6139,14.6081
2026-06-17 18:50:00,100.454,75.1671,25.2869
2026-06-17 18:55:00,100.659,42.7958,57.8632
2026-06-17 19:00:00,67.874,79.4879,0.0
2026-06-17 19:05:00,105.1,79.5206,25.5794
2026-06-17 19:10:00,20.5,0.0,20.5
2026-06-17 19:15:00,22.7,47.4928,0.0
2026-06-17 19:20:00,121.5,84.6581,36.8419
2026-06-17 19:25:00,118.2,84.6581,33.5419
2026-06-17 19:30:00,115.5,146.5952,0.0
2026-06-17 19:35:00,339.8,282.3298,57.4702
2026-06-17 19:40:00,353.9,265.8572,88.0428
2026-06-17 19:45:00,108.6,68.087,40.513
2026-06-17 19:50:00,91.8,69.9817,21.8183
2026-06-17 19:55:00,105.0,68.1977,36.8023
2026-06-17 20:00:00,125.7,106.3331,19.3669
2026-06-17 20:05:00,122.4,106.3331,16.0669
2026-06-17 20:10:00,117.3,77.3467,39.9533
2026-06-17 20:15:00,57.6,101.7588,0.0
2026-06-17 20:20:00,229.2,159.1639,70.0361
2026-06-17 20:25:00,336.3,220.4885,115.8115
2026-06-17 20:30:00,284.1,229.2615,54.8385
2026-06-17 20:35:00,240.6,247.6216,0.0
2026-06-17 20:40:00,199.5,211.0481,0.0
2026-06-17 20:45:00,93.6,57.5835,36.0165
2026-06-17 20:50:00,43.2,27.1332,16.0668
2026-06-17 20:55:00,44.4,57.281,0.0
2026-06-17 21:00:00,85.8,78.2743,7.5257
2026-06-17 21:05:00,124.5,114.191,10.309
2026-06-17 21:10:00,162.6,141.4553,21.1447
2026-06-17 21:15:00,158.7,111.5845,47.1155
2026-06-17 21:20:00,110.4,126.0546,0.0
2026-06-17 21:25:00,180.0,186.7218,0.0
2026-06-17 21:30:00,195.9,163.28,32.62
2026-06-17 21:35:00,144.6,97.0556,47.5444
2026-06-17 21:40:00,66.9,52.0796,14.8204
2026-06-17 21:45:00,65.7,52.0796,13.6204
2026-06-17 21:50:00,66.0,52.0796,13.9204
2026-06-17 21:55:00,27.9,14.5268,13.3732
2026-06-17 22:00:00,17.1,13.498,3.602
2026-06-17 22:05:00,14.1,13.498,0.602
2026-06-17 22:10:00,13.5,13.498,0.002
2026-06-17 22:15:00,12.9,7.4689,5.4311
2026-06-17 22:20:00,6.2,0.0,6.2
2026-06-17 22:25:00,6.0,0.0,6.0
2026-06-17 22:30:00,5.3,0.0,5.3
2026-06-17 22:35:00,9.2,0.0,9.2
2026-06-17 22:40:00,6.3,0.0,6.3
2026-06-17 22:45:00,5.7,0.0,5.7
2026-06-17 22:50:00,6.0,0.0,6.0
2026-06-17 22:55:00,6.0,6.9561,0.0
2026-06-17 23:00:00,61.5,37.2646,24.2354
2026-06-17 23:05:00,48.6,37.2646,11.3354
2026-06-17 23:10:00,48.6,37.2646,11.3354
2026-06-17 23:15:00,49.5,37.2646,12.2354
2026-06-17 23:20:00,36.0,37.2646,0.0
2026-06-17 23:25:00,36.0,2.9812,33.0188
2026-06-17 23:30:00,7.2,0.0,7.2
2026-06-17 23:35:00,6.6,0.0,6.6
2026-06-17 23:40:00,6.0,31.9809,0.0
2026-06-17 23:45:00,45.3,32.6336,12.6664
2026-06-17 23:50:00,39.3,0.7615,38.5385
2026-06-17 23:55:00,6.0,0.0,6.0
2026-06-18 00:00:00,0.0,106.2947,0.0
2026-06-18 00:05:00,280.7,257.526,23.174
2026-06-18 00:10:00,531.5,337.4097,194.0903
2026-06-18 00:15:00,501.6,369.3082,132.2918
2026-06-18 00:20:00,492.9,401.6349,91.2651
2026-06-18 00:25:00,468.0,401.6349,66.3651
2026-06-18 00:30:00,425.1,401.6349,23.4651
2026-06-18 00:35:00,363.0,401.6349,0.0
2026-06-18 00:40:00,315.3,325.9454,0.0
2026-06-18 00:45:00,267.8,321.1755,0.0
2026-06-18 00:50:00,223.0,209.8049,13.1951
2026-06-18 00:55:00,144.0,141.2687,2.7313
2026-06-18 01:00:00,121.4,120.4142,0.9858
2026-06-18 01:05:00,73.7,117.2027,0.0
2026-06-18 01:10:00,135.8,133.5003,2.2997
2026-06-18 01:15:00,100.7,88.7065,11.9935
2026-06-18 01:20:00,83.7,88.7065,0.0
2026-06-18 01:25:00,84.3,88.7065,0.0
2026-06-18 01:30:00,59.4,116.7663,0.0
2026-06-18 01:35:00,179.9,191.8522,0.0
2026-06-18 01:40:00,324.5,189.5299,134.9701
2026-06-18 01:45:00,262.6,152.0018,110.5982
2026-06-18 01:50:00,241.1,145.3792,95.7208
2026-06-18 01:55:00,175.3,145.3792,29.9208
2026-06-18 02:00:00,157.4,171.1803,0.0
2026-06-18 02:05:00,144.3,172.7302,0.0
2026-06-18 02:10:00,142.8,172.7302,0.0
2026-06-18 02:15:00,114.2,150.7338,0.0
2026-06-18 02:20:00,133.4,116.4493,16.9507
2026-06-18 02:25:00,125.6,205.671,0.0
2026-06-18 02:30:00,304.7,245.9861,58.7139
2026-06-18 02:35:00,327.7,260.5294,67.1706
2026-06-18 02:40:00,278.3,260.5294,17.7706
2026-06-18 02:45:00,236.0,260.5294,0.0
2026-06-18 02:50:00,199.4,237.4647,0.0
2026-06-18 02:55:00,180.9,200.7977,0.0
2026-06-18 03:00:00,183.6,187.0108,0.0
2026-06-18 03:05:00,105.0,82.7939,22.2061
2026-06-18 03:10:00,105.9,82.7939,23.1061
2026-06-18 03:15:00,107.5,82.7939,24.7061
2026-06-18 03:20:00,95.3,82.7939,12.5061
2026-06-18 03:25:00,83.9,90.8272,0.0
2026-06-18 03:30:00,131.6,101.6036,29.9964
2026-06-18 03:35:00,119.0,91.5476,27.4524
2026-06-18 03:40:00,118.6,71.6296,46.9704
2026-06-18 03:45:00,94.8,78.5163,16.2837
2026-06-18 03:50:00,115.0,82.3515,32.6485
2026-06-18 03:55:00,96.2,82.3515,13.8485
2026-06-18 04:00:00,75.0,82.3515,0.0
2026-06-18 04:05:00,80.8,82.3515,0.0
2026-06-18 04:10:00,78.5,82.3515,0.0
2026-06-18 04:15:00,72.8,82.3515,0.0
2026-06-18 04:20:00,69.4,78.4783,0.0
2026-06-18 04:25:00,49.7,43.0839,6.6161
2026-06-18 04:30:00,125.6,76.3099,49.2901
2026-06-18 04:35:00,95.7,56.5209,39.1791
2026-06-18 04:40:00,87.4,56.5209,30.8791
2026-06-18 04:45:00,90.4,56.5209,33.8791
2026-06-18 04:50:00,66.0,56.5209,9.4791
2026-06-18 04:55:00,55.4,56.5209,0.0
2026-06-18 05:00:00,49.5,56.5209,0.0
2026-06-18 05:05:00,33.9,51.2456,0.0
2026-06-18 05:10:00,10.2,0.0,10.2
2026-06-18 05:15:00,6.3,0.0,6.3
2026-06-18 05:20:00,7.0,0.0,7.0
2026-06-18 05:25:00,7.5,0.0,7.5
2026-06-18 05:30:00,6.4,23.8148,0.0
2026-06-18 05:35:00,170.1,124.334,45.766
2026-06-18 05:40:00,138.4,97.2343,41.1657
2026-06-18 05:45:00,24.1,18.7509,5.3491
2026-06-18 05:50:00,18.404,1.7501,16.6539
2026-06-18 05:55:00,6.021,35.4162,0.0
2026-06-18 06:00:00,117.048,90.8107,26.2373
2026-06-18 06:05:00,114.729,90.8107,23.9183
2026-06-18 06:10:00,73.879,20.8865,52.9925
2026-06-18 06:15:00,6.895,0.0,6.895
2026-06-18 06:20:00,7.073,25.1225,0.0
2026-06-18 06:25:00,113.372,146.7508,0.0
2026-06-18 06:30:00,248.878,191.1392,57.7388
2026-06-18 06:35:00,215.246,181.9547,33.2913
2026-06-18 06:40:00,97.787,106.8779,0.0
2026-06-18 06:45:00,126.356,70.2206,56.1354
2026-06-18 06:50:00,85.83,87.5719,0.0
2026-06-18 06:55:00,120.293,137.8701,0.0
2026-06-18 07:00:00,235.993,189.9545,46.0385
2026-06-18 07:05:00,229.172,182.5068,46.6652
2026-06-18 07:10:00,217.167,165.0013,52.1657
2026-06-18 07:15:00,225.582,190.2439,35.3381
2026-06-18 07:20:00,229.718,218.4859,11.2321
2026-06-18 07:25:00,233.518,218.4859,15.0321
2026-06-18 07:30:00,217.614,177.7824,39.8316
2026-06-18 07:35:00,163.213,163.7115,0.0
2026-06-18 07:40:00,213.343,232.5963,0.0
2026-06-18 07:45:00,348.23,241.6421,106.5879
2026-06-18 07:50:00,302.101,241.6421,60.4589
2026-06-18 07:55:00,256.245,221.6671,34.5779
2026-06-18 08:00:00,243.822,183.716,60.106
2026-06-18 08:05:00,189.147,197.1986,0.0
2026-06-18 08:10:00,310.608,263.9897,46.6183
2026-06-18 08:15:00,311.751,245.9522,65.7988
2026-06-18 08:20:00,305.605,265.631,39.974
2026-06-18 08:25:00,280.781,251.0342,29.7468
2026-06-18 08:30:00,257.193,243.0639,14.1291
2026-06-18 08:35:00,255.232,201.4101,53.8219
2026-06-18 08:40:00,212.205,168.8932,43.3118
2026-06-18 08:45:00,243.03,143.895,99.135
2026-06-18 08:50:00,209.716,136.7655,72.9505
2026-06-18 08:55:00,188.548,132.4961,56.0519
2026-06-18 09:00:00,225.214,175.7416,49.4724
2026-06-18 09:05:00,246.498,153.7247,92.7733
2026-06-18 09:10:00,331.984,193.1066,138.8774
2026-06-18 09:15:00,342.776,197.2807,145.4953
2026-06-18 09:20:00,280.324,209.1077,71.2163
2026-06-18 09:25:00,279.758,236.0576,43.7004
2026-06-18 09:30:00,268.913,244.5616,24.3514
2026-06-18 09:35:00,322.287,280.7669,41.5201
2026-06-18 09:40:00,347.539,291.4458,56.0932
2026-06-18 09:45:00,310.858,242.2815,68.5765
2026-06-18 09:50:00,275.365,204.9699,70.3951
2026-06-18 09:55:00,226.87,163.8048,63.0652
2026-06-18 10:00:00,274.73,173.8273,100.9027
2026-06-18 10:05:00,272.366,173.1087,99.2573
2026-06-18 10:10:00,232.313,138.4838,93.8292
2026-06-18 10:15:00,218.994,222.9055,0.0
2026-06-18 10:20:00,312.69,212.4125,100.2775
2026-06-18 10:25:00,292.767,174.8311,117.9359
2026-06-18 10:30:00,288.858,220.2258,68.6322
2026-06-18 10:35:00,355.082,264.1176,90.9644
2026-06-18 10:40:00,277.414,128.4818,148.9322
2026-06-18 10:45:00,293.629,229.4939,64.1351
2026-06-18 10:50:00,334.357,247.5541,86.8029
2026-06-18 10:55:00,317.276,230.574,86.702
2026-06-18 11:00:00,292.338,278.0948,14.2432
2026-06-18 11:05:00,441.247,271.0827,170.1643
2026-06-18 11:10:00,291.016,224.2003,66.8157
2026-06-18 11:15:00,350.937,251.0931,99.8439
2026-06-18 11:20:00,318.46,311.0586,7.4014
2026-06-18 11:25:00,454.824,388.196,66.628
2026-06-18 11:30:00,419.868,346.9282,72.9398
2026-06-18 11:35:00,285.199,244.3573,40.8417
2026-06-18 11:40:00,222.81,232.3729,0.0
2026-06-18 11:45:00,253.42,185.4671,67.9529
2026-06-18 11:50:00,225.565,190.8517,34.7133
2026-06-18 11:55:00,241.141,181.6872,59.4538
2026-06-18 12:00:00,241.752,186.2969,55.4551
2026-06-18 12:05:00,277.559,186.3427,91.2163
2026-06-18 12:10:00,242.983,171.9502,71.0328
2026-06-18 12:15:00,221.261,253.5067,0.0
2026-06-18 12:20:00,427.042,263.2368,163.8052
2026-06-18 12:25:00,359.297,247.1426,112.1544
2026-06-18 12:30:00,304.101,238.2813,65.8197
2026-06-18 12:35:00,276.978,243.7186,33.2594
2026-06-18 12:40:00,206.728,207.8472,0.0
2026-06-18 12:45:00,204.427,124.1189,80.3081
2026-06-18 12:50:00,150.202,159.4559,0.0
2026-06-18 12:55:00,217.729,145.2023,72.5267
2026-06-18 13:00:00,234.393,137.0364,97.3566
2026-06-18 13:05:00,198.029,180.5407,17.4883
2026-06-18 13:10:00,226.194,239.0868,0.0
2026-06-18 13:15:00,336.498,244.1297,92.3683
2026-06-18 13:20:00,302.814,196.8876,105.9264
2026-06-18 13:25:00,303.658,210.3421,93.3159
2026-06-18 13:30:00,270.576,182.358,88.218
2026-06-18 13:35:00,166.611,131.5527,35.0583
2026-06-18 13:40:00,121.891,68.7974,53.0936
2026-06-18 13:45:00,105.626,113.4874,0.0
2026-06-18 13:50:00,225.683,166.4061,59.2769
2026-06-18 13:55:00,255.489,210.4164,45.0726
2026-06-18 14:00:00,260.314,175.9481,84.3659
2026-06-18 14:05:00,286.454,170.599,115.855
2026-06-18 14:10:00,329.958,215.0061,114.9519
2026-06-18 14:15:00,357.141,233.7567,123.3843
2026-06-18 14:20:00,330.976,233.7567,97.2193
2026-06-18 14:25:00,295.74,209.1007,86.6393
2026-06-18 14:30:00,222.824,157.0163,65.8077
2026-06-18 14:35:00,102.657,122.009,0.0
2026-06-18 14:40:00,98.133,44.4462,53.6868
2026-06-18 14:45:00,74.234,18.379,55.855
2026-06-18 14:50:00,59.66,6.4327,53.2273
2026-06-18 14:55:00,51.673,0.0,51.673
2026-06-18 15:00:00,68.066,0.0,68.066
2026-06-18 15:05:00,48.009,32.3493,15.6597
2026-06-18 15:10:00,92.669,33.0094,59.6596
2026-06-18 15:15:00,105.534,33.0094,72.5246
2026-06-18 15:20:00,95.684,64.0723,31.6117
2026-06-18 15:25:00,211.552,176.355,35.197
2026-06-18 15:30:00,304.683,195.8647,108.8183
2026-06-18 15:35:00,259.176,133.3819,125.7941
2026-06-18 15:40:00,138.552,88.7514,49.8006
2026-06-18 15:45:00,134.112,118.2185,15.8935
2026-06-18 15:50:00,175.866,95.6796,80.1864
2026-06-18 15:55:00,119.843,66.8796,52.9634
2026-06-18 16:00:00,119.103,66.8796,52.2234
2026-06-18 16:05:00,112.044,107.9381,4.1059
2026-06-18 16:10:00,169.62,114.2768,55.3432
2026-06-18 16:15:00,168.548,107.7285,60.8195
2026-06-18 16:20:00,134.385,80.4066,53.9784
2026-06-18 16:25:00,138.822,80.4066,58.4154
2026-06-18 16:30:00,152.231,80.4066,71.8244
2026-06-18 16:35:00,137.964,137.905,0.059
2026-06-18 16:40:00,231.484,173.6473,57.8367
2026-06-18 16:45:00,229.61,154.4643,75.1457
2026-06-18 16:50:00,202.382,133.4258,68.9562
2026-06-18 16:55:00,166.378,151.8859,14.4921
2026-06-18 17:00:00,216.665,146.0033,70.6617
2026-06-18 17:05:00,306.547,185.8283,120.7187
2026-06-18 17:10:00,284.649,168.4724,116.1766
2026-06-18 17:15:00,165.115,71.535,93.58
2026-06-18 17:20:00,132.995,71.535,61.46
2026-06-18 17:25:00,114.478,117.0106,0.0
2026-06-18 17:30:00,192.148,222.23,0.0
2026-06-18 17:35:00,271.704,203.9909,67.7131
2026-06-18 17:40:00,333.319,228.8633,104.4557
2026-06-18 17:45:00,284.325,228.8633,55.4617
2026-06-18 17:50:00,178.663,129.4462,49.2168
2026-06-18 17:55:00,157.012,93.7454,63.2666
2026-06-18 18:00:00,77.156,56.0383,21.1177
2026-06-18 18:05:00,162.792,103.8618,58.9302
2026-06-18 18:10:00,126.555,61.9279,64.6271
2026-06-18 18:15:00,57.355,33.1867,24.1683
2026-06-18 18:20:00,56.189,95.4102,0.0
2026-06-18 18:25:00,170.6,141.3486,29.2514
2026-06-18 18:30:00,215.2,146.8708,68.3292
2026-06-18 18:35:00,73.306,30.6054,42.7006
2026-06-18 18:40:00,61.647,49.9489,11.6981
2026-06-18 18:45:00,88.5,59.7665,28.7335
2026-06-18 18:50:00,81.9,39.1589,42.7411
2026-06-18 18:55:00,62.1,44.8961,17.2039
2026-06-18 19:00:00,105.6,78.8365,26.7635
2026-06-18 19:05:00,137.1,319.8261,0.0
2026-06-18 19:10:00,436.2,321.3974,114.8026
2026-06-18 19:15:00,326.7,241.2577,85.4423
2026-06-18 19:20:00,98.4,104.5213,0.0
2026-06-18 19:25:00,94.5,109.6214,0.0
2026-06-18 19:30:00,133.8,179.1303,0.0
2026-06-18 19:35:00,248.4,192.2456,56.1544
2026-06-18 19:40:00,229.2,156.5202,72.6798
2026-06-18 19:45:00,149.1,127.3992,21.7008
2026-06-18 19:50:00,143.4,139.7737,3.6263
2026-06-18 19:55:00,146.1,131.12,14.98
2026-06-18 20:00:00,122.1,58.5371,63.5629
2026-06-18 20:05:00,125.4,58.5371,66.8629
2026-06-18 20:10:00,106.2,87.2123,18.9877
2026-06-18 20:15:00,105.0,101.1403,3.8597
2026-06-18 20:20:00,141.3,142.3729,0.0
2026-06-18 20:25:00,157.8,155.0186,2.7814
2026-06-18 20:30:00,128.7,156.5902,0.0
2026-06-18 20:35:00,142.5,111.618,30.882
2026-06-18 20:40:00,125.4,94.0249,31.3751
2026-06-18 20:45:00,59.1,46.981,12.119
2026-06-18 20:50:00,51.6,46.981,4.619
2026-06-18 20:55:00,59.7,43.2942,16.4058
2026-06-18 21:00:00,30.0,16.2575,13.7425
2026-06-18 21:05:00,17.4,16.2575,1.1425
2026-06-18 21:10:00,12.0,1.7341,10.2659
2026-06-18 21:15:00,9.6,0.0,9.6
2026-06-18 21:20:00,6.6,0.0,6.6
2026-06-18 21:25:00,6.3,0.0,6.3
2026-06-18 21:30:00,6.3,0.0,6.3
2026-06-18 21:35:00,6.3,28.2467,0.0
2026-06-18 21:40:00,62.1,49.2675,12.8325
2026-06-18 21:45:00,60.3,49.2675,11.0325
2026-06-18 21:50:00,57.9,49.2675,8.6325
2026-06-18 21:55:00,54.3,50.744,3.556
2026-06-18 22:00:00,69.3,45.5765,23.7235
2026-06-18 22:05:00,70.8,45.5765,25.2235
2026-06-18 22:10:00,69.0,45.5765,23.4235
2026-06-18 22:15:00,68.7,45.5765,23.1235
2026-06-18 22:20:00,69.9,45.5765,24.3235
2026-06-18 22:25:00,68.4,45.5765,22.8235
2026-06-18 22:30:00,73.5,45.5765,27.9235
2026-06-18 22:35:00,60.6,61.6139,0.0
2026-06-18 22:40:00,119.1,102.8528,16.2472
2026-06-18 22:45:00,121.8,111.8802,9.9198
2026-06-18 22:50:00,151.8,133.3377,18.4623
2026-06-18 22:55:00,174.6,150.136,24.464
2026-06-18 23:00:00,145.2,134.4881,10.7119
2026-06-18 23:05:00,112.5,99.2436,13.2564
2026-06-18 23:10:00,60.6,72.664,0.0
2026-06-18 23:15:00,51.9,72.664,0.0
2026-06-18 23:20:00,33.3,71.9003,0.0
2026-06-18 23:25:00,14.4,12.4083,1.9917
2026-06-18 23:30:00,26.1,13.7425,12.3575
2026-06-18 23:35:00,30.0,13.7425,16.2575
2026-06-18 23:40:00,18.3,13.7425,4.5575
2026-06-18 23:45:00,8.7,1.2826,7.4174
2026-06-18 23:50:00,5.4,15.3734,0.0
2026-06-18 23:55:00,75.9,55.2495,20.6505
2026-06-19 00:00:00,87.3,203.1284,0.0
2026-06-19 00:05:00,390.8,249.4287,141.3713
2026-06-19 00:10:00,348.0,229.5185,118.4815
2026-06-19 00:15:00,330.9,266.7812,64.1188
2026-06-19 00:20:00,363.0,290.0615,72.9385
2026-06-19 00:25:00,272.3,272.6327,0.0
2026-06-19 00:30:00,307.5,277.0198,30.4802
2026-06-19 00:35:00,292.9,277.0198,15.8802
2026-06-19 00:40:00,202.5,249.2526,0.0
2026-06-19 00:45:00,138.7,138.2082,0.4918
2026-06-19 00:50:00,108.3,122.3819,0.0
2026-06-19 00:55:00,45.2,94.7689,0.0
2026-06-19 01:00:00,36.6,65.8309,0.0
2026-06-19 01:05:00,8.4,3.06,5.34
2026-06-19 01:10:00,5.2,0.0,5.2
2026-06-19 01:15:00,5.9,43.8335,0.0
2026-06-19 01:20:00,79.7,58.8745,20.8255
2026-06-19 01:25:00,5.9,0.0,5.9
2026-06-19 01:30:00,6.5,0.0,6.5
2026-06-19 01:35:00,6.1,0.0,6.1
2026-06-19 01:40:00,9.6,0.0,9.6
2026-06-19 01:45:00,6.5,16.2826,0.0
2026-06-19 01:50:00,24.9,16.8441,8.0559
2026-06-19 01:55:00,24.2,16.8441,7.3559
2026-06-19 02:00:00,24.8,16.8441,7.9559
2026-06-19 02:05:00,25.3,35.0679,0.0
2026-06-19 02:10:00,134.6,72.6311,61.9689
2026-06-19 02:15:00,132.2,84.6062,47.5938
2026-06-19 02:20:00,217.7,143.0726,74.6274
2026-06-19 02:25:00,199.4,143.0726,56.3274
2026-06-19 02:30:00,160.5,143.0726,17.4274
2026-06-19 02:35:00,132.1,130.9449,1.1551
2026-06-19 02:40:00,72.3,78.2517,0.0
2026-06-19 02:45:00,53.0,70.4415,0.0
2026-06-19 02:50:00,47.8,70.4415,0.0
2026-06-19 02:55:00,25.8,4.2265,21.5735
2026-06-19 03:00:00,8.9,0.0,8.9
2026-06-19 03:05:00,8.7,26.5507,0.0
2026-06-19 03:10:00,118.1,82.8083,35.2917
2026-06-19 03:15:00,119.1,111.1375,7.9625
2026-06-19 03:20:00,212.1,135.0316,77.0684
2026-06-19 03:25:00,201.1,135.0316,66.0684
2026-06-19 03:30:00,164.2,135.0316,29.1684
2026-06-19 03:35:00,137.3,97.5609,39.7391
2026-06-19 03:40:00,72.9,51.5123,21.3877
2026-06-19 03:45:00,51.3,37.1411,14.1589
2026-06-19 03:50:00,51.9,42.0798,9.8202
2026-06-19 03:55:00,56.7,58.9294,0.0
2026-06-19 04:00:00,54.7,58.9294,0.0
2026-06-19 04:05:00,49.2,58.9294,0.0
2026-06-19 04:10:00,46.5,58.9294,0.0
2026-06-19 04:15:00,51.1,49.1973,1.9027
2026-06-19 04:20:00,21.5,40.9131,0.0
2026-06-19 04:25:00,57.3,40.9421,16.3579
2026-06-19 04:30:00,39.0,64.2649,0.0
2026-06-19 04:35:00,80.3,49.0023,31.2977
2026-06-19 04:40:00,51.8,75.6432,0.0
2026-06-19 04:45:00,132.1,90.9559,41.1441
2026-06-19 04:50:00,127.8,90.9559,36.8441
2026-06-19 04:55:00,71.5,76.1153,0.0
2026-06-19 05:00:00,64.9,50.4816,14.4184
2026-06-19 05:05:00,39.4,50.4816,0.0
2026-06-19 05:10:00,39.0,50.4816,0.0
2026-06-19 05:15:00,39.6,50.4816,0.0
2026-06-19 05:20:00,39.6,91.9236,0.0
2026-06-19 05:25:00,115.5,67.1662,48.3338
2026-06-19 05:30:00,114.514,67.1662,47.3478
2026-06-19 05:35:00,108.607,67.1662,41.4408
2026-06-19 05:40:00,83.45,67.1662,16.2838
2026-06-19 05:45:00,57.516,67.1662,0.0
2026-06-19 05:50:00,44.692,67.1662,0.0
2026-06-19 05:55:00,23.35,65.1513,0.0
2026-06-19 06:00:00,4.922,0.0,4.922
2026-06-19 06:05:00,3.652,24.1269,0.0
2026-06-19 06:10:00,46.69,29.7863,16.9037
2026-06-19 06:15:00,50.566,65.8576,0.0
2026-06-19 06:20:00,152.954,79.9908,72.9632
2026-06-19 06:25:00,181.833,146.5695,35.2635
2026-06-19 06:30:00,255.279,193.0591,62.2199
2026-06-19 06:35:00,264.205,222.7726,41.4324
2026-06-19 06:40:00,360.759,330.0626,30.6964
2026-06-19 06:45:00,469.472,292.9463,176.5257
2026-06-19 06:50:00,394.631,290.4272,104.2038
2026-06-19 06:55:00,324.616,265.6805,58.9355
2026-06-19 07:00:00,232.667,249.4476,0.0
2026-06-19 07:05:00,217.39,249.1576,0.0
2026-06-19 07:10:00,196.495,257.4041,0.0
2026-06-19 07:15:00,173.96,225.4063,0.0
2026-06-19 07:20:00,204.486,189.4324,15.0536
2026-06-19 07:25:00,178.934,189.4324,0.0
2026-06-19 07:30:00,166.492,208.2527,0.0
2026-06-19 07:35:00,280.877,243.0583,37.8187
2026-06-19 07:40:00,205.162,230.4665,0.0
2026-06-19 07:45:00,210.052,189.1105,20.9415
2026-06-19 07:50:00,179.969,186.6823,0.0
2026-06-19 07:55:00,188.342,165.3838,22.9582
2026-06-19 08:00:00,127.551,178.2692,0.0
2026-06-19 08:05:00,215.547,159.2116,56.3354
2026-06-19 08:10:00,167.952,257.8464,0.0
2026-06-19 08:15:00,359.202,292.0049,67.1971
2026-06-19 08:20:00,377.896,308.0551,69.8409
2026-06-19 08:25:00,328.57,340.4236,0.0
2026-06-19 08:30:00,396.079,333.8273,62.2517
2026-06-19 08:35:00,260.624,236.9195,23.7045
2026-06-19 08:40:00,169.807,171.3713,0.0
2026-06-19 08:45:00,95.121,100.4183,0.0
2026-06-19 08:50:00,33.075,23.0709,10.0041
2026-06-19 08:55:00,38.035,0.0,38.035
2026-06-19 09:00:00,109.58,0.0,109.58
2026-06-19 09:05:00,11.524,0.0,11.524
2026-06-19 09:10:00,25.471,15.3119,10.1591
2026-06-19 09:15:00,61.144,31.2489,29.8951
2026-06-19 09:20:00,53.966,37.6534,16.3126
2026-06-19 09:25:00,0.0,92.5791,0.0
2026-06-19 09:30:00,0.0,80.9184,0.0
2026-06-19 09:35:00,149.19,54.5374,94.6526
2026-06-19 09:40:00,95.987,60.4187,35.5683
2026-06-19 09:45:00,99.439,58.7344,40.7046
2026-06-19 09:50:00,51.811,26.7332,25.0778
2026-06-19 09:55:00,0.0,26.7332,0.0
2026-06-19 10:00:00,34.335,39.5495,0.0
2026-06-19 10:05:00,68.421,40.5638,27.8572
2026-06-19 10:10:00,79.402,30.9398,48.4622
2026-06-19 10:15:00,92.681,31.351,61.33
2026-06-19 10:20:00,108.673,90.5649,18.1081
2026-06-19 10:25:00,43.708,110.1076,0.0
2026-06-19 10:30:00,206.41,134.9793,71.4307
2026-06-19 10:35:00,173.593,129.8483,43.7447
2026-06-19 10:40:00,134.117,98.3622,35.7548
2026-06-19 10:45:00,147.918,137.1487,10.7693
2026-06-19 10:50:00,111.903,126.3645,0.0
2026-06-19 10:55:00,127.226,89.37,37.856
2026-06-19 11:00:00,166.032,126.4627,39.5693
2026-06-19 11:05:00,224.478,111.9068,112.5712
2026-06-19 11:10:00,181.189,111.7224,69.4666
2026-06-19 11:15:00,169.704,160.1607,9.5433
2026-06-19 11:20:00,287.293,208.6696,78.6234
2026-06-19 11:25:00,191.494,199.5761,0.0
2026-06-19 11:30:00,104.114,115.9441,0.0
2026-06-19 11:35:00,382.885,121.9237,260.9613
2026-06-19 11:40:00,88.918,79.7341,9.1839
2026-06-19 11:45:00,169.767,57.7675,111.9995
2026-06-19 11:50:00,100.237,113.2171,0.0
2026-06-19 11:55:00,273.965,167.9893,105.9757
2026-06-19 12:00:00,189.47,220.5406,0.0
2026-06-19 12:05:00,375.375,225.1103,150.2647
2026-06-19 12:10:00,307.222,239.3267,67.8953
2026-06-19 12:15:00,304.63,393.6004,0.0
2026-06-19 12:20:00,416.233,417.4303,0.0
2026-06-19 12:25:00,394.66,358.9738,35.6862
2026-06-19 12:30:00,262.972,227.0753,35.8967
2026-06-19 12:35:00,245.336,259.7818,0.0
2026-06-19 12:40:00,376.253,341.77,34.483
2026-06-19 12:45:00,370.365,314.6784,55.6866
2026-06-19 12:50:00,296.269,256.0677,40.2013
2026-06-19 12:55:00,587.639,247.0781,340.5609
2026-06-19 13:00:00,507.597,339.5588,168.0382
2026-06-19 13:05:00,369.132,316.1313,53.0007
2026-06-19 13:10:00,317.696,288.9667,28.7293
2026-06-19 13:15:00,308.363,245.3337,63.0293
2026-06-19 13:20:00,273.017,211.2404,61.7766
2026-06-19 13:25:00,378.083,263.1756,114.9074
2026-06-19 13:30:00,337.334,312.7065,24.6275
2026-06-19 13:35:00,255.749,233.5218,22.2272
2026-06-19 13:40:00,365.2,270.8849,94.3151
2026-06-19 13:45:00,228.423,192.7536,35.6694
2026-06-19 13:50:00,174.452,164.2832,10.1688
2026-06-19 13:55:00,151.708,143.5764,8.1316
2026-06-19 14:00:00,46.721,61.3622,0.0
2026-06-19 14:05:00,59.374,38.5178,20.8562
2026-06-19 14:10:00,61.124,38.5178,22.6062
2026-06-19 14:15:00,57.593,44.4718,13.1212
2026-06-19 14:20:00,81.701,93.9762,0.0
2026-06-19 14:25:00,84.352,101.795,0.0
2026-06-19 14:30:00,122.795,101.795,21.0
2026-06-19 14:35:00,118.618,84.2052,34.4128
2026-06-19 14:40:00,111.378,73.2234,38.1546
2026-06-19 14:45:00,128.01,95.7107,32.2993
2026-06-19 14:50:00,118.811,95.7107,23.1003
2026-06-19 14:55:00,118.814,88.4497,30.3643
2026-06-19 15:00:00,69.004,39.8581,29.1459
2026-06-19 15:05:00,43.27,32.4336,10.8364
2026-06-19 15:10:00,45.363,32.4336,12.9294
2026-06-19 15:15:00,55.497,32.4336,23.0634
2026-06-19 15:20:00,41.326,32.4336,8.8924
2026-06-19 15:25:00,45.044,46.9134,0.0
2026-06-19 15:30:00,56.105,35.1629,20.9421
2026-06-19 15:35:00,49.477,35.1629,14.3141
2026-06-19 15:40:00,49.086,25.7861,23.2999
2026-06-19 15:45:00,12.691,0.0,12.691
2026-06-19 15:50:00,9.682,0.0,9.682
2026-06-19 15:55:00,7.055,6.3514,0.7036
2026-06-19 16:00:00,57.887,18.6805,39.2065
2026-06-19 16:05:00,50.639,32.9336,17.7054
2026-06-19 16:10:00,65.031,47.9677,17.0633
2026-06-19 16:15:00,69.062,47.9677,21.0943
2026-06-19 16:20:00,53.912,77.6243,0.0
2026-06-19 16:25:00,170.696,141.9731,28.7229
2026-06-19 16:30:00,199.128,165.2656,33.8624
2026-06-19 16:35:00,190.254,147.6933,42.5607
2026-06-19 16:40:00,111.242,103.309,7.933
2026-06-19 16:45:00,96.341,67.7964,28.5446
2026-06-19 16:50:00,97.089,67.7964,29.2926
2026-06-19 16:55:00,102.703,118.128,0.0
2026-06-19 17:00:00,277.263,140.0194,137.2436
2026-06-19 17:05:00,236.058,125.1781,110.8799
2026-06-19 17:10:00,181.437,125.1781,56.2589
2026-06-19 17:15:00,157.969,125.1781,32.7909
2026-06-19 17:20:00,151.984,125.1781,26.8059
2026-06-19 17:25:00,124.593,125.1781,0.0
2026-06-19 17:30:00,91.931,102.3144,0.0
2026-06-19 17:35:00,56.406,88.3011,0.0
2026-06-19 17:40:00,43.301,8.5358,34.7652
2026-06-19 17:45:00,24.437,16.7056,7.7314
2026-06-19 17:50:00,72.221,37.6819,34.5391
2026-06-19 17:55:00,77.223,37.6819,39.5411
2026-06-19 18:00:00,66.595,37.6819,28.9131
2026-06-19 18:05:00,47.665,31.0247,16.6403
2026-06-19 18:10:00,11.217,0.0,11.217
2026-06-19 18:15:00,10.682,0.0,10.682
2026-06-19 18:20:00,10.045,0.0,10.045
2026-06-19 18:25:00,10.712,0.0,10.712
2026-06-19 18:30:00,12.115,0.0,12.115
2026-06-19 18:35:00,11.752,0.0,11.752
2026-06-19 18:40:00,14.344,0.0,14.344
2026-06-19 18:45:00,11.499,0.0,11.499
2026-06-19 18:50:00,12.613,0.0,12.613
2026-06-19 18:55:00,12.943,0.0,12.943
2026-06-19 19:00:00,12.638,0.0,12.638
2026-06-19 19:05:00,11.893,0.0,11.893
2026-06-19 19:10:00,11.7,0.0,11.7
2026-06-19 19:15:00,9.1,0.0,9.1
2026-06-19 19:20:00,9.1,0.0,9.1
2026-06-19 19:25:00,10.8,1.7428,9.0572
2026-06-19 19:30:00,59.7,47.5312,12.1688
2026-06-19 19:35:00,58.5,47.5312,10.9688
2026-06-19 19:40:00,61.9,47.5312,14.3687
2026-06-19 19:45:00,58.9,47.5312,11.3687
2026-06-19 19:50:00,59.1,47.5312,11.5688
2026-06-19 19:55:00,61.4,47.5312,13.8687
2026-06-19 20:00:00,59.6,54.1969,5.4031
2026-06-19 20:05:00,95.0,91.1386,3.8614
2026-06-19 20:10:00,114.6,60.6865,53.9135
2026-06-19 20:15:00,73.6,84.2484,0.0
2026-06-19 20:20:00,122.2,81.8466,40.3534
2026-06-19 20:25:00,79.7,85.891,0.0
2026-06-19 20:30:00,125.7,109.4737,16.2263
2026-06-19 20:35:00,131.6,72.9477,58.6523
2026-06-19 20:40:00,51.4,41.4129,9.9871
2026-06-19 20:45:00,54.4,41.4129,12.9871
2026-06-19 20:50:00,51.6,41.4129,10.1871
2026-06-19 20:55:00,55.5,41.4129,14.0871
2026-06-19 21:00:00,35.9,28.1608,7.7392
2026-06-19 21:05:00,10.9,0.0,10.9
2026-06-19 21:10:00,10.5,0.0,10.5
2026-06-19 21:15:00,11.2,0.0,11.2
2026-06-19 21:20:00,8.2,0.0,8.2
2026-06-19 21:25:00,9.8,0.0,9.8
2026-06-19 21:30:00,10.2,0.0,10.2
2026-06-19 21:35:00,10.1,0.0,10.1
2026-06-19 21:40:00,9.9,0.0,9.9
2026-06-19 21:45:00,10.2,0.0,10.2
2026-06-19 21:50:00,14.0,56.2737,0.0
2026-06-19 21:55:00,77.2,63.7061,13.4939
2026-06-19 22:00:00,78.5,63.7061,14.7939
2026-06-19 22:05:00,79.2,30.1542,49.0458
2026-06-19 22:10:00,11.6,0.0,11.6
2026-06-19 22:15:00,10.5,0.0,10.5
2026-06-19 22:20:00,8.8,0.0,8.8
2026-06-19 22:25:00,9.0,0.0,9.0
2026-06-19 22:30:00,9.1,0.0,9.1
2026-06-19 22:35:00,9.8,0.0,9.8
2026-06-19 22:40:00,7.8,6.6708,1.1292
2026-06-19 22:45:00,32.7,14.715,17.985
2026-06-19 22:50:00,25.1,14.715,10.385
2026-06-19 22:55:00,25.9,54.3564,0.0
2026-06-19 23:00:00,101.8,63.655,38.145
2026-06-19 23:05:00,107.0,63.655,43.345
2026-06-19 23:10:00,99.4,63.655,35.745
2026-06-19 23:15:00,72.3,50.4116,21.8884
2026-06-19 23:20:00,63.8,56.7566,7.0434
2026-06-19 23:25:00,82.6,62.1141,20.4859
2026-06-19 23:30:00,61.2,62.1141,0.0
2026-06-19 23:35:00,54.1,62.1141,0.0
2026-06-19 23:40:00,53.5,62.1141,0.0
2026-06-19 23:45:00,31.9,37.1614,0.0
2026-06-19 23:50:00,11.3,3.5697,7.7303
2026-06-19 23:55:00,33.2,26.1197,7.0803
2026-06-20 00:00:00,40.4,110.5697,0.0
2026-06-20 00:05:00,298.7,298.6767,0.0233
2026-06-20 00:10:00,522.3,302.5837,219.7163
2026-06-20 00:15:00,397.9,302.5837,95.3163
2026-06-20 00:20:00,383.4,318.5145,64.8855
2026-06-20 00:25:00,325.5,348.9843,0.0
2026-06-20 00:30:00,337.4,361.8604,0.0
2026-06-20 00:35:00,286.2,401.7214,0.0
2026-06-20 00:40:00,301.6,326.8811,0.0
2026-06-20 00:45:00,308.5,243.8709,64.6291
2026-06-20 00:50:00,301.0,240.8765,60.1235
2026-06-20 00:55:00,270.2,213.3899,56.8101
2026-06-20 01:00:00,221.4,153.4991,67.9009
2026-06-20 01:05:00,168.6,119.3519,49.2481
2026-06-20 01:10:00,101.1,102.9455,0.0
2026-06-20 01:15:00,72.8,119.0657,0.0
2026-06-20 01:20:00,130.1,136.5293,0.0
2026-06-20 01:25:00,125.0,136.5293,0.0
2026-06-20 01:30:00,113.4,109.7685,3.6315
2026-06-20 01:35:00,84.9,52.69,32.21
2026-06-20 01:40:00,110.7,56.7897,53.9103
2026-06-20 01:45:00,96.0,56.7897,39.2103
2026-06-20 01:50:00,97.0,56.7897,40.2103
2026-06-20 01:55:00,90.0,56.7897,33.2103
2026-06-20 02:00:00,86.4,54.3144,32.0856
2026-06-20 02:05:00,34.3,47.5073,0.0
2026-06-20 02:10:00,68.9,58.0109,10.8891
2026-06-20 02:15:00,55.7,68.1564,0.0
2026-06-20 02:20:00,103.3,87.2767,16.0233
2026-06-20 02:25:00,82.0,87.2767,0.0
2026-06-20 02:30:00,75.9,128.2514,0.0
2026-06-20 02:35:00,155.5,165.5264,0.0
2026-06-20 02:40:00,174.6,140.7808,33.8192
2026-06-20 02:45:00,170.5,140.7808,29.7192
2026-06-20 02:50:00,161.1,174.5668,0.0
2026-06-20 02:55:00,213.3,157.8371,55.4629
2026-06-20 03:00:00,160.8,157.8371,2.9629
2026-06-20 03:05:00,137.1,148.1866,0.0
2026-06-20 03:10:00,82.8,78.5833,4.2167
2026-06-20 03:15:00,70.2,76.7921,0.0
2026-06-20 03:20:00,38.7,76.7921,0.0
2026-06-20 03:25:00,30.9,44.6339,0.0
2026-06-20 03:30:00,47.4,55.9374,0.0
2026-06-20 03:35:00,50.1,55.9374,0.0
2026-06-20 03:40:00,47.1,65.6076,0.0
2026-06-20 03:45:00,62.1,69.4866,0.0
2026-06-20 03:50:00,46.2,35.3547,10.8453
2026-06-20 03:55:00,42.0,45.5701,0.0
2026-06-20 04:00:00,87.0,90.179,0.0
2026-06-20 04:05:00,169.8,142.8505,26.9495
2026-06-20 04:10:00,151.5,137.2054,14.2946
2026-06-20 04:15:00,144.3,122.5131,21.7869
2026-06-20 04:20:00,102.6,27.2631,75.3369
2026-06-20 04:25:00,6.9,0.0,6.9
2026-06-20 04:30:00,6.0,0.0,6.0
2026-06-20 04:35:00,5.7,0.0,5.7
2026-06-20 04:40:00,6.3,0.0,6.3
2026-06-20 04:45:00,5.7,0.0,5.7
2026-06-20 04:50:00,6.6,0.0,6.6
2026-06-20 04:55:00,6.0,0.0,6.0
2026-06-20 05:00:00,5.4,0.0,5.4
2026-06-20 05:05:00,5.7,28.1231,0.0
2026-06-20 05:10:00,55.2,39.0599,16.1401
2026-06-20 05:15:00,50.7,39.0599,11.6401
2026-06-20 05:20:00,51.0,87.7372,0.0
2026-06-20 05:25:00,108.9,94.7972,14.1028
2026-06-20 05:30:00,109.8,52.0653,57.7347
2026-06-20 05:35:00,50.202,39.0599,11.1421
2026-06-20 05:40:00,45.5,39.0599,6.4401
2026-06-20 05:45:00,49.256,39.0599,10.1961
2026-06-20 05:50:00,48.212,39.0599,9.1521
2026-06-20 05:55:00,29.891,9.114,20.777
2026-06-20 06:00:00,8.099,19.9224,0.0
2026-06-20 06:05:00,55.168,31.7911,23.3769
2026-06-20 06:10:00,44.325,31.7911,12.5339
2026-06-20 06:15:00,38.077,31.7911,6.2859
2026-06-20 06:20:00,37.522,31.7911,5.7309
2026-06-20 06:25:00,14.937,8.6332,6.3038
2026-06-20 06:30:00,52.917,38.2006,14.7164
2026-06-20 06:35:00,55.81,38.2006,17.6094
2026-06-20 06:40:00,57.021,38.2006,18.8204
2026-06-20 06:45:00,56.991,74.8072,0.0
2026-06-20 06:50:00,192.158,157.4581,34.6999
2026-06-20 06:55:00,183.561,201.8089,0.0
2026-06-20 07:00:00,289.863,221.788,68.075
2026-06-20 07:05:00,298.977,228.3431,70.6339
2026-06-20 07:10:00,296.558,248.0776,48.4804
2026-06-20 07:15:00,216.3,220.0638,0.0
2026-06-20 07:20:00,181.42,166.4754,14.9446
2026-06-20 07:25:00,178.088,169.5827,8.5053
2026-06-20 07:30:00,212.537,221.9597,0.0
2026-06-20 07:35:00,365.256,244.1709,121.0851
2026-06-20 07:40:00,348.729,230.2113,118.5177
2026-06-20 07:45:00,411.776,269.9644,141.8116
2026-06-20 07:50:00,358.633,275.6254,83.0076
2026-06-20 07:55:00,362.634,314.2134,48.4206
2026-06-20 08:00:00,260.146,272.5565,0.0
2026-06-20 08:05:00,246.9,309.419,0.0
2026-06-20 08:10:00,396.465,319.6434,76.8216
2026-06-20 08:15:00,368.885,281.451,87.434
2026-06-20 08:20:00,310.0,212.0161,97.9839
2026-06-20 08:25:00,247.894,259.5183,0.0
2026-06-20 08:30:00,279.293,198.391,80.902
2026-06-20 08:35:00,197.758,134.6855,63.0725
2026-06-20 08:40:00,129.949,95.6815,34.2675
2026-06-20 08:45:00,92.327,37.9324,54.3946
2026-06-20 08:50:00,73.761,36.7082,37.0528
2026-06-20 08:55:00,96.06,36.2226,59.8374
2026-06-20 09:00:00,92.497,62.0478,30.4492
2026-06-20 09:05:00,189.489,80.7488,108.7402
2026-06-20 09:10:00,174.157,98.1229,76.0341
2026-06-20 09:15:00,187.623,129.1802,58.4428
2026-06-20 09:20:00,229.902,148.4105,81.4915
2026-06-20 09:25:00,268.116,193.2297,74.8863
2026-06-20 09:30:00,444.527,219.9482,224.5788
2026-06-20 09:35:00,498.469,308.2157,190.2533
2026-06-20 09:40:00,662.847,310.0977,352.7493
2026-06-20 09:45:00,381.896,252.2923,129.6037
2026-06-20 09:50:00,247.18,202.8524,44.3276
2026-06-20 09:55:00,187.866,235.8719,0.0
2026-06-20 10:00:00,217.314,169.884,47.43
2026-06-20 10:05:00,193.308,123.7184,69.5896
2026-06-20 10:10:00,83.363,118.6993,0.0
2026-06-20 10:15:00,244.581,108.5533,136.0277
2026-06-20 10:20:00,152.97,82.4783,70.4917
2026-06-20 10:25:00,129.18,120.7812,8.3988
2026-06-20 10:30:00,266.22,171.4502,94.7698
2026-06-20 10:35:00,265.045,190.3744,74.6706
2026-06-20 10:40:00,284.162,272.6478,11.5142
2026-06-20 10:45:00,499.865,305.6264,194.2386
2026-06-20 10:50:00,375.059,234.0694,140.9896
2026-06-20 10:55:00,193.055,131.5242,61.5308
2026-06-20 11:00:00,175.176,90.9735,84.2025
2026-06-20 11:05:00,169.977,113.1234,56.8536
2026-06-20 11:10:00,199.253,99.4952,99.7578
2026-06-20 11:15:00,202.557,121.1586,81.3984
2026-06-20 11:20:00,280.299,232.6716,47.6274
2026-06-20 11:25:00,444.741,281.5501,163.1909
2026-06-20 11:30:00,391.028,260.0209,131.0071
2026-06-20 11:35:00,330.16,207.764,122.396
2026-06-20 11:40:00,283.739,228.8589,54.8801
2026-06-20 11:45:00,194.015,175.7243,18.2907
2026-06-20 11:50:00,235.985,177.3814,58.6036
2026-06-20 11:55:00,244.163,164.9327,79.2303
2026-06-20 12:00:00,325.012,179.1259,145.8861
2026-06-20 12:05:00,298.727,209.5326,89.1944
2026-06-20 12:10:00,260.338,178.021,82.317
2026-06-20 12:15:00,255.461,224.2683,31.1927
2026-06-20 12:20:00,309.277,227.6378,81.6392
2026-06-20 12:25:00,272.65,164.732,107.918
2026-06-20 12:30:00,213.064,161.6466,51.4174
2026-06-20 12:35:00,248.73,204.1434,44.5866
2026-06-20 12:40:00,416.419,262.7035,153.7155
2026-06-20 12:45:00,378.047,296.0707,81.9763
2026-06-20 12:50:00,382.584,268.1006,114.4834
2026-06-20 12:55:00,242.086,284.336,0.0
2026-06-20 13:00:00,411.719,379.9705,31.7485
2026-06-20 13:05:00,481.763,364.532,117.231
2026-06-20 13:10:00,438.921,301.4469,137.4741
2026-06-20 13:15:00,357.146,319.4654,37.6806
2026-06-20 13:20:00,417.14,269.5345,147.6055
2026-06-20 13:25:00,272.945,153.2697,119.6753
2026-06-20 13:30:00,247.037,153.2697,93.7673
2026-06-20 13:35:00,203.599,233.1138,0.0
2026-06-20 13:40:00,358.709,241.7131,116.9959
2026-06-20 13:45:00,329.931,195.294,134.637
2026-06-20 13:50:00,221.973,192.2078,29.7652
2026-06-20 13:55:00,331.645,244.2518,87.3932
2026-06-20 14:00:00,244.788,211.5524,33.2356
2026-06-20 14:05:00,240.513,200.8059,39.7071
2026-06-20 14:10:00,189.092,211.955,0.0
2026-06-20 14:15:00,234.616,187.096,47.52
2026-06-20 14:20:00,244.965,152.9188,92.0462
2026-06-20 14:25:00,180.968,109.8957,71.0723
2026-06-20 14:30:00,206.897,123.8172,83.0798
2026-06-20 14:35:00,176.544,94.6257,81.9183
2026-06-20 14:40:00,137.985,85.575,52.41
2026-06-20 14:45:00,141.014,69.3658,71.6482
2026-06-20 14:50:00,92.997,42.4521,50.5449
2026-06-20 14:55:00,70.677,7.4518,63.2252
2026-06-20 15:00:00,51.627,21.79,29.837
2026-06-20 15:05:00,117.995,31.733,86.262
2026-06-20 15:10:00,101.201,31.733,69.468
2026-06-20 15:15:00,96.098,79.9712,16.1268
2026-06-20 15:20:00,186.056,100.9744,85.0816
2026-06-20 15:25:00,176.923,100.9744,75.9486
2026-06-20 15:30:00,169.103,72.6263,96.4767
2026-06-20 15:35:00,123.719,78.7769,44.9421
2026-06-20 15:40:00,132.397,42.2962,90.1008
2026-06-20 15:45:00,105.409,42.2962,63.1128
2026-06-20 15:50:00,107.74,72.0597,35.6803
2026-06-20 15:55:00,116.735,44.7764,71.9586
2026-06-20 16:00:00,178.281,76.4036,101.8774
2026-06-20 16:05:00,232.675,110.4612,122.2138
2026-06-20 16:10:00,183.771,104.5381,79.2329
2026-06-20 16:15:00,139.625,68.7493,70.8757
2026-06-20 16:20:00,157.983,151.0471,6.9359
2026-06-20 16:25:00,245.606,224.753,20.853
2026-06-20 16:30:00,263.703,188.0765,75.6265
2026-06-20 16:35:00,231.739,108.2203,123.5187
2026-06-20 16:40:00,121.598,41.3715,80.2265
2026-06-20 16:45:00,101.907,64.3874,37.5196
2026-06-20 16:50:00,194.2,94.2446,99.9554
2026-06-20 16:55:00,179.51,56.5966,122.9134
2026-06-20 17:00:00,167.961,56.5966,111.3644
2026-06-20 17:05:00,162.708,56.5966,106.1114
2026-06-20 17:10:00,137.513,56.5966,80.9164
2026-06-20 17:15:00,126.432,56.5966,69.8354
2026-06-20 17:20:00,103.249,110.1472,0.0
2026-06-20 17:25:00,184.165,128.6378,55.5272
2026-06-20 17:30:00,169.947,93.7366,76.2104
2026-06-20 17:35:00,129.597,43.686,85.911
2026-06-20 17:40:00,104.675,35.1754,69.4996
2026-06-20 17:45:00,98.561,35.1754,63.3856
2026-06-20 17:50:00,102.55,55.0348,47.5152
2026-06-20 17:55:00,136.419,72.3212,64.0978
2026-06-20 18:00:00,151.928,81.3388,70.5892
2026-06-20 18:05:00,98.695,76.6786,22.0164
2026-06-20 18:10:00,99.874,67.6222,32.2518
2026-06-20 18:15:00,55.666,42.8069,12.8591
2026-06-20 18:20:00,95.806,71.5314,24.2746
2026-06-20 18:25:00,99.311,110.802,0.0
2026-06-20 18:30:00,188.481,137.0799,51.4011
2026-06-20 18:35:00,158.673,113.8057,44.8673
2026-06-20 18:40:00,162.828,113.8057,49.0223
2026-06-20 18:45:00,152.436,102.3656,50.0704
2026-06-20 18:50:00,77.618,76.5011,1.1169
2026-06-20 18:55:00,58.398,8.1601,50.2379
2026-06-20 19:00:00,22.703,72.2132,0.0
2026-06-20 19:05:00,108.87,84.9567,23.9133
2026-06-20 19:10:00,106.0,84.9567,21.0433
2026-06-20 19:15:00,124.2,58.8272,65.3728
2026-06-20 19:20:00,120.4,71.6398,48.7602
2026-06-20 19:25:00,123.5,71.6398,51.8602
2026-06-20 19:30:00,121.8,71.6398,50.1602
2026-06-20 19:35:00,87.8,71.6398,16.1602
2026-06-20 19:40:00,65.2,51.103,14.097
2026-06-20 19:45:00,22.9,0.0,22.9
2026-06-20 19:50:00,25.7,0.0,25.7
2026-06-20 19:55:00,26.9,0.0,26.9
2026-06-20 20:00:00,22.3,0.0,22.3
2026-06-20 20:05:00,14.9,42.7897,0.0
2026-06-20 20:10:00,82.0,60.2672,21.7328
2026-06-20 20:15:00,86.5,60.2672,26.2328
2026-06-20 20:20:00,70.9,40.5799,30.3201
2026-06-20 20:25:00,16.4,0.0,16.4
2026-06-20 20:30:00,13.3,0.0,13.3
2026-06-20 20:35:00,17.0,0.0,17.0
2026-06-20 20:40:00,13.7,0.0,13.7
2026-06-20 20:45:00,13.2,0.0,13.2
2026-06-20 20:50:00,15.0,0.0,15.0
2026-06-20 20:55:00,12.8,28.8373,0.0
2026-06-20 21:00:00,75.7,47.7966,27.9034
2026-06-20 21:05:00,61.4,47.7966,13.6034
2026-06-20 21:10:00,60.2,47.7966,12.4034
2026-06-20 21:15:00,63.8,47.7966,16.0034
2026-06-20 21:20:00,61.2,47.7966,13.4034
2026-06-20 21:25:00,61.9,47.7966,14.1034
2026-06-20 21:30:00,61.1,47.7966,13.3034
2026-06-20 21:35:00,60.9,47.7966,13.1034
2026-06-20 21:40:00,54.2,80.9498,0.0
2026-06-20 21:45:00,107.7,63.5229,44.1771
2026-06-20 21:50:00,110.0,87.6365,22.3635
2026-06-20 21:55:00,110.6,74.9989,35.6011
2026-06-20 22:00:00,57.2,38.3991,18.8009
2026-06-20 22:05:00,57.3,38.3991,18.9009
2026-06-20 22:10:00,50.1,38.3991,11.7009
2026-06-20 22:15:00,50.0,39.9261,10.0739
2026-06-20 22:20:00,92.9,103.8432,0.0
2026-06-20 22:25:00,120.1,103.8432,16.2568
2026-06-20 22:30:00,84.5,73.252,11.248
2026-06-20 22:35:00,78.7,63.0445,15.6555
2026-06-20 22:40:00,9.9,0.0,9.9
2026-06-20 22:45:00,8.5,0.0,8.5
2026-06-20 22:50:00,8.5,0.0,8.5
2026-06-20 22:55:00,9.3,0.0,9.3
2026-06-20 23:00:00,8.8,0.0,8.8
2026-06-20 23:05:00,9.4,0.0,9.4
2026-06-20 23:10:00,9.1,0.0,9.1
2026-06-20 23:15:00,8.8,0.0,8.8
2026-06-20 23:20:00,9.3,0.0,9.3
2026-06-20 23:25:00,10.1,0.0,10.1
2026-06-20 23:30:00,9.6,0.0,9.6
2026-06-20 23:35:00,8.9,0.0,8.9
2026-06-20 23:40:00,9.5,0.0,9.5
2026-06-20 23:45:00,13.8,0.0,13.8
2026-06-20 23:50:00,9.6,0.0,9.6
2026-06-20 23:55:00,10.9,0.0,10.9
2026-06-21 00:00:00,16.3,191.3498,0.0
2026-06-21 00:05:00,517.8,315.1705,202.6295
2026-06-21 00:10:00,523.8,347.9661,175.8339
2026-06-21 00:15:00,478.3,370.6423,107.6577
2026-06-21 00:20:00,378.0,370.6423,7.3577
2026-06-21 00:25:00,342.8,337.6781,5.1219
2026-06-21 00:30:00,230.8,256.3783,0.0
2026-06-21 00:35:00,105.4,137.389,0.0
2026-06-21 00:40:00,76.5,92.3906,0.0
2026-06-21 00:45:00,93.7,92.3906,1.3094
2026-06-21 00:50:00,77.2,90.2636,0.0
2026-06-21 00:55:00,155.8,97.6148,58.1852
2026-06-21 01:00:00,132.4,87.1966,45.2034
2026-06-21 01:05:00,133.1,87.1966,45.9034
2026-06-21 01:10:00,118.0,87.1966,30.8034
2026-06-21 01:15:00,98.3,87.1966,11.1034
2026-06-21 01:20:00,81.4,171.212,0.0
2026-06-21 01:25:00,174.6,168.9588,5.6412
2026-06-21 01:30:00,164.6,157.4165,7.1835
2026-06-21 01:35:00,156.6,154.3109,2.2891
2026-06-21 01:40:00,112.7,45.3834,67.3166
2026-06-21 01:45:00,13.6,0.0,13.6
2026-06-21 01:50:00,11.6,0.0,11.6
2026-06-21 01:55:00,14.1,0.0,14.1
2026-06-21 02:00:00,10.8,3.9647,6.8353
2026-06-21 02:05:00,54.4,29.0102,25.3898
2026-06-21 02:10:00,57.5,29.0102,28.4898
2026-06-21 02:15:00,53.9,29.0102,24.8898
2026-06-21 02:20:00,54.5,57.159,0.0
2026-06-21 02:25:00,88.1,57.9302,30.1698
2026-06-21 02:30:00,91.9,69.1182,22.7818
2026-06-21 02:35:00,198.6,140.6574,57.9426
2026-06-21 02:40:00,210.9,142.455,68.445
2026-06-21 02:45:00,174.6,116.6627,57.9373
2026-06-21 02:50:00,159.6,115.0087,44.5913
2026-06-21 02:55:00,133.1,115.0087,18.0913
2026-06-21 03:00:00,117.0,115.0087,1.9913
2026-06-21 03:05:00,109.0,299.8544,0.0
2026-06-21 03:10:00,453.2,340.2653,112.9347
2026-06-21 03:15:00,378.1,316.0245,62.0755
2026-06-21 03:20:00,253.4,151.4878,101.9122
2026-06-21 03:25:00,157.2,151.5561,5.6439
2026-06-21 03:30:00,91.7,144.9126,0.0
2026-06-21 03:35:00,97.6,97.4881,0.1119
2026-06-21 03:40:00,171.1,95.4919,75.6081
2026-06-21 03:45:00,159.5,95.4919,64.0081
2026-06-21 03:50:00,154.9,95.4919,59.4081
2026-06-21 03:55:00,147.4,95.4919,51.9081
2026-06-21 04:00:00,101.2,90.5818,10.6182
2026-06-21 04:05:00,63.2,43.5781,19.6219
2026-06-21 04:10:00,51.1,33.651,17.449
2026-06-21 04:15:00,37.0,65.6484,0.0
2026-06-21 04:20:00,78.9,95.4279,0.0
2026-06-21 04:25:00,166.5,117.4227,49.0773
2026-06-21 04:30:00,160.5,117.4227,43.0773
2026-06-21 04:35:00,122.8,117.4227,5.3773
2026-06-21 04:40:00,110.0,117.4227,0.0
2026-06-21 04:45:00,96.4,117.4227,0.0
2026-06-21 04:50:00,91.0,117.4227,0.0
2026-06-21 04:55:00,61.0,79.67,0.0
2026-06-21 05:00:00,45.0,34.5295,10.4705
2026-06-21 05:05:00,42.9,34.5295,8.3705
2026-06-21 05:10:00,39.9,22.5593,17.3407
2026-06-21 05:15:00,12.3,0.0,12.3
2026-06-21 05:20:00,11.1,0.0,11.1
2026-06-21 05:25:00,11.4,0.0,11.4
2026-06-21 05:30:00,11.4,0.0,11.4
2026-06-21 05:35:00,11.811,9.0671,2.7439
2026-06-21 05:40:00,77.032,36.7587,40.2733
2026-06-21 05:45:00,77.567,48.9924,28.5746
2026-06-21 05:50:00,99.638,53.6716,45.9664
2026-06-21 05:55:00,63.896,53.6716,10.2244
2026-06-21 06:00:00,57.884,53.6716,4.2124
2026-06-21 06:05:00,53.731,53.6716,0.0594
2026-06-21 06:10:00,53.65,53.6716,0.0
2026-06-21 06:15:00,44.793,69.722,0.0
2026-06-21 06:20:00,67.747,58.9328,8.8142
2026-06-21 06:25:00,116.203,86.5697,29.6333
2026-06-21 06:30:00,109.814,115.0297,0.0
2026-06-21 06:35:00,226.29,115.34,110.95
2026-06-21 06:40:00,322.087,137.0229,185.0641
2026-06-21 06:45:00,199.4,137.1665,62.2335
2026-06-21 06:50:00,170.551,180.1195,0.0
2026-06-21 06:55:00,236.236,229.2015,7.0345
2026-06-21 07:00:00,255.938,237.0835,18.8545
2026-06-21 07:05:00,225.786,248.6186,0.0
2026-06-21 07:10:00,217.116,216.9436,0.1724
2026-06-21 07:15:00,195.858,162.6286,33.2294
2026-06-21 07:20:00,176.321,138.2072,38.1138
2026-06-21 07:25:00,137.748,198.8056,0.0
2026-06-21 07:30:00,321.94,294.4492,27.4908
2026-06-21 07:35:00,351.339,291.393,59.946
2026-06-21 07:40:00,407.649,294.7367,112.9123
2026-06-21 07:45:00,390.47,304.19,86.28
2026-06-21 07:50:00,394.937,306.6652,88.2718
2026-06-21 07:55:00,344.561,297.614,46.947
2026-06-21 08:00:00,277.997,195.3434,82.6536
2026-06-21 08:05:00,195.406,152.2839,43.1221
2026-06-21 08:10:00,175.783,140.7108,35.0722
2026-06-21 08:15:00,153.969,99.908,54.061
2026-06-21 08:20:00,115.217,86.4624,28.7546
2026-06-21 08:25:00,107.093,64.1707,42.9223
2026-06-21 08:30:00,126.196,47.6785,78.5175
2026-06-21 08:35:00,88.913,44.2022,44.7108
2026-06-21 08:40:00,110.71,43.0893,67.6207
2026-06-21 08:45:00,97.58,43.0893,54.4907
2026-06-21 08:50:00,89.786,79.6399,10.1461
2026-06-21 08:55:00,314.327,234.4688,79.8582
2026-06-21 09:00:00,362.741,200.5884,162.1526
2026-06-21 09:05:00,261.028,176.2973,84.7307
2026-06-21 09:10:00,270.362,172.2719,98.0901
2026-06-21 09:15:00,250.228,164.4849,85.7431
2026-06-21 09:20:00,224.177,164.4849,59.6921
2026-06-21 09:25:00,193.145,113.0986,80.0464
2026-06-21 09:30:00,153.74,116.6132,37.1268
2026-06-21 09:35:00,177.459,87.7306,89.7284
2026-06-21 09:40:00,152.923,114.1412,38.7818
2026-06-21 09:45:00,304.894,150.7362,154.1578
2026-06-21 09:50:00,277.23,150.1571,127.0729
2026-06-21 09:55:00,295.591,144.4878,151.1032
2026-06-21 10:00:00,233.474,148.6086,84.8654
2026-06-21 10:05:00,234.652,272.308,0.0
2026-06-21 10:10:00,448.281,293.9222,154.3588
2026-06-21 10:15:00,344.757,226.2081,118.5489
2026-06-21 10:20:00,231.761,206.2835,25.4775
2026-06-21 10:25:00,193.354,106.0407,87.3133
2026-06-21 10:30:00,245.004,121.5237,123.4803
2026-06-21 10:35:00,200.372,143.9241,56.4479
2026-06-21 10:40:00,328.345,222.4207,105.9243
2026-06-21 10:45:00,357.362,185.293,172.069
2026-06-21 10:50:00,289.981,196.1824,93.7986
2026-06-21 10:55:00,361.965,309.6822,52.2828
2026-06-21 11:00:00,464.218,291.9472,172.2708
2026-06-21 11:05:00,338.058,285.133,52.925
2026-06-21 11:10:00,279.206,222.8253,56.3807
2026-06-21 11:15:00,239.468,252.1348,0.0
2026-06-21 11:20:00,520.406,272.0829,248.3231
2026-06-21 11:25:00,425.25,254.8646,170.3854
2026-06-21 11:30:00,307.671,254.8646,52.8064
2026-06-21 11:35:00,239.401,208.1006,31.3004
2026-06-21 11:40:00,167.786,72.7867,94.9993
2026-06-21 11:45:00,161.075,72.7867,88.2883
2026-06-21 11:50:00,148.744,62.9918,85.7522
2026-06-21 11:55:00,146.081,56.2474,89.8336
2026-06-21 12:00:00,187.904,274.6379,0.0
2026-06-21 12:05:00,498.185,315.6571,182.5279
2026-06-21 12:10:00,437.922,282.6364,155.2856
2026-06-21 12:15:00,393.136,281.7975,111.3385
2026-06-21 12:20:00,342.869,271.7333,71.1357
2026-06-21 12:25:00,306.157,252.2217,53.9353
2026-06-21 12:30:00,421.356,270.8418,150.5142
2026-06-21 12:35:00,342.949,293.3421,49.6069
2026-06-21 12:40:00,439.612,321.8338,117.7782
2026-06-21 12:45:00,434.18,314.0293,120.1507
2026-06-21 12:50:00,355.017,254.0087,101.0083
2026-06-21 12:55:00,226.688,190.3537,36.3343
2026-06-21 13:00:00,291.246,231.6661,59.5799
2026-06-21 13:05:00,239.828,171.3894,68.4386
2026-06-21 13:10:00,238.219,180.2154,58.0036
2026-06-21 13:15:00,271.361,142.317,129.044
2026-06-21 13:20:00,203.25,145.9546,57.2954
2026-06-21 13:25:00,281.213,217.0959,64.1171
2026-06-21 13:30:00,358.643,229.1803,129.4627
2026-06-21 13:35:00,307.488,214.0238,93.4642
2026-06-21 13:40:00,341.833,204.1293,137.7037
2026-06-21 13:45:00,254.483,205.4539,49.0291
2026-06-21 13:50:00,219.715,230.5454,0.0
2026-06-21 13:55:00,227.329,211.7545,15.5745
2026-06-21 14:00:00,277.569,149.0875,128.4815
2026-06-21 14:05:00,257.211,106.7974,150.4136
2026-06-21 14:10:00,168.975,99.2726,69.7024
2026-06-21 14:15:00,147.939,134.5148,13.4242
2026-06-21 14:20:00,272.844,152.2765,120.5675
2026-06-21 14:25:00,218.883,152.2765,66.6065
2026-06-21 14:30:00,166.84,164.8452,1.9948
2026-06-21 14:35:00,131.536,113.2797,18.2563
2026-06-21 14:40:00,130.411,70.0782,60.3328
2026-06-21 14:45:00,97.947,29.8714,68.0756
2026-06-21 14:50:00,103.793,16.1306,87.6624
2026-06-21 14:55:00,73.855,43.242,30.613
2026-06-21 15:00:00,137.528,53.067,84.461
2026-06-21 15:05:00,130.625,53.067,77.558
2026-06-21 15:10:00,135.752,88.6632,47.0888
2026-06-21 15:15:00,195.974,100.1749,95.7991
2026-06-21 15:20:00,195.395,162.9527,32.4423
2026-06-21 15:25:00,292.752,159.0569,133.6951
2026-06-21 15:30:00,267.345,145.7414,121.6036
2026-06-21 15:35:00,252.649,144.8232,107.8258
2026-06-21 15:40:00,232.741,177.7584,54.9826
2026-06-21 15:45:00,249.096,219.6858,29.4102
2026-06-21 15:50:00,282.478,222.045,60.433
2026-06-21 15:55:00,300.381,198.1572,102.2238
2026-06-21 16:00:00,296.668,286.3758,10.2922
2026-06-21 16:05:00,377.51,287.7531,89.7569
2026-06-21 16:10:00,398.664,290.5988,108.0652
2026-06-21 16:15:00,442.869,328.3875,114.4815
2026-06-21 16:20:00,372.516,231.5219,140.9941
2026-06-21 16:25:00,289.189,225.2961,63.8929
2026-06-21 16:30:00,309.099,169.4921,139.6069
2026-06-21 16:35:00,204.3,129.5452,74.7548
2026-06-21 16:40:00,196.894,220.0631,0.0
2026-06-21 16:45:00,336.395,268.7459,67.6491
2026-06-21 16:50:00,304.188,225.8493,78.3387
2026-06-21 16:55:00,255.827,189.8328,65.9942
2026-06-21 17:00:00,267.516,172.2607,95.2553
2026-06-21 17:05:00,256.52,200.3098,56.2102
2026-06-21 17:10:00,416.466,295.0436,121.4224
2026-06-21 17:15:00,386.337,295.9033,90.4337
2026-06-21 17:20:00,388.315,309.8985,78.4165
2026-06-21 17:25:00,473.397,320.8512,152.5458
2026-06-21 17:30:00,393.525,283.6726,109.8524
2026-06-21 17:35:00,396.573,374.8246,21.7484
2026-06-21 17:40:00,396.684,373.9475,22.7365
2026-06-21 17:45:00,331.151,301.1015,30.0495
2026-06-21 17:50:00,346.589,115.39,231.199
2026-06-21 17:55:00,247.277,82.6186,164.6584
2026-06-21 18:00:00,204.019,139.1797,64.8393
2026-06-21 18:05:00,253.164,134.8342,118.3298
2026-06-21 18:10:00,178.674,125.0646,53.6094
2026-06-21 18:15:00,111.712,69.7844,41.9276
2026-06-21 18:20:00,122.044,145.0906,0.0
2026-06-21 18:25:00,271.789,197.2029,74.5861
2026-06-21 18:30:00,257.278,136.2084,121.0696
2026-06-21 18:35:00,175.496,203.5395,0.0
2026-06-21 18:40:00,275.592,229.7257,45.8663
2026-06-21 18:45:00,271.319,206.6451,64.6739
2026-06-21 18:50:00,200.298,170.4711,29.8269
2026-06-21 18:55:00,122.661,63.4058,59.2552
2026-06-21 19:00:00,128.032,75.185,52.847
2026-06-21 19:05:00,113.246,75.185,38.061
2026-06-21 19:10:00,97.243,75.185,22.058
2026-06-21 19:15:00,94.2,89.7238,4.4762
2026-06-21 19:20:00,151.2,109.6228,41.5772
2026-06-21 19:25:00,126.0,88.701,37.299
2026-06-21 19:30:00,138.6,88.701,49.899
2026-06-21 19:35:00,128.1,88.701,39.399
2026-06-21 19:40:00,119.1,75.4899,43.6101
2026-06-21 19:45:00,154.2,190.2406,0.0
2026-06-21 19:50:00,257.7,192.7522,64.9478
2026-06-21 19:55:00,224.1,189.2777,34.8223
2026-06-21 20:00:00,206.4,41.6898,164.7102
2026-06-21 20:05:00,37.8,32.5125,5.2875
2026-06-21 20:10:00,37.5,32.5125,4.9875
2026-06-21 20:15:00,40.8,51.4144,0.0
2026-06-21 20:20:00,72.6,64.1916,8.4084
2026-06-21 20:25:00,77.1,76.0343,1.0657
2026-06-21 20:30:00,97.5,80.4841,17.0159
2026-06-21 20:35:00,90.0,61.8435,28.1565
2026-06-21 20:40:00,85.8,61.8435,23.9565
2026-06-21 20:45:00,86.1,61.8435,24.2565
2026-06-21 20:50:00,86.4,56.8805,29.5195
2026-06-21 20:55:00,48.3,30.1645,18.1355
2026-06-21 21:00:00,49.2,30.1645,19.0355
2026-06-21 21:05:00,35.4,23.9171,11.4829
2026-06-21 21:10:00,26.4,13.867,12.533
2026-06-21 21:15:00,22.8,13.867,8.933
2026-06-21 21:20:00,18.3,28.1242,0.0
2026-06-21 21:25:00,38.4,16.6523,21.7477
2026-06-21 21:30:00,37.2,16.6523,20.5477
2026-06-21 21:35:00,36.9,16.6523,20.2477
2026-06-21 21:40:00,24.9,16.6523,8.2477
2026-06-21 21:45:00,23.1,16.6523,6.4477
2026-06-21 21:50:00,19.2,29.3925,0.0
2026-06-21 21:55:00,44.1,30.9774,13.1226
2026-06-21 22:00:00,44.4,100.7581,0.0
2026-06-21 22:05:00,196.2,112.4334,83.7666
2026-06-21 22:10:00,174.3,112.4334,61.8666
2026-06-21 22:15:00,160.2,112.4334,47.7666
2026-06-21 22:20:00,143.1,101.7979,41.3021
2026-06-21 22:25:00,91.5,81.4561,10.0439
2026-06-21 22:30:00,74.1,81.4561,0.0
2026-06-21 22:35:00,60.9,81.4561,0.0
2026-06-21 22:40:00,52.8,66.2509,0.0
2026-06-21 22:45:00,10.5,4.6712,5.8288
2026-06-21 22:50:00,46.8,34.1797,12.6203
2026-06-21 22:55:00,47.1,34.1797,12.9203
2026-06-21 23:00:00,45.9,18.0013,27.8987
2026-06-21 23:05:00,13.8,0.0,13.8
2026-06-21 23:10:00,9.9,0.0,9.9
2026-06-21 23:15:00,10.2,0.0,10.2
2026-06-21 23:20:00,9.3,15.4724,0.0
2026-06-21 23:25:00,58.2,34.9002,23.2998
2026-06-21 23:30:00,41.1,23.4994,17.6006
2026-06-21 23:35:00,11.1,0.0,11.1
2026-06-21 23:40:00,10.5,0.0,10.5
2026-06-21 23:45:00,9.6,0.0,9.6
2026-06-21 23:50:00,10.2,0.0,10.2
2026-06-21 23:55:00,9.9,0.0,9.9
2026-06-22 00:00:00,13.3,111.2226,0.0
2026-06-22 00:05:00,268.9,150.0569,118.8431
2026-06-22 00:10:00,286.6,181.2381,105.3619
2026-06-22 00:15:00,253.3,181.2381,72.0619
2026-06-22 00:20:00,217.5,181.2381,36.2619
2026-06-22 00:25:00,170.3,181.2381,0.0
2026-06-22 00:30:00,162.9,181.2381,0.0
2026-06-22 00:35:00,121.0,160.658,0.0
2026-06-22 00:40:00,71.0,103.4164,0.0
2026-06-22 00:45:00,87.1,66.732,20.368
2026-06-22 00:50:00,87.0,78.8806,8.1194
2026-06-22 00:55:00,125.8,93.7288,32.0712
2026-06-22 01:00:00,126.1,93.7288,32.3712
2026-06-22 01:05:00,117.0,93.7288,23.2712
2026-06-22 01:10:00,79.6,72.7907,6.8093
2026-06-22 01:15:00,64.5,52.5932,11.9068
2026-06-22 01:20:00,69.7,48.6796,21.0204
2026-06-22 01:25:00,66.6,48.6796,17.9204
2026-06-22 01:30:00,63.0,48.6796,14.3204
2026-06-22 01:35:00,55.3,51.2618,4.0382
2026-06-22 01:40:00,135.4,94.2477,41.1523
2026-06-22 01:45:00,129.5,94.2477,35.2523
2026-06-22 01:50:00,100.5,68.7806,31.7194
2026-06-22 01:55:00,91.3,70.3495,20.9505
2026-06-22 02:00:00,85.3,75.5581,9.7419
2026-06-22 02:05:00,83.8,74.6185,9.1815
2026-06-22 02:10:00,79.2,74.6185,4.5815
2026-06-22 02:15:00,81.0,72.0979,8.9021
2026-06-22 02:20:00,78.0,54.1885,23.8115
2026-06-22 02:25:00,44.6,28.7209,15.8791
2026-06-22 02:30:00,44.1,28.7209,15.3791
2026-06-22 02:35:00,44.0,28.7209,15.2791
2026-06-22 02:40:00,45.2,28.7209,16.4791
2026-06-22 02:45:00,42.8,28.7209,14.0791
2026-06-22 02:50:00,37.1,10.0523,27.0477
2026-06-22 02:55:00,13.2,0.0,13.2
2026-06-22 03:00:00,13.6,0.0,13.6
2026-06-22 03:05:00,13.2,0.0,13.2
2026-06-22 03:10:00,13.2,5.1302,8.0698
2026-06-22 03:15:00,107.4,72.0735,35.3265
2026-06-22 03:20:00,137.2,74.7817,62.4183
2026-06-22 03:25:00,128.3,74.7817,53.5183
2026-06-22 03:30:00,97.5,103.3463,0.0
2026-06-22 03:35:00,169.2,105.4963,63.7037
2026-06-22 03:40:00,161.7,88.587,73.113
2026-06-22 03:45:00,113.7,85.6807,28.0193
2026-06-22 03:50:00,95.4,85.6807,9.7193
2026-06-22 03:55:00,92.9,85.6807,7.2193
2026-06-22 04:00:00,58.5,64.7936,0.0
2026-06-22 04:05:00,39.1,57.4854,0.0
2026-06-22 04:10:00,128.0,83.9015,44.0985
2026-06-22 04:15:00,123.8,83.9015,39.8985
2026-06-22 04:20:00,123.9,83.9015,39.9985
2026-06-22 04:25:00,91.5,83.9015,7.5985
2026-06-22 04:30:00,68.6,83.9015,0.0
2026-06-22 04:35:00,57.3,83.9015,0.0
2026-06-22 04:40:00,53.5,80.2688,0.0
2026-06-22 04:45:00,49.8,65.7436,0.0
2026-06-22 04:50:00,42.6,22.1304,20.4696
2026-06-22 04:55:00,41.7,22.1304,19.5696
2026-06-22 05:00:00,33.8,22.1304,11.6696
2026-06-22 05:05:00,30.0,22.1304,7.8696
2026-06-22 05:10:00,34.1,22.1304,11.9696
2026-06-22 05:15:00,23.8,20.7288,3.0712
2026-06-22 05:20:00,10.4,0.0,10.4
2026-06-22 05:25:00,11.0,0.0,11.0
2026-06-22 05:30:00,11.054,0.0,11.054
2026-06-22 05:35:00,11.147,0.0,11.147
2026-06-22 05:40:00,11.155,0.0,11.155
2026-06-22 05:45:00,10.457,0.0,10.457
2026-06-22 05:50:00,14.264,0.0,14.264
2026-06-22 05:55:00,13.158,0.0,13.158
2026-06-22 06:00:00,10.52,0.0,10.52
2026-06-22 06:05:00,11.328,0.0,11.328
2026-06-22 06:10:00,7.945,0.0,7.945
2026-06-22 06:15:00,7.976,0.0,7.976
2026-06-22 06:20:00,7.287,0.0,7.287
2026-06-22 06:25:00,10.403,28.1584,0.0
2026-06-22 06:30:00,104.188,75.2603,28.9277
2026-06-22 06:35:00,107.154,75.2603,31.8937
2026-06-22 06:40:00,106.235,75.2603,30.9747
2026-06-22 06:45:00,98.572,128.3614,0.0
2026-06-22 06:50:00,189.476,158.4958,30.9802
2026-06-22 06:55:00,219.737,186.2826,33.4544
2026-06-22 07:00:00,243.637,202.8943,40.7427
2026-06-22 07:05:00,274.002,220.3706,53.6314
2026-06-22 07:10:00,234.292,250.6569,0.0
2026-06-22 07:15:00,263.607,209.1759,54.4311
2026-06-22 07:20:00,156.482,180.7542,0.0
2026-06-22 07:25:00,167.344,158.4544,8.8896
2026-06-22 07:30:00,194.066,192.9473,1.1187
2026-06-22 07:35:00,371.39,261.1519,110.2381
2026-06-22 07:40:00,448.863,312.4847,136.3783
2026-06-22 07:45:00,405.422,298.0142,107.4078
2026-06-22 07:50:00,334.781,323.4208,11.3602
2026-06-22 07:55:00,426.924,350.9979,75.9261
2026-06-22 08:00:00,390.306,358.9147,31.3913
2026-06-22 08:05:00,384.938,302.504,82.434
2026-06-22 08:10:00,366.079,295.9129,70.1661
2026-06-22 08:15:00,422.144,323.6337,98.5103
2026-06-22 08:20:00,371.443,306.5563,64.8867
2026-06-22 08:25:00,302.585,324.8388,0.0
2026-06-22 08:30:00,382.652,343.3809,39.2711
2026-06-22 08:35:00,409.499,373.5008,35.9982
2026-06-22 08:40:00,385.779,311.7664,74.0126
2026-06-22 08:45:00,326.985,337.0479,0.0
2026-06-22 08:50:00,369.555,247.6646,121.8904
2026-06-22 08:55:00,192.448,121.0619,71.3861
2026-06-22 09:00:00,136.55,57.4752,79.0748
2026-06-22 09:05:00,109.972,45.728,64.244
2026-06-22 09:10:00,130.229,116.1921,14.0369
2026-06-22 09:15:00,242.744,137.0373,105.7067
2026-06-22 09:20:00,235.51,167.4235,68.0865
2026-06-22 09:25:00,308.925,195.1537,113.7713
2026-06-22 09:30:00,302.503,195.1537,107.3493
2026-06-22 09:35:00,241.344,206.3177,35.0263
2026-06-22 09:40:00,233.967,176.753,57.214
2026-06-22 09:45:00,225.891,151.3199,74.5711
2026-06-22 09:50:00,222.301,151.9768,70.3242
2026-06-22 09:55:00,258.757,126.256,132.501
2026-06-22 10:00:00,245.468,131.4291,114.0389
2026-06-22 10:05:00,161.872,83.867,78.005
2026-06-22 10:10:00,180.655,54.4183,126.2367
2026-06-22 10:15:00,135.388,45.9502,89.4378
2026-06-22 10:20:00,130.993,58.6113,72.3817
2026-06-22 10:25:00,171.973,156.93,15.043
2026-06-22 10:30:00,297.849,293.6484,4.2006
2026-06-22 10:35:00,438.811,328.512,110.299
2026-06-22 10:40:00,429.058,328.512,100.546
2026-06-22 10:45:00,418.6,328.512,90.088
2026-06-22 10:50:00,438.623,348.2676,90.3554
2026-06-22 10:55:00,395.155,275.9782,119.1768
2026-06-22 11:00:00,256.538,151.6197,104.9183
2026-06-22 11:05:00,258.523,114.0918,144.4312
2026-06-22 11:10:00,215.462,122.6626,92.7994
2026-06-22 11:15:00,250.1,168.9662,81.1338
2026-06-22 11:20:00,232.034,160.4159,71.6181
2026-06-22 11:25:00,203.768,114.1775,89.5905
2026-06-22 11:30:00,196.36,155.374,40.986
2026-06-22 11:35:00,283.853,174.1658,109.6872
2026-06-22 11:40:00,304.865,210.1793,94.6857
2026-06-22 11:45:00,319.584,191.8775,127.7065
2026-06-22 11:50:00,375.252,218.5329,156.7191
2026-06-22 11:55:00,312.274,253.6646,58.6094
2026-06-22 12:00:00,346.05,320.8464,25.2036
2026-06-22 12:05:00,461.795,307.789,154.006
2026-06-22 12:10:00,415.143,397.7775,17.3655
2026-06-22 12:15:00,389.57,375.0249,14.5451
2026-06-22 12:20:00,323.095,313.9299,9.1651
2026-06-22 12:25:00,325.93,267.2792,58.6508
2026-06-22 12:30:00,374.782,305.9711,68.8109
2026-06-22 12:35:00,447.378,349.0018,98.3762
2026-06-22 12:40:00,461.149,375.987,85.162
2026-06-22 12:45:00,449.263,307.3296,141.9334
2026-06-22 12:50:00,336.865,300.1314,36.7336
2026-06-22 12:55:00,399.257,318.7378,80.5192
2026-06-22 13:00:00,345.245,262.6487,82.5963
2026-06-22 13:05:00,433.843,287.6241,146.2189
2026-06-22 13:10:00,346.767,310.7244,36.0426
2026-06-22 13:15:00,318.945,196.521,122.424
2026-06-22 13:20:00,290.695,237.3838,53.3112
2026-06-22 13:25:00,318.62,235.713,82.907
2026-06-22 13:30:00,283.053,260.7694,22.2836
2026-06-22 13:35:00,318.519,201.0193,117.4997
2026-06-22 13:40:00,290.305,185.9417,104.3633
2026-06-22 13:45:00,211.704,134.1516,77.5524
2026-06-22 13:50:00,176.328,62.655,113.673
2026-06-22 13:55:00,138.583,53.702,84.881
2026-06-22 14:00:00,166.31,69.3132,96.9968
2026-06-22 14:05:00,139.932,86.4678,53.4642
2026-06-22 14:10:00,200.611,105.8123,94.7987
2026-06-22 14:15:00,164.269,215.467,0.0
2026-06-22 14:20:00,312.523,228.0596,84.4634
2026-06-22 14:25:00,230.82,133.3599,97.4601
2026-06-22 14:30:00,228.168,164.4458,63.7222
2026-06-22 14:35:00,274.302,163.4923,110.8097
2026-06-22 14:40:00,178.108,106.4866,71.6214
2026-06-22 14:45:00,131.667,88.8565,42.8105
2026-06-22 14:50:00,147.161,92.1832,54.9778
2026-06-22 14:55:00,168.803,94.79,74.013
2026-06-22 15:00:00,194.984,105.1533,89.8307
2026-06-22 15:05:00,152.24,138.6352,13.6048
2026-06-22 15:10:00,226.228,135.7563,90.4717
2026-06-22 15:15:00,212.955,110.9271,102.0279
2026-06-22 15:20:00,161.015,121.5042,39.5108
2026-06-22 15:25:00,240.497,161.6752,78.8218
2026-06-22 15:30:00,228.507,161.6752,66.8318
2026-06-22 15:35:00,239.143,145.9457,93.1973
2026-06-22 15:40:00,187.906,125.9655,61.9405
2026-06-22 15:45:00,134.562,71.0794,63.4826
2026-06-22 15:50:00,130.831,58.7737,72.0573
2026-06-22 15:55:00,135.853,91.9022,43.9508
2026-06-22 16:00:00,176.303,107.8258,68.4772
2026-06-22 16:05:00,279.519,192.5929,86.9261
2026-06-22 16:10:00,288.789,263.917,24.872
2026-06-22 16:15:00,367.826,204.1676,163.6584
2026-06-22 16:20:00,216.783,77.03,139.753
2026-06-22 16:25:00,94.788,20.7564,74.0316
2026-06-22 16:30:00,87.533,25.6734,61.8596
2026-06-22 16:35:00,129.25,35.9908,93.2592
2026-06-22 16:40:00,76.081,35.9908,40.0902
2026-06-22 16:45:00,121.936,108.6415,13.2945
2026-06-22 16:50:00,223.836,128.7364,95.0996
2026-06-22 16:55:00,210.811,198.2557,12.5553
2026-06-22 17:00:00,362.539,277.9225,84.6165
2026-06-22 17:05:00,412.127,270.9414,141.1856
2026-06-22 17:10:00,327.311,86.5683,240.7427
2026-06-22 17:15:00,178.809,87.9959,90.8131
2026-06-22 17:20:00,178.674,53.2032,125.4708
2026-06-22 17:25:00,109.455,35.6829,73.7721
2026-06-22 17:30:00,168.07,76.622,91.448
2026-06-22 17:35:00,173.656,122.6903,50.9657
2026-06-22 17:40:00,218.487,102.6898,115.7972
2026-06-22 17:45:00,166.661,100.0087,66.6523
2026-06-22 17:50:00,167.838,186.0453,0.0
2026-06-22 17:55:00,300.386,181.535,118.851
2026-06-22 18:00:00,185.919,165.7473,20.1717
2026-06-22 18:05:00,173.484,149.1224,24.3616
2026-06-22 18:10:00,155.753,142.4105,13.3425
2026-06-22 18:15:00,221.709,160.7044,61.0046
2026-06-22 18:20:00,153.726,99.0373,54.6887
2026-06-22 18:25:00,166.847,120.7076,46.1394
2026-06-22 18:30:00,179.962,132.734,47.228
2026-06-22 18:35:00,170.409,99.1304,71.2786
2026-06-22 18:40:00,95.15,69.5113,25.6387
2026-06-22 18:45:00,121.741,135.7666,0.0
2026-06-22 18:50:00,232.885,212.4448,20.4402
2026-06-22 18:55:00,284.606,123.9373,160.6687
2026-06-22 19:00:00,118.066,90.2238,27.8422
2026-06-22 19:05:00,79.594,87.467,0.0
2026-06-22 19:10:00,165.346,148.1074,17.2386
2026-06-22 19:15:00,163.0,122.7628,40.2372
2026-06-22 19:20:00,152.2,93.837,58.363
2026-06-22 19:25:00,87.7,63.3942,24.3058
2026-06-22 19:30:00,88.8,9.7204,79.0796
2026-06-22 19:35:00,16.8,39.1641,0.0
2026-06-22 19:40:00,62.0,41.9615,20.0385
2026-06-22 19:45:00,67.3,41.9615,25.3385
2026-06-22 19:50:00,61.3,91.1352,0.0
2026-06-22 19:55:00,117.4,63.9567,53.4433
2026-06-22 20:00:00,115.4,44.1468,71.2532
2026-06-22 20:05:00,59.3,59.3189,0.0
2026-06-22 20:10:00,97.5,79.7609,17.7391
2026-06-22 20:15:00,98.7,41.3736,57.3264
2026-06-22 20:20:00,53.4,32.9471,20.4529
2026-06-22 20:25:00,52.2,32.9471,19.2529
2026-06-22 20:30:00,48.8,32.9471,15.8529
2026-06-22 20:35:00,49.0,32.9471,16.0529
2026-06-22 20:40:00,52.9,52.8812,0.0188
2026-06-22 20:45:00,77.0,59.8851,17.1149
2026-06-22 20:50:00,74.7,53.076,21.624
2026-06-22 20:55:00,48.3,26.938,21.362
2026-06-22 21:00:00,44.4,26.938,17.462
2026-06-22 21:05:00,43.8,26.938,16.862
2026-06-22 21:10:00,43.6,26.938,16.662
2026-06-22 21:15:00,43.5,26.938,16.562
2026-06-22 21:20:00,43.4,26.938,16.462
2026-06-22 21:25:00,43.3,26.938,16.362
2026-06-22 21:30:00,43.6,26.938,16.662
2026-06-22 21:35:00,42.3,26.938,15.362
2026-06-22 21:40:00,36.3,26.938,9.362
2026-06-22 21:45:00,33.6,26.938,6.662
2026-06-22 21:50:00,31.8,26.938,4.862
2026-06-22 21:55:00,24.9,44.944,0.0
2026-06-22 22:00:00,70.5,54.4616,16.0384
2026-06-22 22:05:00,97.5,75.417,22.083
2026-06-22 22:10:00,81.3,35.7887,45.5113
2026-06-22 22:15:00,91.5,43.7081,47.7919
2026-06-22 22:20:00,91.2,43.7081,47.4919
2026-06-22 22:25:00,71.4,43.7081,27.6919
2026-06-22 22:30:00,60.6,43.7081,16.8919
2026-06-22 22:35:00,52.5,43.7081,8.7919
2026-06-22 22:40:00,51.9,43.7081,8.1919
2026-06-22 22:45:00,39.6,43.7081,0.0
2026-06-22 22:50:00,39.9,43.7081,0.0
2026-06-22 22:55:00,27.3,43.7081,0.0
2026-06-22 23:00:00,27.3,0.1457,27.1543
2026-06-22 23:05:00,8.7,0.0,8.7
2026-06-22 23:10:00,8.7,0.0,8.7
2026-06-22 23:15:00,8.7,0.0,8.7
2026-06-22 23:20:00,8.4,0.0,8.4
2026-06-22 23:25:00,101.7,0.0,101.7
2026-06-22 23:30:00,9.9,0.0,9.9
2026-06-22 23:35:00,8.7,0.0,8.7
2026-06-22 23:40:00,8.4,0.0,8.4
2026-06-22 23:45:00,8.1,0.0,8.1
2026-06-22 23:50:00,9.3,0.0,9.3
2026-06-22 23:55:00,9.9,0.0,9.9
2026-06-23 00:00:00,12.9,163.4623,0.0
2026-06-23 00:05:00,479.2,261.1483,218.0517
2026-06-23 00:10:00,420.1,271.9316,148.1684
2026-06-23 00:15:00,454.0,312.9509,141.0491
2026-06-23 00:20:00,365.0,329.5121,35.4879
2026-06-23 00:25:00,289.6,324.9327,0.0
2026-06-23 00:30:00,250.4,274.3059,0.0
2026-06-23 00:35:00,229.7,252.628,0.0
2026-06-23 00:40:00,188.0,234.7434,0.0
2026-06-23 00:45:00,254.6,225.4969,29.1031
2026-06-23 00:50:00,243.0,194.8588,48.1412
2026-06-23 00:55:00,204.5,150.5053,53.9947
2026-06-23 01:00:00,150.8,110.8191,39.9809
2026-06-23 01:05:00,105.7,101.442,4.258
2026-06-23 01:10:00,142.0,154.361,0.0
2026-06-23 01:15:00,159.7,150.7703,8.9297
2026-06-23 01:20:00,119.5,82.547,36.953
2026-06-23 01:25:00,111.2,82.4737,28.7263
2026-06-23 01:30:00,81.6,87.2772,0.0
2026-06-23 01:35:00,156.1,84.7743,71.3257
2026-06-23 01:40:00,155.8,82.2855,73.5145
2026-06-23 01:45:00,110.9,82.2855,28.6145
2026-06-23 01:50:00,74.4,107.4758,0.0
2026-06-23 01:55:00,142.2,110.8029,31.3971
2026-06-23 02:00:00,113.3,90.577,22.723
2026-06-23 02:05:00,82.9,55.1353,27.7647
2026-06-23 02:10:00,82.7,51.4975,31.2025
2026-06-23 02:15:00,62.4,28.5174,33.8826
2026-06-23 02:20:00,65.9,56.1537,9.7463
2026-06-23 02:25:00,144.3,107.1802,37.1198
2026-06-23 02:30:00,178.7,129.3146,49.3854
2026-06-23 02:35:00,208.4,189.1403,19.2597
2026-06-23 02:40:00,249.8,193.2867,56.5133
2026-06-23 02:45:00,225.0,193.2867,31.7133
2026-06-23 02:50:00,194.0,193.2867,0.7133
2026-06-23 02:55:00,117.2,176.4769,0.0
2026-06-23 03:00:00,80.7,127.35,0.0
2026-06-23 03:05:00,68.7,106.6725,0.0
2026-06-23 03:10:00,71.9,108.4226,0.0
2026-06-23 03:15:00,108.5,70.8868,37.6132
2026-06-23 03:20:00,99.8,62.7026,37.0974
2026-06-23 03:25:00,103.2,51.4858,51.7142
2026-06-23 03:30:00,83.7,34.1852,49.5148
2026-06-23 03:35:00,78.2,34.1852,44.0148
2026-06-23 03:40:00,60.2,34.1852,26.0148
2026-06-23 03:45:00,55.5,34.1852,21.3148
2026-06-23 03:50:00,40.6,34.1852,6.4148
2026-06-23 03:55:00,39.1,34.1852,4.9148
2026-06-23 04:00:00,33.7,34.1852,0.0
2026-06-23 04:05:00,29.1,34.1852,0.0
2026-06-23 04:10:00,28.3,34.1852,0.0
2026-06-23 04:15:00,28.6,34.1852,0.0
2026-06-23 04:20:00,25.5,34.1852,0.0
2026-06-23 04:25:00,26.7,34.1852,0.0
2026-06-23 04:30:00,19.6,24.1576,0.0
2026-06-23 04:35:00,11.2,0.0,11.2
2026-06-23 04:40:00,10.3,0.0,10.3
2026-06-23 04:45:00,9.1,5.9686,3.1314
2026-06-23 04:50:00,92.1,37.3035,54.7965
2026-06-23 04:55:00,58.0,37.3035,20.6965
2026-06-23 05:00:00,30.6,37.3035,0.0
2026-06-23 05:05:00,47.8,37.3035,10.4965
2026-06-23 05:10:00,16.5,4.8495,11.6505
2026-06-23 05:15:00,9.0,0.0,9.0
2026-06-23 05:20:00,8.7,0.0,8.7
2026-06-23 05:25:00,10.4,0.0,10.4
2026-06-23 05:30:00,10.02,0.0,10.02
2026-06-23 05:35:00,8.771,0.0,8.771
2026-06-23 05:40:00,8.572,0.0,8.572
2026-06-23 05:45:00,12.514,0.0,12.514
2026-06-23 05:50:00,13.856,30.4762,0.0
2026-06-23 05:55:00,50.981,67.6192,0.0
2026-06-23 06:00:00,92.082,73.3113,18.7707
2026-06-23 06:05:00,86.654,69.1712,17.4828
2026-06-23 06:10:00,51.949,38.81,13.139
2026-06-23 06:15:00,55.574,49.5274,6.0466
2026-06-23 06:20:00,128.676,96.1849,32.4911
2026-06-23 06:25:00,125.826,136.1213,0.0
2026-06-23 06:30:00,275.673,188.4721,87.2009
2026-06-23 06:35:00,256.766,176.1823,80.5837
2026-06-23 06:40:00,234.263,149.6621,84.6009
2026-06-23 06:45:00,201.851,186.5986,15.2524
2026-06-23 06:50:00,268.644,216.2039,52.4401
2026-06-23 06:55:00,242.18,216.2039,25.9761
2026-06-23 07:00:00,190.333,246.9336,0.0
2026-06-23 07:05:00,286.06,296.2349,0.0
2026-06-23 07:10:00,330.531,292.425,38.106
2026-06-23 07:15:00,320.63,221.0748,99.5552
2026-06-23 07:20:00,301.572,284.4611,17.1109
2026-06-23 07:25:00,487.308,347.323,139.985
2026-06-23 07:30:00,428.952,381.5799,47.3721
2026-06-23 07:35:00,521.376,460.557,60.819
2026-06-23 07:40:00,497.352,417.4755,79.8765
2026-06-23 07:45:00,410.73,344.6972,66.0328
2026-06-23 07:50:00,369.61,358.9435,10.6665
2026-06-23 07:55:00,340.338,326.814,13.524
2026-06-23 08:00:00,285.494,235.6242,49.8698
2026-06-23 08:05:00,252.769,203.6939,49.0751
2026-06-23 08:10:00,215.763,167.9372,47.8258
2026-06-23 08:15:00,235.031,170.7369,64.2941
2026-06-23 08:20:00,209.208,163.4788,45.7292
2026-06-23 08:25:00,136.389,120.352,16.037
2026-06-23 08:30:00,197.601,114.9898,82.6112
2026-06-23 08:35:00,169.233,143.3446,25.8884
2026-06-23 08:40:00,281.264,161.4915,119.7725
2026-06-23 08:45:00,223.46,151.0008,72.4592
2026-06-23 08:50:00,290.477,156.2855,134.1915
2026-06-23 08:55:00,285.255,182.0873,103.1677
2026-06-23 09:00:00,226.26,212.2374,14.0226
2026-06-23 09:05:00,348.207,217.4227,130.7843
2026-06-23 09:10:00,336.715,212.2829,124.4321
2026-06-23 09:15:00,307.422,274.3342,33.0878
2026-06-23 09:20:00,416.357,288.8727,127.4843
2026-06-23 09:25:00,366.67,244.8996,121.7704
2026-06-23 09:30:00,347.331,270.7146,76.6164
2026-06-23 09:35:00,344.566,354.6665,0.0
2026-06-23 09:40:00,387.184,290.1911,96.9929
2026-06-23 09:45:00,325.624,187.0194,138.6046
2026-06-23 09:50:00,251.884,123.8348,128.0492
2026-06-23 09:55:00,237.011,123.8348,113.1762
2026-06-23 10:00:00,172.751,97.4007,75.3503
2026-06-23 10:05:00,125.711,49.6659,76.0451
2026-06-23 10:10:00,121.069,45.3743,75.6947
2026-06-23 10:15:00,199.344,69.7724,129.5716
2026-06-23 10:20:00,174.648,71.6468,103.0012
2026-06-23 10:25:00,211.816,104.9178,106.8982
2026-06-23 10:30:00,195.244,91.3446,103.8994
2026-06-23 10:35:00,108.232,75.8323,32.3997
2026-06-23 10:40:00,165.122,89.0216,76.1004
2026-06-23 10:45:00,170.049,74.3311,95.7179
2026-06-23 10:50:00,216.073,115.1064,100.9666
2026-06-23 10:55:00,245.239,179.7805,65.4585
2026-06-23 11:00:00,327.01,251.4126,75.5974
2026-06-23 11:05:00,392.101,229.2227,162.8783
2026-06-23 11:10:00,362.866,193.9086,168.9574
2026-06-23 11:15:00,285.74,192.5645,93.1755
2026-06-23 11:20:00,273.269,206.6791,66.5899
2026-06-23 11:25:00,414.214,164.3935,249.8205
2026-06-23 11:30:00,217.703,172.0219,45.6811
2026-06-23 11:35:00,257.938,190.2814,67.6566
2026-06-23 11:40:00,293.992,164.0065,129.9855
2026-06-23 11:45:00,234.422,161.8643,72.5577
2026-06-23 11:50:00,252.886,194.1651,58.7209
2026-06-23 11:55:00,301.489,161.1157,140.3733
2026-06-23 12:00:00,304.111,148.8357,155.2753
2026-06-23 12:05:00,215.999,233.5302,0.0
2026-06-23 12:10:00,445.647,338.1222,107.5248
2026-06-23 12:15:00,460.774,347.1021,113.6719
2026-06-23 12:20:00,452.532,320.309,132.223
2026-06-23 12:25:00,432.519,265.049,167.47
2026-06-23 12:30:00,300.987,297.0443,3.9427
2026-06-23 12:35:00,416.698,299.8986,116.7994
2026-06-23 12:40:00,386.972,331.8899,55.0821
2026-06-23 12:45:00,412.152,282.4845,129.6675
2026-06-23 12:50:00,382.265,300.1195,82.1455
2026-06-23 12:55:00,436.21,308.7754,127.4346
2026-06-23 13:00:00,379.952,277.0561,102.8959
2026-06-23 13:05:00,365.345,236.073,129.272
2026-06-23 13:10:00,294.318,200.1883,94.1297
2026-06-23 13:15:00,508.329,334.2631,174.0659
2026-06-23 13:20:00,449.417,324.0448,125.3722
2026-06-23 13:25:00,407.078,320.4356,86.6424
2026-06-23 13:30:00,332.908,269.2843,63.6237
2026-06-23 13:35:00,356.967,262.7258,94.2412
2026-06-23 13:40:00,394.49,304.6218,89.8682
2026-06-23 13:45:00,406.814,280.3699,126.4441
2026-06-23 13:50:00,365.788,260.9539,104.8341
2026-06-23 13:55:00,253.287,134.2859,119.0011
2026-06-23 14:00:00,161.135,99.8743,61.2607
2026-06-23 14:05:00,151.659,110.0743,41.5847
2026-06-23 14:10:00,205.141,141.6719,63.4691
2026-06-23 14:15:00,187.02,123.1691,63.8509
2026-06-23 14:20:00,188.742,124.1507,64.5913
2026-06-23 14:25:00,220.732,133.9682,86.7638
2026-06-23 14:30:00,305.669,227.8762,77.7928
2026-06-23 14:35:00,307.772,232.6538,75.1182
2026-06-23 14:40:00,281.351,221.4103,59.9407
2026-06-23 14:45:00,267.885,107.2372,160.6478
2026-06-23 14:50:00,133.295,56.8237,76.4713
2026-06-23 14:55:00,175.821,97.5758,78.2452
2026-06-23 15:00:00,177.158,88.3682,88.7898
2026-06-23 15:05:00,115.909,56.2941,59.6149
2026-06-23 15:10:00,144.704,48.5349,96.1691
2026-06-23 15:15:00,123.036,34.1584,88.8776
2026-06-23 15:20:00,106.796,21.7464,85.0496
2026-06-23 15:25:00,96.025,21.7464,74.2786
2026-06-23 15:30:00,99.674,21.7464,77.9276
2026-06-23 15:35:00,109.1,48.5918,60.5082
2026-06-23 15:40:00,167.076,105.6382,61.4378
2026-06-23 15:45:00,180.968,151.2333,29.7347
2026-06-23 15:50:00,293.435,187.285,106.15
2026-06-23 15:55:00,285.775,169.6704,116.1046
2026-06-23 16:00:00,254.419,110.17,144.249
2026-06-23 16:05:00,153.316,74.5968,78.7192
2026-06-23 16:10:00,128.843,130.5371,0.0
2026-06-23 16:15:00,193.293,155.6262,37.6668
2026-06-23 16:20:00,193.506,109.5079,83.9981
2026-06-23 16:25:00,194.784,83.3935,111.3905
2026-06-23 16:30:00,157.358,102.2977,55.0603
2026-06-23 16:35:00,268.897,203.5673,65.3297
2026-06-23 16:40:00,306.172,207.2615,98.9105
2026-06-23 16:45:00,301.883,179.7181,122.1649
2026-06-23 16:50:00,270.402,154.9364,115.4656
2026-06-23 16:55:00,160.053,122.3868,37.6662
2026-06-23 17:00:00,209.589,128.2818,81.3072
2026-06-23 17:05:00,194.057,158.2716,35.7854
2026-06-23 17:10:00,240.74,172.4606,68.2794
2026-06-23 17:15:00,228.26,192.3358,35.9242
2026-06-23 17:20:00,327.067,229.4705,97.5965
2026-06-23 17:25:00,404.854,286.3243,118.5297
2026-06-23 17:30:00,397.481,216.4276,181.0534
2026-06-23 17:35:00,307.733,185.9941,121.7389
2026-06-23 17:40:00,264.029,185.9941,78.0349
2026-06-23 17:45:00,240.105,220.9367,19.1683
2026-06-23 17:50:00,244.904,103.3412,141.5628
2026-06-23 17:55:00,225.732,145.4789,80.2531
2026-06-23 18:00:00,196.678,180.2414,16.4366
2026-06-23 18:05:00,203.543,153.288,50.255
2026-06-23 18:10:00,151.371,133.6838,17.6872
2026-06-23 18:15:00,154.556,133.6838,20.8722
2026-06-23 18:20:00,156.351,116.7808,39.5702
2026-06-23 18:25:00,86.88,113.9108,0.0
2026-06-23 18:30:00,155.699,126.4091,29.2899
2026-06-23 18:35:00,148.777,101.7175,47.0595
2026-06-23 18:40:00,76.567,46.277,30.29
2026-06-23 18:45:00,102.428,80.6406,21.7874
2026-06-23 18:50:00,127.039,107.3552,19.6838
2026-06-23 18:55:00,130.58,100.6937,29.8863
2026-06-23 19:00:00,114.482,74.7947,39.6873
2026-06-23 19:05:00,94.005,60.0155,33.9895
2026-06-23 19:10:00,56.4,30.4729,25.9271
2026-06-23 19:15:00,61.4,89.7439,0.0
2026-06-23 19:20:00,166.6,135.6478,30.9522
2026-06-23 19:25:00,165.9,144.1256,21.7744
2026-06-23 19:30:00,140.9,58.7734,82.1266
2026-06-23 19:35:00,71.5,44.4127,27.0873
2026-06-23 19:40:00,66.1,66.1697,0.0
2026-06-23 19:45:00,138.7,95.7912,42.9088
2026-06-23 19:50:00,93.6,141.2829,0.0
2026-06-23 19:55:00,173.3,143.1443,30.1557
2026-06-23 20:00:00,170.4,111.7178,58.6822
2026-06-23 20:05:00,100.5,0.0,100.5
2026-06-23 20:10:00,15.6,0.0,15.6
2026-06-23 20:15:00,14.1,0.0,14.1
2026-06-23 20:20:00,17.1,0.0,17.1
2026-06-23 20:25:00,18.0,26.7681,0.0
2026-06-23 20:30:00,80.1,37.178,42.922
2026-06-23 20:35:00,59.1,37.178,21.922
2026-06-23 20:40:00,59.4,46.4408,12.9592
2026-06-23 20:45:00,101.7,72.3532,29.3468
2026-06-23 20:50:00,102.0,162.1801,0.0
2026-06-23 20:55:00,185.7,172.1608,13.5392
2026-06-23 21:00:00,173.1,121.2567,51.8433
2026-06-23 21:05:00,45.3,29.6644,15.6356
2026-06-23 21:10:00,10.5,0.0,10.5
2026-06-23 21:15:00,10.8,81.78,0.0
2026-06-23 21:20:00,11.1,35.167,0.0
2026-06-23 21:25:00,52.5,66.8133,0.0
2026-06-23 21:30:00,152.7,133.6458,19.0542
2026-06-23 21:35:00,152.4,95.295,57.105
2026-06-23 21:40:00,36.6,19.887,16.713
2026-06-23 21:45:00,12.0,0.0,12.0
2026-06-23 21:50:00,11.7,0.0,11.7
2026-06-23 21:55:00,9.9,6.0344,3.8656
2026-06-23 22:00:00,42.9,27.8511,15.0489
2026-06-23 22:05:00,43.5,27.8511,15.6489
2026-06-23 22:10:00,43.2,27.8511,15.3489
2026-06-23 22:15:00,41.4,38.5066,2.8934
2026-06-23 22:20:00,196.5,102.1921,94.3079
2026-06-23 22:25:00,184.5,102.1921,82.3079
2026-06-23 22:30:00,162.3,102.1921,60.1079
2026-06-23 22:35:00,141.9,130.9186,10.9814
2026-06-23 22:40:00,187.2,169.9493,17.2507
2026-06-23 22:45:00,221.7,187.3571,34.3429
2026-06-23 22:50:00,253.8,245.0632,8.7368
2026-06-23 22:55:00,295.8,245.0632,50.7368
2026-06-23 23:00:00,258.6,200.2109,58.3891
2026-06-23 23:05:00,192.3,170.7223,21.5777
2026-06-23 23:10:00,150.3,146.6775,3.6225
2026-06-23 23:15:00,118.5,142.8712,0.0
2026-06-23 23:20:00,91.5,139.2034,0.0
2026-06-23 23:25:00,40.2,69.672,0.0
2026-06-23 23:30:00,30.0,94.3845,0.0
2026-06-23 23:35:00,86.7,62.8032,23.8968
2026-06-23 23:40:00,84.6,62.8032,21.7968
2026-06-23 23:45:00,83.4,50.5455,32.8545
2026-06-23 23:50:00,74.4,46.8149,27.5851
2026-06-23 23:55:00,78.3,60.0162,18.2838
2026-06-24 00:00:00,162.6,258.5848,0.0
2026-06-24 00:05:00,558.4,346.5551,211.8449
2026-06-24 00:10:00,512.6,346.5551,166.0449
2026-06-24 00:15:00,434.2,346.5551,87.6449
2026-06-24 00:20:00,388.1,346.5551,41.5449
2026-06-24 00:25:00,312.1,313.6931,0.0
2026-06-24 00:30:00,217.1,280.611,0.0
2026-06-24 00:35:00,221.7,251.9805,0.0
2026-06-24 00:40:00,163.4,196.59,0.0
2026-06-24 00:45:00,119.8,163.1778,0.0
2026-06-24 00:50:00,94.0,75.2492,18.7508
2026-06-24 00:55:00,60.2,43.1967,17.0033
2026-06-24 01:00:00,56.0,52.4222,3.5778
2026-06-24 01:05:00,133.9,65.6042,68.2958
2026-06-24 01:10:00,71.5,26.2113,45.2887
2026-06-24 01:15:00,62.1,26.9521,35.1479
2026-06-24 01:20:00,69.2,56.7222,12.4778
2026-06-24 01:25:00,90.7,56.7222,33.9778
2026-06-24 01:30:00,78.8,90.8795,0.0
2026-06-24 01:35:00,132.3,98.7189,33.5811
2026-06-24 01:40:00,94.2,98.7189,0.0
2026-06-24 01:45:00,84.2,89.009,0.0
2026-06-24 01:50:00,67.3,66.7081,0.5919
2026-06-24 01:55:00,70.8,28.631,42.169
2026-06-24 02:00:00,20.6,24.7113,0.0
2026-06-24 02:05:00,16.6,24.7113,0.0
2026-06-24 02:10:00,18.0,24.7113,0.0
2026-06-24 02:15:00,17.7,29.0198,0.0
2026-06-24 02:20:00,42.7,24.2787,18.4213
2026-06-24 02:25:00,43.0,24.2787,18.7213
2026-06-24 02:30:00,43.3,24.2787,19.0213
2026-06-24 02:35:00,43.6,24.2787,19.3213
2026-06-24 02:40:00,37.6,24.2787,13.3213
2026-06-24 02:45:00,33.1,24.2787,8.8213
2026-06-24 02:50:00,32.6,24.2787,8.3213
2026-06-24 02:55:00,25.8,10.9254,14.8746
2026-06-24 03:00:00,13.0,0.0,13.0
2026-06-24 03:05:00,13.2,0.0,13.2
2026-06-24 03:10:00,12.6,0.0,12.6
2026-06-24 03:15:00,13.0,16.4185,0.0
2026-06-24 03:20:00,122.4,63.1481,59.2519
2026-06-24 03:25:00,122.7,88.0949,34.6051
2026-06-24 03:30:00,201.2,104.0584,97.1416
2026-06-24 03:35:00,230.2,129.5802,100.6198
2026-06-24 03:40:00,207.7,129.5802,78.1198
2026-06-24 03:45:00,156.4,129.5802,26.8198
2026-06-24 03:50:00,129.5,112.8929,16.6071
2026-06-24 03:55:00,62.8,96.86,0.0
2026-06-24 04:00:00,60.8,57.0767,3.7233
2026-06-24 04:05:00,38.1,33.7119,4.3881
2026-06-24 04:10:00,34.6,33.7119,0.8881
2026-06-24 04:15:00,28.6,33.7119,0.0
2026-06-24 04:20:00,25.3,33.7119,0.0
2026-06-24 04:25:00,25.7,33.7119,0.0
2026-06-24 04:30:00,22.9,33.7119,0.0
2026-06-24 04:35:00,19.7,33.7119,0.0
2026-06-24 04:40:00,16.9,33.7119,0.0
2026-06-24 04:45:00,16.5,13.0353,3.4647
2026-06-24 04:50:00,13.5,0.0,13.5
2026-06-24 04:55:00,9.3,0.0,9.3
2026-06-24 05:00:00,8.8,0.0,8.8
2026-06-24 05:05:00,8.8,0.0,8.8
2026-06-24 05:10:00,8.4,0.0,8.4
2026-06-24 05:15:00,8.0,0.0,8.0
2026-06-24 05:20:00,12.8,1.9212,10.8788
2026-06-24 05:25:00,53.1,48.0292,5.0708
2026-06-24 05:30:00,108.8,48.0292,60.7708
2026-06-24 05:35:00,66.392,48.0292,18.3628
2026-06-24 05:40:00,52.548,48.0292,4.5188
2026-06-24 05:45:00,49.193,48.0292,1.1638
2026-06-24 05:50:00,19.142,48.0292,0.0
2026-06-24 05:55:00,18.698,6.2438,12.4542
2026-06-24 06:00:00,9.977,0.0,9.977
2026-06-24 06:05:00,6.502,13.5042,0.0
2026-06-24 06:10:00,42.994,65.4181,0.0
2026-06-24 06:15:00,157.967,146.7846,11.1824
2026-06-24 06:20:00,286.118,190.2592,95.8588
2026-06-24 06:25:00,276.712,190.2592,86.4528
2026-06-24 06:30:00,276.567,190.2592,86.3078
2026-06-24 06:35:00,268.075,207.8605,60.2145
2026-06-24 06:40:00,280.942,224.3263,56.6157
2026-06-24 06:45:00,239.053,224.3263,14.7267
2026-06-24 06:50:00,202.072,219.5852,0.0
2026-06-24 06:55:00,135.851,207.5028,0.0
2026-06-24 07:00:00,243.664,263.3991,0.0
2026-06-24 07:05:00,202.026,141.7292,60.2968
2026-06-24 07:10:00,120.161,115.7977,4.3633
2026-06-24 07:15:00,181.794,128.1627,53.6313
2026-06-24 07:20:00,170.701,128.1627,42.5383
2026-06-24 07:25:00,126.054,109.6614,16.3926
2026-06-24 07:30:00,145.989,153.2275,0.0
2026-06-24 07:35:00,255.832,199.2173,56.6147
2026-06-24 07:40:00,278.934,188.6057,90.3283
2026-06-24 07:45:00,287.605,236.2005,51.4045
2026-06-24 07:50:00,345.48,306.7149,38.7651
2026-06-24 07:55:00,361.872,324.9734,36.8986
2026-06-24 08:00:00,347.156,306.0393,41.1167
2026-06-24 08:05:00,350.509,215.2393,135.2697
2026-06-24 08:10:00,291.007,181.9168,109.0902
2026-06-24 08:15:00,264.351,170.933,93.418
2026-06-24 08:20:00,215.417,170.933,44.484
2026-06-24 08:25:00,185.829,186.0685,0.0
2026-06-24 08:30:00,177.854,180.4275,0.0
2026-06-24 08:35:00,215.25,204.518,10.732
2026-06-24 08:40:00,289.011,223.2888,65.7222
2026-06-24 08:45:00,323.445,222.8817,100.5633
2026-06-24 08:50:00,314.459,190.8999,123.5591
2026-06-24 08:55:00,301.352,195.3756,105.9764
2026-06-24 09:00:00,277.386,155.9462,121.4398
2026-06-24 09:05:00,233.374,127.2062,106.1678
2026-06-24 09:10:00,227.615,166.3648,61.2502
2026-06-24 09:15:00,275.75,190.1591,85.5909
2026-06-24 09:20:00,288.998,262.6447,26.3533
2026-06-24 09:25:00,342.346,254.8214,87.5246
2026-06-24 09:30:00,189.701,212.6775,0.0
2026-06-24 09:35:00,421.062,258.7673,162.2947
2026-06-24 09:40:00,383.157,264.7294,118.4276
2026-06-24 09:45:00,272.456,210.5411,61.9149
2026-06-24 09:50:00,220.923,163.2713,57.6517
2026-06-24 09:55:00,200.848,102.7132,98.1348
2026-06-24 10:00:00,144.897,78.4311,66.4659
2026-06-24 10:05:00,150.774,40.4939,110.2801
2026-06-24 10:10:00,132.289,22.6708,109.6182
2026-06-24 10:15:00,131.067,22.6708,108.3962
2026-06-24 10:20:00,124.271,36.1415,88.1295
2026-06-24 10:25:00,149.536,56.0693,93.4667
2026-06-24 10:30:00,141.989,56.0693,85.9197
2026-06-24 10:35:00,135.953,99.9336,36.0194
2026-06-24 10:40:00,187.465,115.4017,72.0633
2026-06-24 10:45:00,398.103,292.9154,105.1876
2026-06-24 10:50:00,434.905,326.2867,108.6183
2026-06-24 10:55:00,375.321,170.1863,205.1347
2026-06-24 11:00:00,184.542,81.6524,102.8896
2026-06-24 11:05:00,20.2,42.3728,0.0
2026-06-24 11:10:00,112.305,137.1463,0.0
2026-06-24 11:15:00,249.741,193.8405,55.9005
2026-06-24 11:20:00,327.215,228.4521,98.7629
2026-06-24 11:25:00,349.644,228.0754,121.5686
2026-06-24 11:30:00,405.701,302.8316,102.8694
2026-06-24 11:35:00,521.277,313.2548,208.0222
2026-06-24 11:40:00,406.79,337.4413,69.3487
2026-06-24 11:45:00,464.345,299.6424,164.7026
2026-06-24 11:50:00,290.359,205.1103,85.2487
2026-06-24 11:55:00,227.246,204.9514,22.2946
2026-06-24 12:00:00,198.817,250.3386,0.0
2026-06-24 12:05:00,391.17,262.105,129.065
2026-06-24 12:10:00,393.175,286.7886,106.3864
2026-06-24 12:15:00,445.436,269.1764,176.2596
2026-06-24 12:20:00,380.93,280.7131,100.2169
2026-06-24 12:25:00,391.677,278.2237,113.4533
2026-06-24 12:30:00,354.846,291.9197,62.9263
2026-06-24 12:35:00,380.432,275.5991,104.8329
2026-06-24 12:40:00,332.889,210.734,122.155
2026-06-24 12:45:00,350.784,280.8432,69.9408
2026-06-24 12:50:00,402.078,288.1145,113.9635
2026-06-24 12:55:00,339.169,287.2792,51.8898
2026-06-24 13:00:00,332.243,238.3761,93.8669
2026-06-24 13:05:00,216.53,214.1776,2.3524
2026-06-24 13:10:00,307.321,192.4175,114.9035
2026-06-24 13:15:00,181.818,166.3529,15.4651
2026-06-24 13:20:00,461.103,284.2383,176.8647
2026-06-24 13:25:00,462.477,298.5337,163.9433
2026-06-24 13:30:00,397.705,308.2576,89.4474
2026-06-24 13:35:00,379.507,264.0663,115.4407
2026-06-24 13:40:00,337.607,227.62,109.987
2026-06-24 13:45:00,250.094,262.8648,0.0
2026-06-24 13:50:00,315.944,238.6014,77.3426
2026-06-24 13:55:00,291.862,230.8618,61.0002
2026-06-24 14:00:00,261.185,144.4483,116.7367
2026-06-24 14:05:00,134.521,35.2213,99.2997
2026-06-24 14:10:00,108.331,26.9784,81.3526
2026-06-24 14:15:00,100.573,26.9784,73.5946
2026-06-24 14:20:00,134.643,26.9784,107.6646
2026-06-24 14:25:00,112.482,33.5,78.982
2026-06-24 14:30:00,115.633,31.212,84.421
2026-06-24 14:35:00,128.384,31.212,97.172
2026-06-24 14:40:00,123.275,47.8009,75.4741
2026-06-24 14:45:00,166.721,116.6241,50.0969
2026-06-24 14:50:00,219.871,161.8689,58.0021
2026-06-24 14:55:00,297.01,187.2446,109.7654
2026-06-24 15:00:00,270.148,210.4151,59.7329
2026-06-24 15:05:00,341.972,221.9341,120.0379
2026-06-24 15:10:00,272.039,184.6089,87.4301
2026-06-24 15:15:00,235.924,177.7758,58.1482
2026-06-24 15:20:00,187.298,100.9474,86.3506
2026-06-24 15:25:00,144.356,75.9779,68.3781
2026-06-24 15:30:00,131.41,32.0077,99.4023
2026-06-24 15:35:00,66.845,5.6039,61.2411
2026-06-24 15:40:00,112.012,32.9643,79.0477
2026-06-24 15:45:00,106.284,48.6843,57.5997
2026-06-24 15:50:00,146.486,107.1178,39.3682
2026-06-24 15:55:00,205.03,128.6073,76.4227
2026-06-24 16:00:00,219.332,128.6073,90.7247
2026-06-24 16:05:00,203.784,134.9819,68.8021
2026-06-24 16:10:00,203.026,172.5599,30.4661
2026-06-24 16:15:00,247.488,168.8907,78.5973
2026-06-24 16:20:00,212.331,134.7989,77.5321
2026-06-24 16:25:00,276.155,185.4731,90.6819
2026-06-24 16:30:00,197.277,132.912,64.365
2026-06-24 16:35:00,288.259,193.8444,94.4146
2026-06-24 16:40:00,327.333,203.3194,124.0136
2026-06-24 16:45:00,306.293,184.0733,122.2197
2026-06-24 16:50:00,283.367,178.6414,104.7256
2026-06-24 16:55:00,195.184,126.737,68.447
2026-06-24 17:00:00,194.097,94.5748,99.5222
2026-06-24 17:05:00,92.505,94.1856,0.0
2026-06-24 17:10:00,116.314,44.6666,71.6474
2026-06-24 17:15:00,170.167,111.3377,58.8293
2026-06-24 17:20:00,237.978,148.4091,89.5689
2026-06-24 17:25:00,282.445,143.1061,139.3389
2026-06-24 17:30:00,280.458,143.1061,137.3519
2026-06-24 17:35:00,267.82,116.2588,151.5612
2026-06-24 17:40:00,218.857,111.3499,107.5071
2026-06-24 17:45:00,237.073,156.2105,80.8625
2026-06-24 17:50:00,231.819,156.2105,75.6085
2026-06-24 17:55:00,181.475,104.6171,76.8579
2026-06-24 18:00:00,93.311,55.3252,37.9858
2026-06-24 18:05:00,81.439,22.9971,58.4419
2026-06-24 18:10:00,32.16,0.0,32.16
2026-06-24 18:15:00,37.837,0.0,37.837
2026-06-24 18:20:00,30.081,3.7628,26.3182
2026-06-24 18:25:00,68.835,43.9214,24.9136
2026-06-24 18:30:00,96.103,55.2843,40.8187
2026-06-24 18:35:00,101.719,55.2843,46.4347
2026-06-24 18:40:00,91.497,38.0506,53.4464
2026-06-24 18:45:00,44.017,16.0367,27.9803
2026-06-24 18:50:00,35.436,0.0,35.436
2026-06-24 18:55:00,31.677,0.0,31.677
2026-06-24 19:00:00,26.405,70.3414,0.0
2026-06-24 19:05:00,211.829,153.359,58.47
2026-06-24 19:10:00,264.934,145.4243,119.5097
2026-06-24 19:15:00,256.6,154.7368,101.8632
2026-06-24 19:20:00,193.8,134.5567,59.2433
2026-06-24 19:25:00,154.5,134.5567,19.9433
2026-06-24 19:30:00,146.5,134.5567,11.9433
2026-06-24 19:35:00,174.5,145.1479,29.3521
2026-06-24 19:40:00,125.7,111.1246,14.5754
2026-06-24 19:45:00,133.8,111.1246,22.6754
2026-06-24 19:50:00,129.4,94.0872,35.3128
2026-06-24 19:55:00,105.6,73.3312,32.2688
2026-06-24 20:00:00,97.8,58.2286,39.5714
2026-06-24 20:05:00,66.1,34.1891,31.9109
2026-06-24 20:10:00,31.2,82.5898,0.0
2026-06-24 20:15:00,53.7,30.4433,23.2567
2026-06-24 20:20:00,66.9,50.7204,16.1796
2026-06-24 20:25:00,69.3,50.7204,18.5796
2026-06-24 20:30:00,69.1,50.7204,18.3796
2026-06-24 20:35:00,69.2,50.7204,18.4796
2026-06-24 20:40:00,67.4,50.7204,16.6796
2026-06-24 20:45:00,64.7,50.7204,13.9796
2026-06-24 20:50:00,53.6,45.5666,8.0334
2026-06-24 20:55:00,37.6,30.7937,6.8063
2026-06-24 21:00:00,16.3,8.2834,8.0166
2026-06-24 21:05:00,15.4,0.0,15.4
2026-06-24 21:10:00,16.0,0.0,16.0
2026-06-24 21:15:00,12.0,0.0,12.0
2026-06-24 21:20:00,12.8,0.0,12.8
2026-06-24 21:25:00,11.3,3.4257,7.8743
2026-06-24 21:30:00,45.5,29.3629,16.1371
2026-06-24 21:35:00,44.7,33.1709,11.5291
2026-06-24 21:40:00,75.3,56.5632,18.7368
2026-06-24 21:45:00,74.3,56.5632,17.7368
2026-06-24 21:50:00,73.8,56.5632,17.2368
2026-06-24 21:55:00,73.2,56.5632,16.6368
2026-06-24 22:00:00,76.2,31.0175,45.1825
2026-06-24 22:05:00,47.1,27.2004,19.8996
2026-06-24 22:10:00,47.1,33.3636,13.7364
2026-06-24 22:15:00,83.1,54.7968,28.3032
2026-06-24 22:20:00,83.7,54.7968,28.9032
2026-06-24 22:25:00,80.4,54.7968,25.6032
2026-06-24 22:30:00,66.6,54.7968,11.8032
2026-06-24 22:35:00,55.5,54.7968,0.7032
2026-06-24 22:40:00,54.3,39.6188,14.6812
2026-06-24 22:45:00,26.1,27.2004,0.0
2026-06-24 22:50:00,22.2,7.1628,15.0372
2026-06-24 22:55:00,10.2,44.1774,0.0
2026-06-24 23:00:00,88.2,71.6391,16.5609
2026-06-24 23:05:00,91.2,71.6391,19.5609
2026-06-24 23:10:00,88.5,71.6391,16.8609
2026-06-24 23:15:00,88.2,24.3573,63.8427
2026-06-24 23:20:00,8.7,5.4488,3.2512
2026-06-24 23:25:00,33.9,20.9568,12.9432
2026-06-24 23:30:00,33.9,20.9568,12.9432
2026-06-24 23:35:00,34.5,20.9568,13.5432
2026-06-24 23:40:00,34.2,20.9568,13.2432
2026-06-24 23:45:00,28.5,37.1358,0.0
2026-06-24 23:50:00,54.3,55.5644,0.0
2026-06-24 23:55:00,138.6,81.373,57.227
2026-06-25 00:00:00,210.7,261.3102,0.0
2026-06-25 00:05:00,575.9,360.7052,215.1948
2026-06-25 00:10:00,573.9,365.3703,208.5297
2026-06-25 00:15:00,449.3,365.3703,83.9297
2026-06-25 00:20:00,376.0,365.3703,10.6297
2026-06-25 00:25:00,333.3,383.7658,0.0
2026-06-25 00:30:00,307.3,284.5135,22.7865
2026-06-25 00:35:00,214.8,215.316,0.0
2026-06-25 00:40:00,163.6,164.3042,0.0
2026-06-25 00:45:00,154.2,164.3042,0.0
2026-06-25 00:50:00,150.1,164.3042,0.0
2026-06-25 00:55:00,148.4,164.3042,0.0
2026-06-25 01:00:00,124.6,117.8471,6.7529
2026-06-25 01:05:00,95.9,104.9972,0.0
2026-06-25 01:10:00,73.2,68.3699,4.8301
2026-06-25 01:15:00,29.3,36.6179,0.0
2026-06-25 01:20:00,25.3,35.5926,0.0
2026-06-25 01:25:00,52.0,24.3982,27.6018
2026-06-25 01:30:00,50.4,24.3982,26.0018
2026-06-25 01:35:00,48.9,24.3982,24.5018
2026-06-25 01:40:00,47.5,24.3982,23.1018
2026-06-25 01:45:00,29.0,24.3982,4.6018
2026-06-25 01:50:00,28.9,28.7948,0.1052
2026-06-25 01:55:00,73.1,58.2188,14.8812
2026-06-25 02:00:00,71.0,81.9753,0.0
2026-06-25 02:05:00,117.1,93.5008,23.5992
2026-06-25 02:10:00,116.2,103.2572,12.9428
2026-06-25 02:15:00,184.1,125.3151,58.7849
2026-06-25 02:20:00,169.3,102.8688,66.4312
2026-06-25 02:25:00,153.5,117.9698,35.5302
2026-06-25 02:30:00,201.1,102.8672,98.2328
2026-06-25 02:35:00,196.2,97.8101,98.3899
2026-06-25 02:40:00,173.9,122.0927,51.8073
2026-06-25 02:45:00,252.8,145.3917,107.4083
2026-06-25 02:50:00,205.7,129.9956,75.7044
2026-06-25 02:55:00,269.8,192.5958,77.2042
2026-06-25 03:00:00,275.2,206.5223,68.6777
2026-06-25 03:05:00,237.7,206.5223,31.1777
2026-06-25 03:10:00,181.6,229.9923,0.0
2026-06-25 03:15:00,262.0,240.2489,21.7511
2026-06-25 03:20:00,227.4,232.8957,0.0
2026-06-25 03:25:00,218.3,207.6792,10.6208
2026-06-25 03:30:00,211.4,207.6792,3.7208
2026-06-25 03:35:00,202.6,207.6792,0.0
2026-06-25 03:40:00,189.5,201.1369,0.0
2026-06-25 03:45:00,154.5,175.5039,0.0
2026-06-25 03:50:00,121.3,141.8819,0.0
2026-06-25 03:55:00,73.6,116.8609,0.0
2026-06-25 04:00:00,66.3,90.243,0.0
2026-06-25 04:05:00,51.1,76.165,0.0
2026-06-25 04:10:00,43.3,26.0842,17.2158
2026-06-25 04:15:00,12.2,0.0,12.2
2026-06-25 04:20:00,10.9,37.015,0.0
2026-06-25 04:25:00,107.3,73.637,33.663
2026-06-25 04:30:00,106.0,120.1711,0.0
2026-06-25 04:35:00,209.1,149.9817,59.1183
2026-06-25 04:40:00,186.0,152.7977,33.2023
2026-06-25 04:45:00,223.8,164.3075,59.4925
2026-06-25 04:50:00,109.9,87.5877,22.3123
2026-06-25 04:55:00,75.5,87.5877,0.0
2026-06-25 05:00:00,65.6,76.5709,0.0
2026-06-25 05:05:00,54.5,61.767,0.0
2026-06-25 05:10:00,56.3,26.2048,30.0952
2026-06-25 05:15:00,8.5,0.0,8.5
2026-06-25 05:20:00,9.3,0.0,9.3
2026-06-25 05:25:00,8.986,0.0,8.986
2026-06-25 05:30:00,9.044,0.0,9.044
2026-06-25 05:35:00,8.45,0.0,8.45
2026-06-25 05:40:00,11.925,0.0,11.925
2026-06-25 05:45:00,8.765,1.7607,7.0043
2026-06-25 05:50:00,70.365,29.3443,41.0207
2026-06-25 05:55:00,66.992,29.3443,37.6477
2026-06-25 06:00:00,63.483,29.3443,34.1387
2026-06-25 06:05:00,53.306,37.5565,15.7495
2026-06-25 06:10:00,141.568,72.5664,69.0016
2026-06-25 06:15:00,101.49,118.3868,0.0
2026-06-25 06:20:00,158.236,142.2496,15.9864
2026-06-25 06:25:00,154.595,170.4147,0.0
2026-06-25 06:30:00,163.328,202.6734,0.0
2026-06-25 06:35:00,423.738,298.8881,124.8499
2026-06-25 06:40:00,376.197,298.8881,77.3089
2026-06-25 06:45:00,360.887,298.8881,61.9989
2026-06-25 06:50:00,313.148,288.911,24.237
2026-06-25 06:55:00,265.509,253.4178,12.0912
2026-06-25 07:00:00,223.766,240.0862,0.0
2026-06-25 07:05:00,340.365,289.581,50.784
2026-06-25 07:10:00,243.06,168.1264,74.9336
2026-06-25 07:15:00,155.844,144.2459,11.5981
2026-06-25 07:20:00,187.476,177.7804,9.6956
2026-06-25 07:25:00,171.161,154.6206,16.5404
2026-06-25 07:30:00,159.088,138.247,20.841
2026-06-25 07:35:00,148.136,255.0888,0.0
2026-06-25 07:40:00,465.449,316.9468,148.5022
2026-06-25 07:45:00,435.542,299.4345,136.1075
2026-06-25 07:50:00,431.395,291.756,139.639
2026-06-25 07:55:00,420.573,291.756,128.817
2026-06-25 08:00:00,280.298,316.8477,0.0
2026-06-25 08:05:00,420.542,331.4664,89.0756
2026-06-25 08:10:00,297.684,308.5558,0.0
2026-06-25 08:15:00,391.681,295.5393,96.1417
2026-06-25 08:20:00,398.623,246.6786,151.9444
2026-06-25 08:25:00,321.776,287.6485,34.1275
2026-06-25 08:30:00,334.175,265.1555,69.0195
2026-06-25 08:35:00,300.369,265.1555,35.2135
2026-06-25 08:40:00,255.727,283.2939,0.0
2026-06-25 08:45:00,323.933,239.4547,84.4783
2026-06-25 08:50:00,258.75,148.9579,109.7921
2026-06-25 08:55:00,277.001,148.9579,128.0431
2026-06-25 09:00:00,209.009,197.256,11.753
2026-06-25 09:05:00,318.847,277.0832,41.7638
2026-06-25 09:10:00,347.131,260.6497,86.4813
2026-06-25 09:15:00,278.645,346.0996,0.0
2026-06-25 09:20:00,533.123,280.5339,252.5891
2026-06-25 09:25:00,441.592,291.509,150.083
2026-06-25 09:30:00,385.414,269.7505,115.6635
2026-06-25 09:35:00,379.108,260.3539,118.7541
2026-06-25 09:40:00,332.971,307.9258,25.0452
2026-06-25 09:45:00,341.882,305.6192,36.2628
2026-06-25 09:50:00,283.231,259.2533,23.9777
2026-06-25 09:55:00,280.044,235.2169,44.8271
2026-06-25 10:00:00,275.95,159.0495,116.9005
2026-06-25 10:05:00,213.307,108.7982,104.5088
2026-06-25 10:10:00,222.811,141.9427,80.8683
2026-06-25 10:15:00,269.418,258.1384,11.2796
2026-06-25 10:20:00,478.716,337.2921,141.4239
2026-06-25 10:25:00,454.724,349.2609,105.4631
2026-06-25 10:30:00,446.327,333.1849,113.1421
2026-06-25 10:35:00,385.339,288.1069,97.2321
2026-06-25 10:40:00,340.941,264.1661,76.7749
2026-06-25 10:45:00,397.999,302.6547,95.3443
2026-06-25 10:50:00,376.735,268.1749,108.5601
2026-06-25 10:55:00,368.086,243.7978,124.2882
2026-06-25 11:00:00,323.586,231.5492,92.0368
2026-06-25 11:05:00,274.799,210.8752,63.9238
2026-06-25 11:10:00,267.263,179.6934,87.5696
2026-06-25 11:15:00,365.922,231.0507,134.8713
2026-06-25 11:20:00,368.238,231.0507,137.1873
2026-06-25 11:25:00,365.209,256.0201,109.1889
2026-06-25 11:30:00,251.913,180.0232,71.8898
2026-06-25 11:35:00,293.024,253.8132,39.2108
2026-06-25 11:40:00,368.829,276.9483,91.8807
2026-06-25 11:45:00,348.129,225.8351,122.2939
2026-06-25 11:50:00,321.953,256.5044,65.4486
2026-06-25 11:55:00,350.729,257.2474,93.4816
2026-06-25 12:00:00,417.207,242.3573,174.8497
2026-06-25 12:05:00,373.891,251.198,122.693
2026-06-25 12:10:00,376.801,340.9634,35.8376
2026-06-25 12:15:00,494.712,357.4066,137.3054
2026-06-25 12:20:00,520.243,357.4066,162.8364
2026-06-25 12:25:00,436.192,336.569,99.623
2026-06-25 12:30:00,401.316,340.1635,61.1525
2026-06-25 12:35:00,337.482,296.4034,41.0786
2026-06-25 12:40:00,262.9,207.8503,55.0497
2026-06-25 12:45:00,296.054,230.0181,66.0359
2026-06-25 12:50:00,477.166,334.2875,142.8785
2026-06-25 12:55:00,498.358,352.843,145.515
2026-06-25 13:00:00,452.775,321.0031,131.7719
2026-06-25 13:05:00,466.367,295.6391,170.7279
2026-06-25 13:10:00,334.389,216.3025,118.0865
2026-06-25 13:15:00,304.623,234.0582,70.5648
2026-06-25 13:20:00,333.22,253.0749,80.1451
2026-06-25 13:25:00,309.472,266.4014,43.0706
2026-06-25 13:30:00,289.63,268.5825,21.0475
2026-06-25 13:35:00,296.635,215.1922,81.4428
2026-06-25 13:40:00,268.537,202.5217,66.0153
2026-06-25 13:45:00,301.587,306.2728,0.0
2026-06-25 13:50:00,364.93,223.4425,141.4875
2026-06-25 13:55:00,235.368,152.3511,83.0169
2026-06-25 14:00:00,103.965,61.033,42.932
2026-06-25 14:05:00,104.4,36.094,68.306
2026-06-25 14:10:00,97.551,34.3319,63.2191
2026-06-25 14:15:00,107.066,66.6504,40.4156
2026-06-25 14:20:00,152.772,73.5473,79.2247
2026-06-25 14:25:00,144.138,73.5473,70.5907
2026-06-25 14:30:00,166.108,37.3021,128.8059
2026-06-25 14:35:00,102.45,29.5248,72.9252
2026-06-25 14:40:00,124.826,29.6751,95.1509
2026-06-25 14:45:00,97.426,74.6113,22.8147
2026-06-25 14:50:00,162.759,129.9043,32.8547
2026-06-25 14:55:00,253.187,183.7556,69.4314
2026-06-25 15:00:00,273.4,183.8203,89.5797
2026-06-25 15:05:00,267.03,203.5286,63.5014
2026-06-25 15:10:00,228.945,151.4825,77.4625
2026-06-25 15:15:00,208.943,89.3195,119.6235
2026-06-25 15:20:00,148.537,58.518,90.019
2026-06-25 15:25:00,112.742,31.0955,81.6465
2026-06-25 15:30:00,110.841,40.3855,70.4555
2026-06-25 15:35:00,138.952,53.9694,84.9826
2026-06-25 15:40:00,114.107,70.4817,43.6253
2026-06-25 15:45:00,154.732,73.6067,81.1253
2026-06-25 15:50:00,114.762,114.7822,0.0
2026-06-25 15:55:00,195.159,123.8358,71.3232
2026-06-25 16:00:00,189.947,123.8358,66.1112
2026-06-25 16:05:00,200.161,90.7578,109.4032
2026-06-25 16:10:00,178.287,7.8464,170.4406
2026-06-25 16:15:00,73.163,0.0,73.163
2026-06-25 16:20:00,61.386,0.0,61.386
2026-06-25 16:25:00,65.789,1.5365,64.2525
2026-06-25 16:30:00,104.547,35.4572,69.0898
2026-06-25 16:35:00,106.896,110.2916,0.0
2026-06-25 16:40:00,307.883,166.0551,141.8279
2026-06-25 16:45:00,241.601,237.2648,4.3362
2026-06-25 16:50:00,300.732,183.2689,117.4631
2026-06-25 16:55:00,204.136,104.9284,99.2076
2026-06-25 17:00:00,161.686,108.6411,53.0449
2026-06-25 17:05:00,159.894,73.4639,86.4301
2026-06-25 17:10:00,153.377,89.4872,63.8898
2026-06-25 17:15:00,200.841,102.3652,98.4758
2026-06-25 17:20:00,162.226,78.3344,83.8916
2026-06-25 17:25:00,161.915,43.7451,118.1699
2026-06-25 17:30:00,130.8,40.7374,90.0626
2026-06-25 17:35:00,118.477,40.7374,77.7396
2026-06-25 17:40:00,131.231,40.7374,90.4936
2026-06-25 17:45:00,149.297,36.1205,113.1765
2026-06-25 17:50:00,81.936,0.0,81.936
2026-06-25 17:55:00,67.581,0.0,67.581
2026-06-25 18:00:00,34.229,0.0,34.229
2026-06-25 18:05:00,33.807,0.0,33.807
2026-06-25 18:10:00,35.632,0.0,35.632
2026-06-25 18:15:00,32.39,17.2765,15.1135
2026-06-25 18:20:00,67.432,21.5957,45.8363
2026-06-25 18:25:00,63.832,21.5957,42.2363
2026-06-25 18:30:00,57.929,21.5957,36.3333
2026-06-25 18:35:00,58.082,21.5957,36.4863
2026-06-25 18:40:00,49.995,21.5957,28.3993
2026-06-25 18:45:00,43.115,21.5957,21.5193
2026-06-25 18:50:00,37.991,52.3985,0.0
2026-06-25 18:55:00,66.303,42.4645,23.8385
2026-06-25 19:00:00,62.971,125.3101,0.0
2026-06-25 19:05:00,213.764,129.3862,84.3778
2026-06-25 19:10:00,154.8,113.7196,41.0804
2026-06-25 19:15:00,154.7,113.7196,40.9804
2026-06-25 19:20:00,157.1,154.2609,2.8391
2026-06-25 19:25:00,249.7,192.1067,57.5933
2026-06-25 19:30:00,240.7,191.5347,49.1653
2026-06-25 19:35:00,189.8,129.081,60.719
2026-06-25 19:40:00,165.5,118.4027,47.0973
2026-06-25 19:45:00,142.4,87.5597,54.8403
2026-06-25 19:50:00,80.1,65.9045,14.1955
2026-06-25 19:55:00,111.1,74.6974,36.4026
2026-06-25 20:00:00,101.5,76.3019,25.1981
2026-06-25 20:05:00,132.9,103.0127,29.8873
2026-06-25 20:10:00,106.9,74.7605,32.1395
2026-06-25 20:15:00,94.6,61.7061,32.8939
2026-06-25 20:20:00,97.1,45.4559,51.6441
2026-06-25 20:25:00,53.4,28.3153,25.0847
2026-06-25 20:30:00,53.0,175.6819,0.0
2026-06-25 20:35:00,331.8,201.0105,130.7895
2026-06-25 20:40:00,292.0,206.6018,85.3982
2026-06-25 20:45:00,194.3,226.4252,0.0
2026-06-25 20:50:00,143.6,60.6378,82.9622
2026-06-25 20:55:00,86.8,53.73,33.07
2026-06-25 21:00:00,76.5,94.2645,0.0
2026-06-25 21:05:00,135.3,102.5667,32.7333
2026-06-25 21:10:00,114.9,88.0315,26.8685
2026-06-25 21:15:00,95.4,74.2514,21.1486
2026-06-25 21:20:00,93.6,74.2514,19.3486
2026-06-25 21:25:00,86.7,74.2514,12.4486
2026-06-25 21:30:00,79.8,55.8664,23.9336
2026-06-25 21:35:00,55.8,48.8233,6.9767
2026-06-25 21:40:00,54.6,48.8233,5.7767
2026-06-25 21:45:00,48.0,31.033,16.967
2026-06-25 21:50:00,34.2,23.4086,10.7914
2026-06-25 21:55:00,37.8,16.1519,21.6481
2026-06-25 22:00:00,8.4,0.0,8.4
2026-06-25 22:05:00,8.1,0.0,8.1
2026-06-25 22:10:00,12.0,0.0,12.0
2026-06-25 22:15:00,8.1,0.0,8.1
2026-06-25 22:20:00,9.6,0.0,9.6
2026-06-25 22:25:00,6.6,0.0,6.6
2026-06-25 22:30:00,5.7,0.0,5.7
2026-06-25 22:35:00,10.2,0.0,10.2
2026-06-25 22:40:00,6.3,0.0,6.3
2026-06-25 22:45:00,7.2,0.0,7.2
2026-06-25 22:50:00,6.6,0.0,6.6
2026-06-25 22:55:00,6.9,0.0,6.9
2026-06-25 23:00:00,7.2,0.0,7.2
2026-06-25 23:05:00,7.8,0.0,7.8
2026-06-25 23:10:00,7.2,0.0,7.2
2026-06-25 23:15:00,6.9,0.0,6.9
2026-06-25 23:20:00,6.9,0.0,6.9
2026-06-25 23:25:00,7.2,0.0,7.2
2026-06-25 23:30:00,6.6,0.0,6.6
2026-06-25 23:35:00,7.2,0.0,7.2
2026-06-25 23:40:00,7.5,0.0,7.5
2026-06-25 23:45:00,10.5,0.0,10.5
2026-06-25 23:50:00,6.6,0.0,6.6
2026-06-25 23:55:00,6.9,7.2256,0.0
2026-06-26 00:00:00,33.9,108.1469,0.0
2026-06-26 00:05:00,337.7,198.5811,139.1189
2026-06-26 00:10:00,280.1,247.6474,32.4526
2026-06-26 00:15:00,361.0,401.9209,0.0
2026-06-26 00:20:00,483.3,420.8005,62.4995
2026-06-26 00:25:00,466.9,394.8592,72.0408
2026-06-26 00:30:00,394.8,331.8135,62.9865
2026-06-26 00:35:00,363.4,306.4501,56.9499
2026-06-26 00:40:00,242.0,247.1602,0.0
2026-06-26 00:45:00,198.4,156.1066,42.2934
2026-06-26 00:50:00,116.1,112.515,3.585
2026-06-26 00:55:00,96.1,112.515,0.0
2026-06-26 01:00:00,64.1,105.7724,0.0
2026-06-26 01:05:00,252.8,151.1008,101.6992
2026-06-26 01:10:00,232.2,145.2565,86.9435
2026-06-26 01:15:00,151.5,112.1386,39.3614
2026-06-26 01:20:00,130.9,141.1153,0.0
2026-06-26 01:25:00,173.9,158.378,15.522
2026-06-26 01:30:00,157.0,158.378,0.0
2026-06-26 01:35:00,131.6,158.378,0.0
2026-06-26 01:40:00,113.2,155.0656,0.0
2026-06-26 01:45:00,97.3,74.5846,22.7154
2026-06-26 01:50:00,73.7,46.2395,27.4605
2026-06-26 01:55:00,73.6,46.2395,27.3605
2026-06-26 02:00:00,77.7,81.5232,0.0
2026-06-26 02:05:00,140.3,84.5914,55.7086
2026-06-26 02:10:00,93.5,106.2187,0.0
2026-06-26 02:15:00,213.6,166.5364,47.0636
2026-06-26 02:20:00,211.2,166.5364,44.6636
2026-06-26 02:25:00,160.3,166.5364,0.0
2026-06-26 02:30:00,124.1,165.3033,0.0
2026-06-26 02:35:00,70.1,77.6276,0.0
2026-06-26 02:40:00,47.4,72.5116,0.0
2026-06-26 02:45:00,94.3,104.8321,0.0
2026-06-26 02:50:00,105.8,68.0877,37.7123
2026-06-26 02:55:00,77.9,68.0877,9.8123
2026-06-26 03:00:00,76.8,68.0877,8.7123
2026-06-26 03:05:00,25.5,132.3721,0.0
2026-06-26 03:10:00,132.5,66.8149,65.6851
2026-06-26 03:15:00,12.2,0.0,12.2
2026-06-26 03:20:00,12.5,35.3757,0.0
2026-06-26 03:25:00,121.9,61.8484,60.0516
2026-06-26 03:30:00,196.2,88.191,108.009
2026-06-26 03:35:00,160.3,88.191,72.109
2026-06-26 03:40:00,134.7,88.191,46.509
2026-06-26 03:45:00,119.0,88.191,30.809
2026-06-26 03:50:00,83.9,88.191,0.0
2026-06-26 03:55:00,61.9,63.0269,0.0
2026-06-26 04:00:00,52.9,33.4864,19.4136
2026-06-26 04:05:00,37.8,45.5858,0.0
2026-06-26 04:10:00,69.6,60.9852,8.6148
2026-06-26 04:15:00,62.8,83.1213,0.0
2026-06-26 04:20:00,101.5,93.2222,8.2778
2026-06-26 04:25:00,101.5,93.2222,8.2778
2026-06-26 04:30:00,91.6,93.2222,0.0
2026-06-26 04:35:00,59.0,65.6058,0.0
2026-06-26 04:40:00,38.3,54.2021,0.0
2026-06-26 04:45:00,19.1,26.9007,0.0
2026-06-26 04:50:00,7.3,22.9655,0.0
2026-06-26 04:55:00,112.7,75.7104,36.9896
2026-06-26 05:00:00,113.0,75.7104,37.2896
2026-06-26 05:05:00,112.8,75.7104,37.0896
2026-06-26 05:10:00,117.9,111.5506,6.3494
2026-06-26 05:15:00,180.5,127.1557,53.3443
2026-06-26 05:20:00,136.1,159.0996,0.0
2026-06-26 05:25:00,166.8,170.1296,0.0
2026-06-26 05:30:00,134.4,109.5613,24.8387
2026-06-26 05:35:00,97.3,75.3845,21.9155
2026-06-26 05:40:00,56.162,42.974,13.188
2026-06-26 05:45:00,52.101,42.974,9.127
2026-06-26 05:50:00,56.565,42.974,13.591
2026-06-26 05:55:00,37.774,27.4895,10.2845
2026-06-26 06:00:00,63.983,45.6122,18.3708
2026-06-26 06:05:00,59.299,71.5434,0.0
2026-06-26 06:10:00,96.209,73.0043,23.2047
2026-06-26 06:15:00,94.501,73.0043,21.4967
2026-06-26 06:20:00,93.083,84.1765,8.9065
2026-06-26 06:25:00,230.944,145.5746,85.3694
2026-06-26 06:30:00,298.975,236.3192,62.6558
2026-06-26 06:35:00,376.925,268.6997,108.2253
2026-06-26 06:40:00,321.031,268.6997,52.3313
2026-06-26 06:45:00,271.881,274.9813,0.0
2026-06-26 06:50:00,289.751,281.9452,7.8058
2026-06-26 06:55:00,293.223,267.247,25.976
2026-06-26 07:00:00,231.742,222.6406,9.1014
2026-06-26 07:05:00,279.805,223.4704,56.3346
2026-06-26 07:10:00,247.904,256.3891,0.0
2026-06-26 07:15:00,378.061,286.4338,91.6272
2026-06-26 07:20:00,289.985,277.9439,12.0411
2026-06-26 07:25:00,255.38,248.2996,7.0804
2026-06-26 07:30:00,199.237,247.959,0.0
2026-06-26 07:35:00,298.133,315.4801,0.0
2026-06-26 07:40:00,491.464,313.9056,177.5584
2026-06-26 07:45:00,420.497,300.4325,120.0645
2026-06-26 07:50:00,402.143,297.5886,104.5544
2026-06-26 07:55:00,414.055,318.6588,95.3962
2026-06-26 08:00:00,461.956,336.9915,124.9645
2026-06-26 08:05:00,344.386,310.1274,34.2586
2026-06-26 08:10:00,275.298,241.3121,33.9859
2026-06-26 08:15:00,238.233,214.1322,24.1008
2026-06-26 08:20:00,209.6,183.1294,26.4706
2026-06-26 08:25:00,170.179,164.2996,5.8794
2026-06-26 08:30:00,198.332,166.1941,32.1379
2026-06-26 08:35:00,159.714,123.1781,36.5359
2026-06-26 08:40:00,110.243,54.308,55.935
2026-06-26 08:45:00,125.68,59.257,66.423
2026-06-26 08:50:00,112.143,120.2184,0.0
2026-06-26 08:55:00,257.309,117.4788,139.8302
2026-06-26 09:00:00,208.978,125.8478,83.1302
2026-06-26 09:05:00,236.68,124.1094,112.5706
2026-06-26 09:10:00,199.304,174.4766,24.8274
2026-06-26 09:15:00,278.139,191.1906,86.9484
2026-06-26 09:20:00,260.467,198.7782,61.6888
2026-06-26 09:25:00,240.282,161.5623,78.7197
2026-06-26 09:30:00,322.069,236.0062,86.0628
2026-06-26 09:35:00,409.693,258.3689,151.3241
2026-06-26 09:40:00,450.55,308.9789,141.5711
2026-06-26 09:45:00,426.994,319.8125,107.1815
2026-06-26 09:50:00,485.944,338.5073,147.4367
2026-06-26 09:55:00,463.571,338.5073,125.0637
2026-06-26 10:00:00,373.644,296.7809,76.8631
2026-06-26 10:05:00,287.108,275.2247,11.8833
2026-06-26 10:10:00,241.495,186.4924,55.0026
2026-06-26 10:15:00,197.953,129.5608,68.3922
2026-06-26 10:20:00,124.591,44.5129,80.0781
2026-06-26 10:25:00,137.566,49.7231,87.8429
2026-06-26 10:30:00,177.28,58.3547,118.9253
2026-06-26 10:35:00,148.074,71.8173,76.2567
2026-06-26 10:40:00,150.206,80.3047,69.9013
2026-06-26 10:45:00,146.427,67.0631,79.3639
2026-06-26 10:50:00,138.553,41.6901,96.8629
2026-06-26 10:55:00,144.16,94.965,49.195
2026-06-26 11:00:00,215.52,124.861,90.659
2026-06-26 11:05:00,299.884,241.4014,58.4826
2026-06-26 11:10:00,515.535,344.8813,170.6537
2026-06-26 11:15:00,489.692,342.7134,146.9786
2026-06-26 11:20:00,409.08,264.6083,144.4717
2026-06-26 11:25:00,306.183,240.7344,65.4486
2026-06-26 11:30:00,280.913,260.2291,20.6839
2026-06-26 11:35:00,308.06,197.9001,110.1599
2026-06-26 11:40:00,339.741,215.1312,124.6098
2026-06-26 11:45:00,281.123,208.919,72.204
2026-06-26 11:50:00,299.278,215.0563,84.2217
2026-06-26 11:55:00,304.524,243.6469,60.8771
2026-06-26 12:00:00,491.205,294.6347,196.5703
2026-06-26 12:05:00,386.352,243.9078,142.4442
2026-06-26 12:10:00,354.464,272.9812,81.4828
2026-06-26 12:15:00,457.343,312.8917,144.4513
2026-06-26 12:20:00,379.422,344.7638,34.6582
2026-06-26 12:25:00,371.522,313.7942,57.7278
2026-06-26 12:30:00,314.157,306.5804,7.5766
2026-06-26 12:35:00,369.283,313.3012,55.9818
2026-06-26 12:40:00,275.909,312.4162,0.0
2026-06-26 12:45:00,435.839,316.2632,119.5758
2026-06-26 12:50:00,442.578,342.3147,100.2633
2026-06-26 12:55:00,503.387,379.8842,123.5028
2026-06-26 13:00:00,373.299,247.4568,125.8422
2026-06-26 13:05:00,248.209,245.0488,3.1602
2026-06-26 13:10:00,381.111,290.8898,90.2212
2026-06-26 13:15:00,420.928,310.9799,109.9481
2026-06-26 13:20:00,397.624,284.5928,113.0312
2026-06-26 13:25:00,361.514,302.8138,58.7002
2026-06-26 13:30:00,375.416,340.21,35.206
2026-06-26 13:35:00,374.187,308.0813,66.1057
2026-06-26 13:40:00,301.813,242.8162,58.9968
2026-06-26 13:45:00,287.129,165.029,122.1
2026-06-26 13:50:00,278.616,149.2301,129.3859
2026-06-26 13:55:00,262.848,166.9057,95.9423
2026-06-26 14:00:00,201.023,73.694,127.329
2026-06-26 14:05:00,151.433,80.0002,71.4328
2026-06-26 14:10:00,180.367,46.9406,133.4264
2026-06-26 14:15:00,181.286,45.5631,135.7229
2026-06-26 14:20:00,74.684,38.9702,35.7138
2026-06-26 14:25:00,231.043,44.5815,186.4615
2026-06-26 14:30:00,123.231,102.3603,20.8707
2026-06-26 14:35:00,275.965,246.1324,29.8326
2026-06-26 14:40:00,450.832,322.7445,128.0875
2026-06-26 14:45:00,445.635,310.1066,135.5284
2026-06-26 14:50:00,304.088,208.646,95.442
2026-06-26 14:55:00,276.073,194.5511,81.5219
2026-06-26 15:00:00,290.477,190.8814,99.5956
2026-06-26 15:05:00,278.874,214.747,64.127
2026-06-26 15:10:00,266.193,181.0378,85.1552
2026-06-26 15:15:00,208.634,142.7543,65.8797
2026-06-26 15:20:00,225.355,129.4222,95.9328
2026-06-26 15:25:00,199.216,133.1025,66.1135
2026-06-26 15:30:00,259.482,198.4853,60.9967
2026-06-26 15:35:00,370.228,191.3699,178.8581
2026-06-26 15:40:00,339.419,173.7855,165.6335
2026-06-26 15:45:00,293.218,205.1981,88.0199
2026-06-26 15:50:00,259.833,189.6506,70.1824
2026-06-26 15:55:00,218.395,187.5782,30.8168
2026-06-26 16:00:00,184.105,93.6509,90.4541
2026-06-26 16:05:00,145.064,46.4853,98.5787
2026-06-26 16:10:00,101.457,105.9445,0.0
2026-06-26 16:15:00,243.318,139.1071,104.2109
2026-06-26 16:20:00,165.309,82.7644,82.5446
2026-06-26 16:25:00,281.067,111.8953,169.1717
2026-06-26 16:30:00,241.73,79.2684,162.4616
2026-06-26 16:35:00,190.172,78.4889,111.6831
2026-06-26 16:40:00,118.503,98.4836,20.0194
2026-06-26 16:45:00,153.65,123.3685,30.2815
2026-06-26 16:50:00,196.225,134.0768,62.1482
2026-06-26 16:55:00,201.31,170.3244,30.9856
2026-06-26 17:00:00,282.26,166.2629,115.9971
2026-06-26 17:05:00,240.979,121.4129,119.5661
2026-06-26 17:10:00,222.603,128.3101,94.2929
2026-06-26 17:15:00,197.059,118.3983,78.6607
2026-06-26 17:20:00,172.865,100.2578,72.6072
2026-06-26 17:25:00,189.004,102.4618,86.5422
2026-06-26 17:30:00,189.531,87.8179,101.7131
2026-06-26 17:35:00,167.315,101.0134,66.3016
2026-06-26 17:40:00,199.173,113.2083,85.9647
2026-06-26 17:45:00,215.873,102.1988,113.6742
2026-06-26 17:50:00,149.948,80.8426,69.1054
2026-06-26 17:55:00,131.581,82.9893,48.5917
2026-06-26 18:00:00,130.104,125.6148,4.4892
2026-06-26 18:05:00,195.571,160.4275,35.1435
2026-06-26 18:10:00,82.273,64.8,17.473
2026-06-26 18:15:00,87.174,66.3399,20.8341
2026-06-26 18:20:00,124.321,91.6126,32.7084
2026-06-26 18:25:00,118.494,91.6126,26.8814
2026-06-26 18:30:00,110.532,90.6381,19.8939
2026-06-26 18:35:00,134.316,104.6247,29.6913
2026-06-26 18:40:00,134.107,104.6247,29.4823
2026-06-26 18:45:00,133.442,94.6477,38.7943
2026-06-26 18:50:00,112.849,102.6515,10.1975
2026-06-26 18:55:00,150.744,127.8092,22.9348
2026-06-26 19:00:00,192.9,152.822,40.078
2026-06-26 19:05:00,175.8,101.2285,74.5715
2026-06-26 19:10:00,207.9,177.1157,30.7843
2026-06-26 19:15:00,302.7,179.159,123.541
2026-06-26 19:20:00,171.3,90.2734,81.0266
2026-06-26 19:25:00,148.2,90.2734,57.9266
2026-06-26 19:30:00,107.4,56.7086,50.6914
2026-06-26 19:35:00,94.5,56.5964,37.9036
2026-06-26 19:40:00,86.7,85.584,1.116
2026-06-26 19:45:00,156.0,105.4526,50.5474
2026-06-26 19:50:00,110.7,67.9396,42.7604
2026-06-26 19:55:00,85.8,12.2291,73.5709
2026-06-26 20:00:00,9.6,0.0,9.6
2026-06-26 20:05:00,13.8,16.2964,0.0
2026-06-26 20:10:00,75.9,50.9261,24.9739
2026-06-26 20:15:00,76.5,64.4873,12.0127
2026-06-26 20:20:00,123.9,92.868,31.032
2026-06-26 20:25:00,105.3,92.868,12.432
2026-06-26 20:30:00,105.0,71.8971,33.1029
2026-06-26 20:35:00,60.0,50.9261,9.0739
2026-06-26 20:40:00,53.7,50.9261,2.7739
2026-06-26 20:45:00,58.8,40.7409,18.0591
2026-06-26 20:50:00,9.3,0.0,9.3
2026-06-26 20:55:00,11.7,21.6712,0.0
2026-06-26 21:00:00,53.7,37.7987,15.9013
2026-06-26 21:05:00,50.7,37.7987,12.9013
2026-06-26 21:10:00,49.2,37.7987,11.4013
2026-06-26 21:15:00,47.7,34.9008,12.7992
2026-06-26 21:20:00,7.8,0.0,7.8
2026-06-26 21:25:00,7.5,0.0,7.5
2026-06-26 21:30:00,8.1,0.0,8.1
2026-06-26 21:35:00,7.5,0.0,7.5
2026-06-26 21:40:00,7.8,29.7364,0.0
2026-06-26 21:45:00,57.6,39.2993,18.3007
2026-06-26 21:50:00,63.3,39.2993,24.0007
2026-06-26 21:55:00,49.8,39.2993,10.5007
2026-06-26 22:00:00,37.5,39.2993,0.0
2026-06-26 22:05:00,39.0,24.7585,14.2415
2026-06-26 22:10:00,7.8,0.0,7.8
2026-06-26 22:15:00,7.5,0.0,7.5
2026-06-26 22:20:00,6.9,0.0,6.9
2026-06-26 22:25:00,6.9,0.0,6.9
2026-06-26 22:30:00,7.5,0.0,7.5
2026-06-26 22:35:00,10.5,0.0,10.5
2026-06-26 22:40:00,6.9,0.0,6.9
2026-06-26 22:45:00,7.2,0.0,7.2
2026-06-26 22:50:00,6.9,0.0,6.9
2026-06-26 22:55:00,7.2,0.0,7.2
2026-06-26 23:00:00,7.8,0.0,7.8
2026-06-26 23:05:00,7.5,0.0,7.5
2026-06-26 23:10:00,6.9,0.0,6.9
2026-06-26 23:15:00,6.9,0.0,6.9
2026-06-26 23:20:00,11.7,0.0,11.7
2026-06-26 23:25:00,7.5,0.0,7.5
2026-06-26 23:30:00,6.6,0.0,6.6
2026-06-26 23:35:00,7.2,0.0,7.2
2026-06-26 23:40:00,8.7,0.0,8.7
2026-06-26 23:45:00,8.4,39.8832,0.0
2026-06-26 23:50:00,73.2,46.5562,26.6438
2026-06-26 23:55:00,75.9,46.5562,29.3438
2026-06-27 00:00:00,106.2,240.919,0.0
2026-06-27 00:05:00,517.3,304.2632,213.0368
2026-06-27 00:10:00,557.0,330.2259,226.7741
2026-06-27 00:15:00,554.5,383.0289,171.4711
2026-06-27 00:20:00,512.0,419.5446,92.4554
2026-06-27 00:25:00,504.0,419.5446,84.4554
2026-06-27 00:30:00,388.9,383.7759,5.1241
2026-06-27 00:35:00,308.0,362.2422,0.0
2026-06-27 00:40:00,339.9,382.28,0.0
2026-06-27 00:45:00,273.0,286.8959,0.0
2026-06-27 00:50:00,233.7,249.1302,0.0
2026-06-27 00:55:00,205.4,224.3002,0.0
2026-06-27 01:00:00,149.6,196.8774,0.0
2026-06-27 01:05:00,127.9,113.1295,14.7705
2026-06-27 01:10:00,62.5,54.2665,8.2335
2026-06-27 01:15:00,60.2,111.161,0.0
2026-06-27 01:20:00,176.0,127.7545,48.2455
2026-06-27 01:25:00,144.6,165.4037,0.0
2026-06-27 01:30:00,153.7,159.0131,0.0
2026-06-27 01:35:00,139.5,108.8309,30.6691
2026-06-27 01:40:00,77.4,68.8119,8.5881
2026-06-27 01:45:00,65.6,68.8119,0.0
2026-06-27 01:50:00,66.1,68.8119,0.0
2026-06-27 01:55:00,47.0,41.2135,5.7865
2026-06-27 02:00:00,27.7,33.3798,0.0
2026-06-27 02:05:00,9.2,0.0,9.2
2026-06-27 02:10:00,8.0,0.0,8.0
2026-06-27 02:15:00,8.5,0.0,8.5
2026-06-27 02:20:00,11.9,0.0,11.9
2026-06-27 02:25:00,7.4,0.0,7.4
2026-06-27 02:30:00,8.3,0.0,8.3
2026-06-27 02:35:00,7.9,21.549,0.0
2026-06-27 02:40:00,45.8,26.2793,19.5207
2026-06-27 02:45:00,46.8,26.2793,20.5207
2026-06-27 02:50:00,47.1,120.1574,0.0
2026-06-27 02:55:00,182.9,106.672,76.228
2026-06-27 03:00:00,111.2,59.8974,51.3026
2026-06-27 03:05:00,98.9,59.8974,39.0026
2026-06-27 03:10:00,85.3,59.8974,25.4026
2026-06-27 03:15:00,66.4,39.6623,26.7377
2026-06-27 03:20:00,53.1,33.6181,19.4819
2026-06-27 03:25:00,38.8,33.6181,5.1819
2026-06-27 03:30:00,33.5,33.6181,0.0
2026-06-27 03:35:00,28.2,33.6181,0.0
2026-06-27 03:40:00,26.3,33.6181,0.0
2026-06-27 03:45:00,26.6,33.6181,0.0
2026-06-27 03:50:00,29.0,33.6181,0.0
2026-06-27 03:55:00,21.4,65.7481,0.0
2026-06-27 04:00:00,84.4,87.0609,0.0
2026-06-27 04:05:00,178.9,99.1661,79.7339
2026-06-27 04:10:00,141.2,99.1661,42.0339
2026-06-27 04:15:00,107.5,99.1661,8.3339
2026-06-27 04:20:00,99.2,99.1661,0.0339
2026-06-27 04:25:00,98.9,84.7184,14.1816
2026-06-27 04:30:00,55.0,50.4659,4.5341
2026-06-27 04:35:00,46.7,18.6724,28.0276
2026-06-27 04:40:00,8.7,33.3784,0.0
2026-06-27 04:45:00,100.5,43.1618,57.3382
2026-06-27 04:50:00,68.1,43.1618,24.9382
2026-06-27 04:55:00,47.4,43.1618,4.2382
2026-06-27 05:00:00,28.7,43.1618,0.0
2026-06-27 05:05:00,29.7,43.1618,0.0
2026-06-27 05:10:00,17.0,8.3446,8.6554
2026-06-27 05:15:00,8.8,36.0711,0.0
2026-06-27 05:20:00,116.4,51.2859,65.1141
2026-06-27 05:25:00,107.3,51.2859,56.0141
2026-06-27 05:30:00,63.6,51.2859,12.3141
2026-06-27 05:35:00,50.8,51.2859,0.0
2026-06-27 05:40:00,43.9,51.2859,0.0
2026-06-27 05:45:00,14.7,51.2859,0.0
2026-06-27 05:50:00,19.2,17.4372,1.7628
2026-06-27 05:55:00,11.03,0.0,11.03
2026-06-27 06:00:00,9.867,0.0,9.867
2026-06-27 06:05:00,7.866,0.0,7.866
2026-06-27 06:10:00,8.049,0.0,8.049
2026-06-27 06:15:00,7.791,38.1547,0.0
2026-06-27 06:20:00,146.595,84.5164,62.0786
2026-06-27 06:25:00,134.985,94.2061,40.7789
2026-06-27 06:30:00,150.241,138.5126,11.7284
2026-06-27 06:35:00,177.075,158.2605,18.8145
2026-06-27 06:40:00,166.975,158.2605,8.7145
2026-06-27 06:45:00,158.322,156.4742,1.8478
2026-06-27 06:50:00,189.904,141.8985,48.0055
2026-06-27 06:55:00,170.732,141.8985,28.8335
2026-06-27 07:00:00,163.941,167.471,0.0
2026-06-27 07:05:00,185.485,176.2875,9.1975
2026-06-27 07:10:00,201.733,159.5673,42.1657
2026-06-27 07:15:00,159.635,133.676,25.959
2026-06-27 07:20:00,104.507,163.3645,0.0
2026-06-27 07:25:00,212.783,155.1564,57.6266
2026-06-27 07:30:00,192.534,155.1564,37.3776
2026-06-27 07:35:00,172.204,246.8421,0.0
2026-06-27 07:40:00,341.868,338.9404,2.9276
2026-06-27 07:45:00,538.267,426.4117,111.8553
2026-06-27 07:50:00,480.769,406.7863,73.9827
2026-06-27 07:55:00,429.033,395.8932,33.1398
2026-06-27 08:00:00,316.853,247.8064,69.0466
2026-06-27 08:05:00,375.163,286.7669,88.3961
2026-06-27 08:10:00,319.0,262.1886,56.8114
2026-06-27 08:15:00,320.679,203.8319,116.8471
2026-06-27 08:20:00,266.168,206.2498,59.9182
2026-06-27 08:25:00,219.35,220.8338,0.0
2026-06-27 08:30:00,212.393,131.9136,80.4794
2026-06-27 08:35:00,177.885,84.4971,93.3879
2026-06-27 08:40:00,100.907,67.5219,33.3851
2026-06-27 08:45:00,95.537,67.5219,28.0151
2026-06-27 08:50:00,92.092,37.148,54.944
2026-06-27 08:55:00,68.957,119.831,0.0
2026-06-27 09:00:00,301.757,257.9418,43.8152
2026-06-27 09:05:00,431.621,286.9934,144.6276
2026-06-27 09:10:00,435.648,317.8878,117.7602
2026-06-27 09:15:00,517.59,376.8869,140.7031
2026-06-27 09:20:00,467.224,355.3035,111.9205
2026-06-27 09:25:00,358.688,256.4447,102.2433
2026-06-27 09:30:00,273.497,244.3497,29.1473
2026-06-27 09:35:00,287.987,265.4126,22.5744
2026-06-27 09:40:00,274.447,233.756,40.691
2026-06-27 09:45:00,198.389,96.1514,102.2376
2026-06-27 09:50:00,134.115,82.1826,51.9324
2026-06-27 09:55:00,150.98,99.1815,51.7985
2026-06-27 10:00:00,166.237,72.6957,93.5413
2026-06-27 10:05:00,180.74,109.1541,71.5859
2026-06-27 10:10:00,181.079,117.498,63.581
2026-06-27 10:15:00,135.569,53.3425,82.2265
2026-06-27 10:20:00,110.942,40.2759,70.6661
2026-06-27 10:25:00,155.917,139.275,16.642
2026-06-27 10:30:00,326.508,227.0263,99.4817
2026-06-27 10:35:00,333.687,227.0263,106.6607
2026-06-27 10:40:00,353.334,227.0263,126.3077
2026-06-27 10:45:00,311.944,216.2967,95.6473
2026-06-27 10:50:00,274.624,217.798,56.826
2026-06-27 10:55:00,330.953,200.7481,130.2049
2026-06-27 11:00:00,372.388,219.719,152.669
2026-06-27 11:05:00,348.753,273.7561,74.9969
2026-06-27 11:10:00,372.465,222.2464,150.2186
2026-06-27 11:15:00,268.071,192.5252,75.5458
2026-06-27 11:20:00,272.113,152.9218,119.1912
2026-06-27 11:25:00,229.492,144.5936,84.8984
2026-06-27 11:30:00,269.603,144.8063,124.7967
2026-06-27 11:35:00,268.43,130.369,138.061
2026-06-27 11:40:00,203.654,106.1351,97.5189
2026-06-27 11:45:00,174.232,119.6681,54.5639
2026-06-27 11:50:00,248.807,251.0247,0.0
2026-06-27 11:55:00,410.429,289.1265,121.3025
2026-06-27 12:00:00,430.193,287.4306,142.7624
2026-06-27 12:05:00,409.884,242.7503,167.1337
2026-06-27 12:10:00,373.828,234.627,139.201
2026-06-27 12:15:00,312.99,270.8874,42.1026
2026-06-27 12:20:00,326.887,270.618,56.269
2026-06-27 12:25:00,359.87,273.677,86.193
2026-06-27 12:30:00,274.963,271.1185,3.8445
2026-06-27 12:35:00,349.104,235.2891,113.8149
2026-06-27 12:40:00,350.579,286.1599,64.4191
2026-06-27 12:45:00,443.217,316.9319,126.2851
2026-06-27 12:50:00,420.505,335.6153,84.8897
2026-06-27 12:55:00,306.495,240.2709,66.2241
2026-06-27 13:00:00,335.182,252.0011,83.1809
2026-06-27 13:05:00,242.8,155.8089,86.9911
2026-06-27 13:10:00,245.017,147.4222,97.5948
2026-06-27 13:15:00,318.114,282.8795,35.2345
2026-06-27 13:20:00,455.99,314.5073,141.4827
2026-06-27 13:25:00,448.65,308.1983,140.4517
2026-06-27 13:30:00,391.889,312.2421,79.6469
2026-06-27 13:35:00,432.607,326.1212,106.4858
2026-06-27 13:40:00,341.849,281.449,60.4
2026-06-27 13:45:00,326.11,286.4045,39.7055
2026-06-27 13:50:00,259.593,270.4425,0.0
2026-06-27 13:55:00,276.676,220.2675,56.4085
2026-06-27 14:00:00,328.979,208.4199,120.5591
2026-06-27 14:05:00,307.368,212.6064,94.7616
2026-06-27 14:10:00,300.662,264.2181,36.4439
2026-06-27 14:15:00,353.008,243.5881,109.4199
2026-06-27 14:20:00,422.915,270.4648,152.4502
2026-06-27 14:25:00,386.314,253.0448,133.2692
2026-06-27 14:30:00,265.549,199.3413,66.2077
2026-06-27 14:35:00,237.746,193.8449,43.9011
2026-06-27 14:40:00,148.25,93.6128,54.6372
2026-06-27 14:45:00,101.476,60.2203,41.2557
2026-06-27 14:50:00,145.94,79.6653,66.2747
2026-06-27 14:55:00,139.653,79.6653,59.9877
2026-06-27 15:00:00,154.172,79.6653,74.5067
2026-06-27 15:05:00,136.657,79.6653,56.9917
2026-06-27 15:10:00,125.244,79.6653,45.5787
2026-06-27 15:15:00,120.555,67.8366,52.7184
2026-06-27 15:20:00,88.257,43.0955,45.1615
2026-06-27 15:25:00,177.183,102.8037,74.3793
2026-06-27 15:30:00,175.615,102.8037,72.8113
2026-06-27 15:35:00,160.635,45.5763,115.0587
2026-06-27 15:40:00,48.4,0.0,48.4
2026-06-27 15:45:00,46.525,0.0,46.525
2026-06-27 15:50:00,48.921,0.0,48.921
2026-06-27 15:55:00,57.045,0.0,57.045
2026-06-27 16:00:00,64.581,0.0,64.581
2026-06-27 16:05:00,50.668,0.0,50.668
2026-06-27 16:10:00,54.688,26.2501,28.4379
2026-06-27 16:15:00,92.069,28.1251,63.9439
2026-06-27 16:20:00,85.121,28.1251,56.9959
2026-06-27 16:25:00,94.943,28.1251,66.8179
2026-06-27 16:30:00,96.824,55.1767,41.6473
2026-06-27 16:35:00,126.708,56.402,70.306
2026-06-27 16:40:00,125.299,56.402,68.897
2026-06-27 16:45:00,123.38,56.402,66.978
2026-06-27 16:50:00,139.595,54.4226,85.1724
2026-06-27 16:55:00,107.594,22.7813,84.8127
2026-06-27 17:00:00,73.916,68.5704,5.3456
2026-06-27 17:05:00,221.172,123.6749,97.4971
2026-06-27 17:10:00,301.714,153.2216,148.4924
2026-06-27 17:15:00,285.1,153.2216,131.8784
2026-06-27 17:20:00,265.7,153.2216,112.4784
2026-06-27 17:25:00,209.8,180.144,29.656
2026-06-27 17:30:00,258.134,189.1689,68.9651
2026-06-27 17:35:00,234.953,164.8812,70.0718
2026-06-27 17:40:00,260.422,127.6128,132.8092
2026-06-27 17:45:00,147.952,63.8472,84.1048
2026-06-27 17:50:00,153.46,63.8472,89.6128
2026-06-27 17:55:00,147.627,63.8472,83.7798
2026-06-27 18:00:00,88.504,97.1837,0.0
2026-06-27 18:05:00,118.675,100.025,18.65
2026-06-27 18:10:00,72.577,44.7281,27.8489
2026-06-27 18:15:00,27.554,26.0482,1.5058
2026-06-27 18:20:00,25.288,12.4163,12.8717
2026-06-27 18:25:00,15.03,18.3647,0.0
2026-06-27 18:30:00,60.288,82.7105,0.0
2026-06-27 18:35:00,107.996,85.9761,22.0199
2026-06-27 18:40:00,108.701,45.085,63.616
2026-06-27 18:45:00,63.747,3.7597,59.9873
2026-06-27 18:50:00,16.295,0.0,16.295
2026-06-27 18:55:00,14.234,0.0,14.234
2026-06-27 19:00:00,18.017,0.0,18.017
2026-06-27 19:05:00,14.1,17.5804,0.0
2026-06-27 19:10:00,17.1,62.441,0.0
2026-06-27 19:15:00,122.1,82.4985,39.6015
2026-06-27 19:20:00,124.2,94.6332,29.5668
2026-06-27 19:25:00,155.4,148.232,7.168
2026-06-27 19:30:00,209.7,174.8697,34.8303
2026-06-27 19:35:00,210.9,190.951,19.949
2026-06-27 19:40:00,210.9,157.3386,53.5614
2026-06-27 19:45:00,210.9,140.5036,70.3964
2026-06-27 19:50:00,127.8,93.408,34.392
2026-06-27 19:55:00,109.8,100.1906,9.6094
2026-06-27 20:00:00,142.5,134.9337,7.5663
2026-06-27 20:05:00,135.3,122.7405,12.5595
2026-06-27 20:10:00,99.0,104.9503,0.0
2026-06-27 20:15:00,75.6,103.3995,0.0
2026-06-27 20:20:00,71.1,66.4297,4.6703
2026-06-27 20:25:00,68.7,55.9067,12.7933
2026-06-27 20:30:00,60.3,65.9935,0.0
2026-06-27 20:35:00,171.6,115.0655,56.5345
2026-06-27 20:40:00,165.9,119.6804,46.2196
2026-06-27 20:45:00,190.8,161.2141,29.5859
2026-06-27 20:50:00,158.7,161.2141,0.0
2026-06-27 20:55:00,143.7,57.9949,85.7051
2026-06-27 21:00:00,51.3,37.9891,13.3109
2026-06-27 21:05:00,59.4,37.9891,21.4109
2026-06-27 21:10:00,49.2,37.9891,11.2109
2026-06-27 21:15:00,7.2,37.9891,0.0
2026-06-27 21:20:00,7.5,11.65,0.0
2026-06-27 21:25:00,5.7,15.7067,0.0
2026-06-27 21:30:00,45.6,30.0129,15.5871
2026-06-27 21:35:00,43.5,30.0129,13.4871
2026-06-27 21:40:00,43.2,30.0129,13.1871
2026-06-27 21:45:00,42.9,30.0129,12.8871
2026-06-27 21:50:00,42.0,30.0129,11.9871
2026-06-27 21:55:00,43.2,30.0129,13.1871
2026-06-27 22:00:00,32.4,30.0129,2.3871
2026-06-27 22:05:00,25.8,30.0129,0.0
2026-06-27 22:10:00,26.7,30.0129,0.0
2026-06-27 22:15:00,19.8,3.4015,16.3985
2026-06-27 22:20:00,5.2,55.4288,0.0
2026-06-27 22:25:00,101.4,65.9164,35.4836
2026-06-27 22:30:00,101.4,65.9164,35.4836
2026-06-27 22:35:00,102.3,90.9239,11.3761
2026-06-27 22:40:00,163.5,99.4086,64.0914
2026-06-27 22:45:00,142.8,99.4086,43.3914
2026-06-27 22:50:00,120.6,69.2897,51.3103
2026-06-27 22:55:00,71.7,67.9254,3.7746
2026-06-27 23:00:00,72.3,67.9254,4.3746
2026-06-27 23:05:00,60.9,59.4346,1.4654
2026-06-27 23:10:00,63.9,221.0877,0.0
2026-06-27 23:15:00,248.1,227.7251,20.3749
2026-06-27 23:20:00,236.4,184.0292,52.3708
2026-06-27 23:25:00,54.3,61.7913,0.0
2026-06-27 23:30:00,54.3,36.4395,17.8605
2026-06-27 23:35:00,12.3,34.4333,0.0
2026-06-27 23:40:00,12.3,34.4333,0.0
2026-06-27 23:45:00,12.0,27.891,0.0
2026-06-27 23:50:00,5.4,0.0,5.4
2026-06-27 23:55:00,9.3,15.9901,0.0
2026-06-28 00:00:00,97.1,125.0679,0.0
2026-06-28 00:05:00,268.6,201.3358,67.2642
2026-06-28 00:10:00,409.2,249.024,160.176
2026-06-28 00:15:00,415.9,278.3751,137.5249
2026-06-28 00:20:00,369.7,302.9537,66.7463
2026-06-28 00:25:00,289.0,302.9537,0.0
2026-06-28 00:30:00,226.6,248.941,0.0
2026-06-28 00:35:00,154.8,243.3809,0.0
2026-06-28 00:40:00,142.0,209.9257,0.0
2026-06-28 00:45:00,55.2,36.8875,18.3125
2026-06-28 00:50:00,41.1,30.4694,10.6306
2026-06-28 00:55:00,44.7,30.4694,14.2306
2026-06-28 01:00:00,40.6,30.4694,10.1306
2026-06-28 01:05:00,41.2,30.4694,10.7306
2026-06-28 01:10:00,39.9,64.8048,0.0
2026-06-28 01:15:00,105.0,71.8373,33.1627
2026-06-28 01:20:00,68.4,43.7038,24.6962
2026-06-28 01:25:00,64.2,41.3679,22.8321
2026-06-28 01:30:00,52.0,41.3679,10.6321
2026-06-28 01:35:00,40.4,41.3679,0.0
2026-06-28 01:40:00,34.2,41.3679,0.0
2026-06-28 01:45:00,18.0,15.5751,2.4249
2026-06-28 01:50:00,11.4,43.8899,0.0
2026-06-28 01:55:00,70.2,77.1676,0.0
2026-06-28 02:00:00,145.7,106.1016,39.5984
2026-06-28 02:05:00,165.3,145.8108,19.4892
2026-06-28 02:10:00,199.7,167.5054,32.1946
2026-06-28 02:15:00,204.2,167.5054,36.6946
2026-06-28 02:20:00,183.0,153.3143,29.6857
2026-06-28 02:25:00,158.0,121.7797,36.2203
2026-06-28 02:30:00,109.7,108.6567,1.0433
2026-06-28 02:35:00,138.1,108.027,30.073
2026-06-28 02:40:00,97.6,72.8345,24.7655
2026-06-28 02:45:00,78.0,63.4756,14.5244
2026-06-28 02:50:00,64.7,63.4756,1.2244
2026-06-28 02:55:00,63.3,63.4756,0.0
2026-06-28 03:00:00,56.5,63.4756,0.0
2026-06-28 03:05:00,53.0,38.5839,14.4161
2026-06-28 03:10:00,41.3,29.2209,12.0791
2026-06-28 03:15:00,41.1,50.4634,0.0
2026-06-28 03:20:00,114.2,59.7125,54.4875
2026-06-28 03:25:00,98.9,59.7125,39.1875
2026-06-28 03:30:00,86.7,57.9741,28.7259
2026-06-28 03:35:00,168.0,79.611,88.389
2026-06-28 03:40:00,150.9,79.611,71.289
2026-06-28 03:45:00,102.3,79.611,22.689
2026-06-28 03:50:00,79.8,79.611,0.189
2026-06-28 03:55:00,68.5,79.611,0.0
2026-06-28 04:00:00,57.7,79.611,0.0
2026-06-28 04:05:00,30.2,66.6762,0.0
2026-06-28 04:10:00,25.1,72.2306,0.0
2026-06-28 04:15:00,129.7,137.1461,0.0
2026-06-28 04:20:00,202.7,140.9972,61.7028
2026-06-28 04:25:00,126.3,118.9282,7.3718
2026-06-28 04:30:00,184.5,167.0682,17.4318
2026-06-28 04:35:00,167.5,159.4097,8.0903
2026-06-28 04:40:00,109.0,63.8389,45.1611
2026-06-28 04:45:00,61.3,55.5462,5.7538
2026-06-28 04:50:00,61.6,55.5462,6.0538
2026-06-28 04:55:00,61.7,55.5462,6.1538
2026-06-28 05:00:00,41.7,60.2438,0.0
2026-06-28 05:05:00,82.6,77.2276,5.3724
2026-06-28 05:10:00,81.8,77.2276,4.5724
2026-06-28 05:15:00,71.1,95.9051,0.0
2026-06-28 05:20:00,82.7,56.0706,26.6294
2026-06-28 05:25:00,82.4,73.9982,8.4018
2026-06-28 05:30:00,113.3,82.1787,31.1213
2026-06-28 05:35:00,114.2,72.7111,41.4889
2026-06-28 05:40:00,82.351,60.4973,21.8537
2026-06-28 05:45:00,74.538,60.4973,14.0407
2026-06-28 05:50:00,63.41,80.7373,0.0
2026-06-28 05:55:00,140.823,104.9929,35.8301
2026-06-28 06:00:00,112.015,89.5892,22.4258
2026-06-28 06:05:00,104.302,96.4869,7.8151
2026-06-28 06:10:00,165.498,143.3388,22.1592
2026-06-28 06:15:00,151.63,144.2494,7.3806
2026-06-28 06:20:00,275.282,224.4401,50.8419
2026-06-28 06:25:00,286.947,264.6767,22.2703
2026-06-28 06:30:00,338.376,257.8054,80.5706
2026-06-28 06:35:00,318.477,297.7607,20.7163
2026-06-28 06:40:00,311.366,303.0356,8.3304
2026-06-28 06:45:00,271.372,320.6992,0.0
2026-06-28 06:50:00,276.562,296.0885,0.0
2026-06-28 06:55:00,280.589,304.6743,0.0
2026-06-28 07:00:00,323.483,308.4705,15.0125
2026-06-28 07:05:00,260.466,236.2387,24.2273
2026-06-28 07:10:00,313.192,228.9001,84.2919
2026-06-28 07:15:00,233.85,208.7703,25.0797
2026-06-28 07:20:00,197.511,173.4363,24.0747
2026-06-28 07:25:00,207.577,223.0312,0.0
2026-06-28 07:30:00,255.058,299.3109,0.0
2026-06-28 07:35:00,323.125,262.1751,60.9499
2026-06-28 07:40:00,320.226,290.8665,29.3595
2026-06-28 07:45:00,361.843,282.2009,79.6421
2026-06-28 07:50:00,461.176,328.2625,132.9135
2026-06-28 07:55:00,368.199,265.4583,102.7407
2026-06-28 08:00:00,303.351,241.2006,62.1504
2026-06-28 08:05:00,252.454,242.2507,10.2033
2026-06-28 08:10:00,234.408,268.2706,0.0
2026-06-28 08:15:00,241.02,227.0587,13.9613
2026-06-28 08:20:00,359.937,245.4345,114.5025
2026-06-28 08:25:00,271.966,198.4246,73.5414
2026-06-28 08:30:00,235.282,140.8201,94.4619
2026-06-28 08:35:00,195.2,133.053,62.147
2026-06-28 08:40:00,214.781,133.053,81.728
2026-06-28 08:45:00,182.584,90.6411,91.9429
2026-06-28 08:50:00,145.679,58.3831,87.2959
2026-06-28 08:55:00,149.966,58.3831,91.5829
2026-06-28 09:00:00,134.72,72.3628,62.3572
2026-06-28 09:05:00,225.675,106.316,119.359
2026-06-28 09:10:00,184.815,109.3172,75.4978
2026-06-28 09:15:00,268.256,185.6443,82.6117
2026-06-28 09:20:00,320.113,185.3015,134.8115
2026-06-28 09:25:00,297.137,193.2578,103.8792
2026-06-28 09:30:00,344.77,230.7011,114.0689
2026-06-28 09:35:00,320.934,233.4861,87.4479
2026-06-28 09:40:00,285.068,234.1341,50.9339
2026-06-28 09:45:00,205.668,159.2201,46.4479
2026-06-28 09:50:00,369.145,234.6913,134.4537
2026-06-28 09:55:00,384.23,231.1597,153.0703
2026-06-28 10:00:00,334.987,198.0394,136.9476
2026-06-28 10:05:00,251.272,145.7755,105.4965
2026-06-28 10:10:00,192.805,145.7755,47.0295
2026-06-28 10:15:00,175.879,143.4068,32.4722
2026-06-28 10:20:00,148.491,117.3273,31.1637
2026-06-28 10:25:00,154.484,67.4082,87.0758
2026-06-28 10:30:00,151.112,93.8443,57.2677
2026-06-28 10:35:00,235.826,107.9621,127.8639
2026-06-28 10:40:00,232.912,75.6196,157.2924
2026-06-28 10:45:00,124.916,95.7193,29.1967
2026-06-28 10:50:00,221.876,150.2362,71.6398
2026-06-28 10:55:00,280.656,262.9962,17.6598
2026-06-28 11:00:00,413.929,279.5695,134.3595
2026-06-28 11:05:00,414.604,295.283,119.321
2026-06-28 11:10:00,305.703,233.9104,71.7926
2026-06-28 11:15:00,261.272,173.7407,87.5313
2026-06-28 11:20:00,179.546,97.962,81.584
2026-06-28 11:25:00,158.796,71.8067,86.9893
2026-06-28 11:30:00,122.772,20.9194,101.8526
2026-06-28 11:35:00,71.918,1.1073,70.8107
2026-06-28 11:40:00,75.557,83.0445,0.0
2026-06-28 11:45:00,195.967,83.0445,112.9225
2026-06-28 11:50:00,173.24,99.5364,73.7036
2026-06-28 11:55:00,152.478,114.7905,37.6875
2026-06-28 12:00:00,167.842,360.3708,0.0
2026-06-28 12:05:00,637.562,389.0818,248.4802
2026-06-28 12:10:00,652.116,404.1272,247.9888
2026-06-28 12:15:00,613.65,412.4741,201.1759
2026-06-28 12:20:00,501.933,381.8601,120.0729
2026-06-28 12:25:00,552.509,415.4923,137.0167
2026-06-28 12:30:00,395.158,415.4923,0.0
2026-06-28 12:35:00,354.229,381.825,0.0
2026-06-28 12:40:00,203.561,218.1864,0.0
2026-06-28 12:45:00,168.109,116.4085,51.7005
2026-06-28 12:50:00,185.461,91.67,93.791
2026-06-28 12:55:00,154.634,93.6239,61.0101
2026-06-28 13:00:00,176.285,101.7293,74.5557
2026-06-28 13:05:00,206.804,179.1476,27.6564
2026-06-28 13:10:00,390.46,273.1043,117.3557
2026-06-28 13:15:00,334.796,253.3353,81.4607
2026-06-28 13:20:00,308.939,248.2692,60.6698
2026-06-28 13:25:00,319.932,271.9138,48.0182
2026-06-28 13:30:00,300.026,272.9619,27.0641
2026-06-28 13:35:00,314.249,201.7618,112.4872
2026-06-28 13:40:00,283.435,215.7003,67.7347
2026-06-28 13:45:00,291.777,187.8854,103.8916
2026-06-28 13:50:00,242.149,200.1832,41.9658
2026-06-28 13:55:00,272.387,173.002,99.385
2026-06-28 14:00:00,192.702,115.6256,77.0764
2026-06-28 14:05:00,175.354,133.064,42.29
2026-06-28 14:10:00,212.779,147.8644,64.9146
2026-06-28 14:15:00,190.088,104.5972,85.4908
2026-06-28 14:20:00,94.458,69.4407,25.0173
2026-06-28 14:25:00,178.835,103.4078,75.4272
2026-06-28 14:30:00,181.645,111.2801,70.3649
2026-06-28 14:35:00,196.34,78.1942,118.1458
2026-06-28 14:40:00,152.521,76.5778,75.9432
2026-06-28 14:45:00,137.167,76.5778,60.5892
2026-06-28 14:50:00,131.666,90.3802,41.2858
2026-06-28 14:55:00,186.781,113.1864,73.5946
2026-06-28 15:00:00,211.691,148.9799,62.7111
2026-06-28 15:05:00,236.15,167.934,68.216
2026-06-28 15:10:00,225.88,175.4855,50.3945
2026-06-28 15:15:00,219.806,231.5973,0.0
2026-06-28 15:20:00,279.595,152.5894,127.0056
2026-06-28 15:25:00,136.835,60.4296,76.4054
2026-06-28 15:30:00,111.909,52.5264,59.3826
2026-06-28 15:35:00,74.683,13.8938,60.7892
2026-06-28 15:40:00,63.678,13.8938,49.7842
2026-06-28 15:45:00,60.536,13.8938,46.6422
2026-06-28 15:50:00,57.408,13.8938,43.5142
2026-06-28 15:55:00,78.038,46.5738,31.4642
2026-06-28 16:00:00,108.366,45.4408,62.9252
2026-06-28 16:05:00,91.051,47.5131,43.5379
2026-06-28 16:10:00,133.886,82.0426,51.8434
2026-06-28 16:15:00,167.923,105.2629,62.6601
2026-06-28 16:20:00,228.633,166.5425,62.0905
2026-06-28 16:25:00,246.547,134.5987,111.9483
2026-06-28 16:30:00,203.611,123.5501,80.0609
2026-06-28 16:35:00,160.283,133.5714,26.7116
2026-06-28 16:40:00,208.481,106.206,102.275
2026-06-28 16:45:00,181.35,91.0417,90.3083
2026-06-28 16:50:00,216.367,130.7394,85.6276
2026-06-28 16:55:00,191.496,137.7841,53.7119
2026-06-28 17:00:00,181.651,185.5648,0.0
2026-06-28 17:05:00,281.197,201.3199,79.8771
2026-06-28 17:10:00,236.637,141.827,94.81
2026-06-28 17:15:00,122.66,84.3547,38.3053
2026-06-28 17:20:00,153.87,102.9838,50.8862
2026-06-28 17:25:00,264.403,143.4074,120.9956
2026-06-28 17:30:00,213.889,95.173,118.716
2026-06-28 17:35:00,156.767,75.3148,81.4522
2026-06-28 17:40:00,142.757,75.3148,67.4422
2026-06-28 17:45:00,131.311,109.2292,22.0818
2026-06-28 17:50:00,173.23,124.0046,49.2254
2026-06-28 17:55:00,255.694,140.6446,115.0494
2026-06-28 18:00:00,266.201,220.2002,46.0008
2026-06-28 18:05:00,244.284,220.2002,24.0838
2026-06-28 18:10:00,241.101,180.6754,60.4256
2026-06-28 18:15:00,157.422,76.9731,80.4489
2026-06-28 18:20:00,51.492,30.7679,20.7241
2026-06-28 18:25:00,46.561,30.7679,15.7931
2026-06-28 18:30:00,48.263,30.7679,17.4951
2026-06-28 18:35:00,49.297,30.7679,18.5291
2026-06-28 18:40:00,45.985,87.4383,0.0
2026-06-28 18:45:00,202.789,127.1967,75.5923
2026-06-28 18:50:00,206.422,127.1967,79.2253
2026-06-28 18:55:00,173.519,195.6972,0.0
2026-06-28 19:00:00,245.225,237.1453,8.0797
2026-06-28 19:05:00,291.4,265.3869,26.0131
2026-06-28 19:10:00,244.0,186.9539,57.0461
2026-06-28 19:15:00,266.6,271.777,0.0
2026-06-28 19:20:00,281.7,197.6909,84.0091
2026-06-28 19:25:00,312.8,227.3167,85.4833
2026-06-28 19:30:00,286.5,227.3167,59.1833
2026-06-28 19:35:00,267.9,227.3167,40.5833
2026-06-28 19:40:00,247.2,242.3982,4.8018
2026-06-28 19:45:00,322.8,238.9991,83.8009
2026-06-28 19:50:00,214.8,166.1991,48.6009
2026-06-28 19:55:00,146.4,94.2302,52.1698
2026-06-28 20:00:00,148.8,94.2302,54.5698
2026-06-28 20:05:00,145.2,94.2302,50.9698
2026-06-28 20:10:00,122.4,94.2302,28.1698
2026-06-28 20:15:00,108.0,94.2302,13.7698
2026-06-28 20:20:00,87.6,104.7024,0.0
2026-06-28 20:25:00,160.2,188.7448,0.0
2026-06-28 20:30:00,137.1,157.6651,0.0
2026-06-28 20:35:00,116.7,98.1767,18.5233
2026-06-28 20:40:00,117.6,234.6015,0.0
2026-06-28 20:45:00,227.1,138.4876,88.6124
2026-06-28 20:50:00,45.9,30.191,15.709
2026-06-28 20:55:00,77.7,69.7346,7.9654
2026-06-28 21:00:00,78.3,51.1039,27.1961
2026-06-28 21:05:00,74.1,47.6429,26.4571
2026-06-28 21:10:00,56.4,47.6429,8.7571
2026-06-28 21:15:00,56.7,47.6429,9.0571
2026-06-28 21:20:00,60.9,47.6429,13.2571
2026-06-28 21:25:00,56.7,47.6429,9.0571
2026-06-28 21:30:00,41.7,47.6429,0.0
2026-06-28 21:35:00,35.4,55.7784,0.0
2026-06-28 21:40:00,70.5,47.4291,23.0709
2026-06-28 21:45:00,71.4,34.3786,37.0214
2026-06-28 21:50:00,52.8,147.2119,0.0
2026-06-28 21:55:00,195.3,96.0849,99.2151
2026-06-28 22:00:00,90.3,60.5782,29.7218
2026-06-28 22:05:00,114.9,79.3969,35.5031
2026-06-28 22:10:00,116.4,79.3969,37.0031
2026-06-28 22:15:00,103.2,79.3969,23.8031
2026-06-28 22:20:00,92.4,79.3969,13.0031
2026-06-28 22:25:00,89.7,70.3001,19.3999
2026-06-28 22:30:00,47.7,79.2073,0.0
2026-06-28 22:35:00,87.0,83.1586,3.8414
2026-06-28 22:40:00,75.9,148.0179,0.0
2026-06-28 22:45:00,379.2,314.25,64.95
2026-06-28 22:50:00,371.4,312.8918,58.5082
2026-06-28 22:55:00,323.4,285.7271,37.6729
2026-06-28 23:00:00,170.4,32.0939,138.3061
2026-06-28 23:05:00,41.4,31.1698,10.2302
2026-06-28 23:10:00,40.8,31.1698,9.6302
2026-06-28 23:15:00,42.0,31.1698,10.8302
2026-06-28 23:20:00,44.7,31.1698,13.5302
2026-06-28 23:25:00,41.4,31.1698,10.2302
2026-06-28 23:30:00,41.7,6.9613,34.7387
2026-06-28 23:35:00,7.8,0.0,7.8
2026-06-28 23:40:00,7.8,0.0,7.8
2026-06-28 23:45:00,7.2,0.0,7.2
2026-06-28 23:50:00,8.1,0.0,8.1
2026-06-28 23:55:00,7.5,0.0,7.5
2026-06-29 00:00:00,7.8,108.4176,0.0
2026-06-29 00:05:00,312.2,198.5397,113.6603
2026-06-29 00:10:00,299.7,213.9768,85.7232
2026-06-29 00:15:00,351.3,316.0357,35.2643
2026-06-29 00:20:00,450.6,365.0337,85.5663
2026-06-29 00:25:00,388.6,329.2823,59.3177
2026-06-29 00:30:00,404.3,362.0918,42.2082
2026-06-29 00:35:00,371.7,331.1691,40.5309
2026-06-29 00:40:00,320.5,300.8309,19.6691
2026-06-29 00:45:00,233.2,304.4627,0.0
2026-06-29 00:50:00,273.8,226.0149,47.7851
2026-06-29 00:55:00,272.7,192.0241,80.6759
2026-06-29 01:00:00,272.2,192.0241,80.1759
2026-06-29 01:05:00,260.4,191.2912,69.1088
2026-06-29 01:10:00,218.4,170.0351,48.3649
2026-06-29 01:15:00,116.0,172.8024,0.0
2026-06-29 01:20:00,287.3,244.9184,42.3816
2026-06-29 01:25:00,284.3,202.8783,81.4217
2026-06-29 01:30:00,218.3,202.8783,15.4217
2026-06-29 01:35:00,149.2,169.8332,0.0
2026-06-29 01:40:00,149.8,193.0753,0.0
2026-06-29 01:45:00,103.2,88.1333,15.0667
2026-06-29 01:50:00,58.0,68.942,0.0
2026-06-29 01:55:00,59.4,66.7455,0.0
2026-06-29 02:00:00,57.1,53.2527,3.8473
2026-06-29 02:05:00,22.0,34.4979,0.0
2026-06-29 02:10:00,56.7,60.4065,0.0
2026-06-29 02:15:00,152.7,84.577,68.123
2026-06-29 02:20:00,203.1,135.6425,67.4575
2026-06-29 02:25:00,162.6,136.6287,25.9713
2026-06-29 02:30:00,175.9,135.9522,39.9478
2026-06-29 02:35:00,93.4,92.19,1.21
2026-06-29 02:40:00,75.9,118.1751,0.0
2026-06-29 02:45:00,179.7,155.6657,24.0343
2026-06-29 02:50:00,234.6,155.6657,78.9343
2026-06-29 02:55:00,175.2,153.2118,21.9882
2026-06-29 03:00:00,122.3,155.4747,0.0
2026-06-29 03:05:00,158.4,157.1033,1.2967
2026-06-29 03:10:00,125.3,157.1033,0.0
2026-06-29 03:15:00,102.6,128.1307,0.0
2026-06-29 03:20:00,164.9,98.8083,66.0917
2026-06-29 03:25:00,159.7,135.604,24.096
2026-06-29 03:30:00,251.7,145.3851,106.3149
2026-06-29 03:35:00,190.6,162.9066,27.6934
2026-06-29 03:40:00,165.2,127.0817,38.1183
2026-06-29 03:45:00,127.9,98.3815,29.5185
2026-06-29 03:50:00,104.8,98.3815,6.4185
2026-06-29 03:55:00,66.5,62.5174,3.9826
2026-06-29 04:00:00,45.9,51.8048,0.0
2026-06-29 04:05:00,36.5,51.8048,0.0
2026-06-29 04:10:00,36.7,51.8048,0.0
2026-06-29 04:15:00,31.3,43.6406,0.0
2026-06-29 04:20:00,23.0,32.9644,0.0
2026-06-29 04:25:00,21.0,32.9644,0.0
2026-06-29 04:30:00,16.4,5.8237,10.5763
2026-06-29 04:35:00,9.2,0.0,9.2
2026-06-29 04:40:00,8.6,0.0,8.6
2026-06-29 04:45:00,7.5,0.0,7.5
2026-06-29 04:50:00,6.8,0.0,6.8
2026-06-29 04:55:00,7.0,12.9543,0.0
2026-06-29 05:00:00,27.4,17.6649,9.7351
2026-06-29 05:05:00,32.0,17.6649,14.3351
2026-06-29 05:10:00,27.5,78.2533,0.0
2026-06-29 05:15:00,136.3,110.3886,25.9114
2026-06-29 05:20:00,31.9,17.6649,14.2351
2026-06-29 05:25:00,26.5,17.6649,8.8351
2026-06-29 05:30:00,25.5,17.6649,7.8351
2026-06-29 05:35:00,25.441,9.5391,15.9019
2026-06-29 05:40:00,8.242,0.0,8.242
2026-06-29 05:45:00,7.566,0.0,7.566
2026-06-29 05:50:00,14.226,0.0,14.226
2026-06-29 05:55:00,9.985,0.0,9.985
2026-06-29 06:00:00,8.467,12.8299,0.0
2026-06-29 06:05:00,80.864,52.2639,28.6001
2026-06-29 06:10:00,78.355,52.2639,26.0911
2026-06-29 06:15:00,76.869,74.1,2.769
2026-06-29 06:20:00,126.129,129.8376,0.0
2026-06-29 06:25:00,283.036,211.5734,71.4626
2026-06-29 06:30:00,340.098,245.703,94.395
2026-06-29 06:35:00,332.593,246.5881,86.0049
2026-06-29 06:40:00,252.111,217.4122,34.6988
2026-06-29 06:45:00,220.296,191.9237,28.3723
2026-06-29 06:50:00,206.57,238.726,0.0
2026-06-29 06:55:00,298.501,327.5223,0.0
2026-06-29 07:00:00,318.303,311.7568,6.5462
2026-06-29 07:05:00,251.688,205.2766,46.4114
2026-06-29 07:10:00,195.212,147.8142,47.3978
2026-06-29 07:15:00,177.003,167.464,9.539
2026-06-29 07:20:00,247.184,200.6785,46.5055
2026-06-29 07:25:00,185.501,166.7449,18.7561
2026-06-29 07:30:00,184.07,150.6451,33.4249
2026-06-29 07:35:00,149.689,177.4151,0.0
2026-06-29 07:40:00,257.148,276.6969,0.0
2026-06-29 07:45:00,384.172,279.5577,104.6143
2026-06-29 07:50:00,303.757,330.572,0.0
2026-06-29 07:55:00,396.771,253.61,143.161
2026-06-29 08:00:00,338.601,187.6741,150.9269
2026-06-29 08:05:00,286.154,157.7899,128.3641
2026-06-29 08:10:00,240.03,156.327,83.703
2026-06-29 08:15:00,189.507,136.8601,52.6469
2026-06-29 08:20:00,184.504,147.4369,37.0671
2026-06-29 08:25:00,214.522,128.4891,86.0329
2026-06-29 08:30:00,207.291,128.4891,78.8019
2026-06-29 08:35:00,202.698,118.0857,84.6123
2026-06-29 08:40:00,132.747,114.2523,18.4947
2026-06-29 08:45:00,164.828,112.7261,52.1019
2026-06-29 08:50:00,171.952,90.3739,81.5781
2026-06-29 08:55:00,44.903,56.3466,0.0
2026-06-29 09:00:00,227.554,121.3641,106.1899
2026-06-29 09:05:00,229.196,115.8181,113.3779
2026-06-29 09:10:00,149.17,114.8238,34.3462
2026-06-29 09:15:00,235.415,144.0724,91.3426
2026-06-29 09:20:00,217.926,150.7897,67.1363
2026-06-29 09:25:00,281.604,175.8329,105.7711
2026-06-29 09:30:00,277.65,215.0349,62.6151
2026-06-29 09:35:00,218.628,198.4393,20.1887
2026-06-29 09:40:00,202.715,183.9354,18.7796
2026-06-29 09:45:00,229.64,184.0655,45.5745
2026-06-29 09:50:00,199.996,172.3043,27.6917
2026-06-29 09:55:00,183.454,94.4534,89.0006
2026-06-29 10:00:00,137.57,168.8232,0.0
2026-06-29 10:05:00,302.691,187.6199,115.0711
2026-06-29 10:10:00,242.88,225.5774,17.3026
2026-06-29 10:15:00,351.14,240.5527,110.5873
2026-06-29 10:20:00,357.587,231.2419,126.3451
2026-06-29 10:25:00,282.099,188.9195,93.1795
2026-06-29 10:30:00,311.233,152.1742,159.0588
2026-06-29 10:35:00,251.048,125.6654,125.3826
2026-06-29 10:40:00,165.501,171.1369,0.0
2026-06-29 10:45:00,391.721,267.2475,124.4735
2026-06-29 10:50:00,346.097,233.8684,112.2286
2026-06-29 10:55:00,293.295,211.7661,81.5289
2026-06-29 11:00:00,267.68,177.2747,90.4053
2026-06-29 11:05:00,233.701,146.4078,87.2932
2026-06-29 11:10:00,268.872,146.7505,122.1215
2026-06-29 11:15:00,296.783,174.3191,122.4639
2026-06-29 11:20:00,371.849,150.1961,221.6529
2026-06-29 11:25:00,242.871,143.22,99.651
2026-06-29 11:30:00,266.858,169.8711,96.9869
2026-06-29 11:35:00,270.375,157.9821,112.3929
2026-06-29 11:40:00,191.549,100.2475,91.3015
2026-06-29 11:45:00,186.087,88.9056,97.1814
2026-06-29 11:50:00,94.374,113.8609,0.0
2026-06-29 11:55:00,264.442,211.4497,52.9923
2026-06-29 12:00:00,327.778,324.0021,3.7759
2026-06-29 12:05:00,345.134,376.7292,0.0
2026-06-29 12:10:00,598.065,395.4938,202.5712
2026-06-29 12:15:00,510.164,385.0703,125.0937
2026-06-29 12:20:00,426.545,374.1103,52.4347
2026-06-29 12:25:00,334.957,316.2263,18.7307
2026-06-29 12:30:00,347.876,242.5193,105.3567
2026-06-29 12:35:00,443.973,339.7535,104.2195
2026-06-29 12:40:00,517.888,376.3094,141.5786
2026-06-29 12:45:00,513.342,352.4031,160.9389
2026-06-29 12:50:00,456.178,348.4636,107.7144
2026-06-29 12:55:00,383.171,332.1914,50.9796
2026-06-29 13:00:00,372.107,321.7018,50.4052
2026-06-29 13:05:00,380.349,239.4879,140.8611
2026-06-29 13:10:00,398.678,262.9268,135.7512
2026-06-29 13:15:00,334.377,300.8599,33.5171
2026-06-29 13:20:00,353.047,270.9061,82.1409
2026-06-29 13:25:00,293.637,239.3745,54.2625
2026-06-29 13:30:00,265.076,177.8136,87.2624
2026-06-29 13:35:00,220.452,123.1973,97.2547
2026-06-29 13:40:00,148.806,122.5349,26.2711
2026-06-29 13:45:00,239.822,151.0409,88.7811
2026-06-29 13:50:00,224.527,151.0409,73.4861
2026-06-29 13:55:00,235.765,127.0901,108.6749
2026-06-29 14:00:00,180.004,99.1661,80.8379
2026-06-29 14:05:00,155.489,101.6117,53.8773
2026-06-29 14:10:00,196.511,106.8287,89.6823
2026-06-29 14:15:00,144.698,127.7801,16.9179
2026-06-29 14:20:00,254.619,175.181,79.438
2026-06-29 14:25:00,286.331,167.122,119.209
2026-06-29 14:30:00,263.079,150.5628,112.5162
2026-06-29 14:35:00,257.608,204.694,52.914
2026-06-29 14:40:00,322.426,153.1516,169.2744
2026-06-29 14:45:00,195.816,141.504,54.312
2026-06-29 14:50:00,209.58,147.3351,62.2449
2026-06-29 14:55:00,253.311,156.0482,97.2628
2026-06-29 15:00:00,234.061,156.0482,78.0128
2026-06-29 15:05:00,235.822,123.6016,112.2204
2026-06-29 15:10:00,192.36,121.7736,70.5864
2026-06-29 15:15:00,154.316,103.8735,50.4425
2026-06-29 15:20:00,109.726,35.5863,74.1397
2026-06-29 15:25:00,71.317,20.5822,50.7348
2026-06-29 15:30:00,67.505,1.7838,65.7212
2026-06-29 15:35:00,65.452,0.0,65.452
2026-06-29 15:40:00,70.721,2.6445,68.0765
2026-06-29 15:45:00,85.409,141.0112,0.0
2026-06-29 15:50:00,230.98,194.202,36.778
2026-06-29 15:55:00,283.901,176.3095,107.5915
2026-06-29 16:00:00,303.047,258.7446,44.3024
2026-06-29 16:05:00,360.664,271.5661,89.0979
2026-06-29 16:10:00,321.594,241.9971,79.5969
2026-06-29 16:15:00,290.478,234.6327,55.8453
2026-06-29 16:20:00,244.152,145.6278,98.5242
2026-06-29 16:25:00,197.654,111.8782,85.7758
2026-06-29 16:30:00,144.256,80.2893,63.9667
2026-06-29 16:35:00,114.086,21.2569,92.8291
2026-06-29 16:40:00,75.279,0.0,75.279
2026-06-29 16:45:00,64.12,0.0,64.12
2026-06-29 16:50:00,69.039,0.0,69.039
2026-06-29 16:55:00,73.596,2.8045,70.7915
2026-06-29 17:00:00,159.313,35.2482,124.0648
2026-06-29 17:05:00,143.927,63.91,80.017
2026-06-29 17:10:00,185.252,63.91,121.342
2026-06-29 17:15:00,162.23,63.91,98.32
2026-06-29 17:20:00,155.815,74.4147,81.4003
2026-06-29 17:25:00,229.565,97.7962,131.7688
2026-06-29 17:30:00,162.134,97.7962,64.3378
2026-06-29 17:35:00,147.607,97.7962,49.8108
2026-06-29 17:40:00,143.772,67.0918,76.6802
2026-06-29 17:45:00,113.566,33.8863,79.6797
2026-06-29 17:50:00,80.714,33.8863,46.8277
2026-06-29 17:55:00,64.337,62.8447,1.4923
2026-06-29 18:00:00,72.508,38.3392,34.1688
2026-06-29 18:05:00,58.584,34.6117,23.9723
2026-06-29 18:10:00,55.524,22.3822,33.1418
2026-06-29 18:15:00,14.551,0.0,14.551
2026-06-29 18:20:00,14.728,0.0,14.728
2026-06-29 18:25:00,11.968,0.0,11.968
2026-06-29 18:30:00,16.575,0.0,16.575
2026-06-29 18:35:00,17.953,0.0,17.953
2026-06-29 18:40:00,17.567,19.5196,0.0
2026-06-29 18:45:00,76.6,106.8443,0.0
2026-06-29 18:50:00,143.221,124.524,18.697
2026-06-29 18:55:00,178.072,189.224,0.0
2026-06-29 19:00:00,208.868,152.4902,56.3778
2026-06-29 19:05:00,142.8,156.0951,0.0
2026-06-29 19:10:00,201.3,130.6642,70.6358
2026-06-29 19:15:00,180.9,122.2182,58.6818
2026-06-29 19:20:00,167.1,122.2182,44.8818
2026-06-29 19:25:00,148.5,122.2182,26.2818
2026-06-29 19:30:00,136.2,122.2182,13.9818
2026-06-29 19:35:00,107.7,93.0506,14.6494
2026-06-29 19:40:00,69.3,48.111,21.189
2026-06-29 19:45:00,13.2,0.0,13.2
2026-06-29 19:50:00,14.4,0.0,14.4
2026-06-29 19:55:00,13.5,31.3042,0.0
2026-06-29 20:00:00,56.4,37.1196,19.2804
2026-06-29 20:05:00,48.9,33.3937,15.5063
2026-06-29 20:10:00,60.9,94.7522,0.0
2026-06-29 20:15:00,133.5,110.134,23.366
2026-06-29 20:20:00,132.6,110.134,22.466
2026-06-29 20:25:00,129.3,15.0664,114.2336
2026-06-29 20:30:00,16.5,31.779,0.0
2026-06-29 20:35:00,54.9,34.171,20.729
2026-06-29 20:40:00,52.5,34.171,18.329
2026-06-29 20:45:00,52.2,34.171,18.029
2026-06-29 20:50:00,48.0,34.171,13.829
2026-06-29 20:55:00,43.2,219.9123,0.0
2026-06-29 21:00:00,275.4,215.4963,59.9037
2026-06-29 21:05:00,184.2,155.7466,28.4534
2026-06-29 21:10:00,112.8,54.2699,58.5301
2026-06-29 21:15:00,11.1,0.0,11.1
2026-06-29 21:20:00,12.0,0.0,12.0
2026-06-29 21:25:00,8.7,0.0,8.7
2026-06-29 21:30:00,7.8,0.0,7.8
2026-06-29 21:35:00,12.9,0.0,12.9
2026-06-29 21:40:00,8.4,0.0,8.4
2026-06-29 21:45:00,8.7,52.8027,0.0
2026-06-29 21:50:00,101.7,56.9813,44.7187
2026-06-29 21:55:00,102.3,56.9813,45.3187
2026-06-29 22:00:00,67.2,56.9813,10.2187
2026-06-29 22:05:00,45.9,56.9813,0.0
2026-06-29 22:10:00,29.4,48.6241,0.0
2026-06-29 22:15:00,8.7,0.0,8.7
2026-06-29 22:20:00,8.4,0.0,8.4
2026-06-29 22:25:00,6.3,0.0,6.3
2026-06-29 22:30:00,7.5,0.0,7.5
2026-06-29 22:35:00,11.7,0.0,11.7
2026-06-29 22:40:00,7.2,0.0,7.2
2026-06-29 22:45:00,7.5,0.0,7.5
2026-06-29 22:50:00,7.2,0.0,7.2
2026-06-29 22:55:00,7.5,0.0,7.5
2026-06-29 23:00:00,6.9,0.0,6.9
2026-06-29 23:05:00,7.2,0.0,7.2
2026-06-29 23:10:00,7.2,0.0,7.2
2026-06-29 23:15:00,6.6,0.0,6.6
2026-06-29 23:20:00,5.1,2.6351,2.4649
2026-06-29 23:25:00,51.0,32.9386,18.0614
2026-06-29 23:30:00,51.3,32.9386,18.3614
2026-06-29 23:35:00,51.9,32.9386,18.9614
2026-06-29 23:40:00,51.9,32.9386,18.9614
2026-06-29 23:45:00,42.0,32.9386,9.0614
2026-06-29 23:50:00,40.8,32.9386,7.8614
2026-06-29 23:55:00,41.1,32.9386,8.1614
2026-06-30 00:00:00,35.3,170.021,0.0
2026-06-30 00:05:00,376.2,243.7475,132.4525
2026-06-30 00:10:00,360.3,261.3373,98.9627
2026-06-30 00:15:00,341.2,293.8766,47.3234
2026-06-30 00:20:00,391.9,308.6111,83.2889
2026-06-30 00:25:00,326.3,294.9319,31.3681
2026-06-30 00:30:00,316.5,295.6003,20.8997
2026-06-30 00:35:00,282.6,284.1209,0.0
2026-06-30 00:40:00,249.0,231.648,17.352
2026-06-30 00:45:00,183.1,163.3864,19.7136
2026-06-30 00:50:00,165.5,163.3864,2.1136
2026-06-30 00:55:00,156.0,163.3864,0.0
2026-06-30 01:00:00,116.9,140.1455,0.0
2026-06-30 01:05:00,89.7,81.1435,8.5565
2026-06-30 01:10:00,71.9,69.0158,2.8842
2026-06-30 01:15:00,70.8,69.0158,1.7842
2026-06-30 01:20:00,63.8,69.0158,0.0
2026-06-30 01:25:00,61.5,47.2288,14.2712
2026-06-30 01:30:00,46.2,57.612,0.0
2026-06-30 01:35:00,82.0,69.6432,12.3568
2026-06-30 01:40:00,57.9,47.4933,10.4067
2026-06-30 01:45:00,59.0,47.4933,11.5067
2026-06-30 01:50:00,58.4,59.1579,0.0
2026-06-30 01:55:00,108.0,75.7141,32.2859
2026-06-30 02:00:00,98.1,36.9279,61.1721
2026-06-30 02:05:00,41.3,55.1679,0.0
2026-06-30 02:10:00,71.4,64.8006,6.5994
2026-06-30 02:15:00,45.6,77.8711,0.0
2026-06-30 02:20:00,166.3,102.338,63.962
2026-06-30 02:25:00,162.4,128.2858,34.1142
2026-06-30 02:30:00,195.0,229.093,0.0
2026-06-30 02:35:00,333.1,241.9017,91.1983
2026-06-30 02:40:00,202.7,135.0793,67.6207
2026-06-30 02:45:00,152.4,109.1057,43.2943
2026-06-30 02:50:00,90.3,97.1014,0.0
2026-06-30 02:55:00,130.1,105.7223,24.3777
2026-06-30 03:00:00,123.7,105.7223,17.9777
2026-06-30 03:05:00,97.5,105.7223,0.0
2026-06-30 03:10:00,91.9,105.7223,0.0
2026-06-30 03:15:00,79.3,92.5676,0.0
2026-06-30 03:20:00,58.0,81.2104,0.0
2026-06-30 03:25:00,52.8,53.1535,0.0
2026-06-30 03:30:00,18.8,34.1877,0.0
2026-06-30 03:35:00,15.8,37.9882,0.0
2026-06-30 03:40:00,104.9,42.9582,61.9418
2026-06-30 03:45:00,72.0,42.9582,29.0418
2026-06-30 03:50:00,52.4,42.9582,9.4418
2026-06-30 03:55:00,45.4,42.9582,2.4418
2026-06-30 04:00:00,44.2,42.9582,1.2418
2026-06-30 04:05:00,16.3,27.1814,0.0
2026-06-30 04:10:00,73.5,42.6572,30.8428
2026-06-30 04:15:00,96.4,56.6961,39.7039
2026-06-30 04:20:00,74.2,56.6961,17.5039
2026-06-30 04:25:00,74.3,56.4287,17.8713
2026-06-30 04:30:00,41.0,29.4345,11.5655
2026-06-30 04:35:00,10.2,0.0,10.2
2026-06-30 04:40:00,7.3,0.0,7.3
2026-06-30 04:45:00,5.2,22.4862,0.0
2026-06-30 04:50:00,65.1,33.7293,31.3707
2026-06-30 04:55:00,49.7,87.9733,0.0
2026-06-30 05:00:00,138.5,110.1293,28.3707
2026-06-30 05:05:00,94.5,36.0213,58.4787
2026-06-30 05:10:00,12.9,23.1608,0.0
2026-06-30 05:15:00,6.7,0.0,6.7
2026-06-30 05:20:00,6.7,0.0,6.7
2026-06-30 05:25:00,5.2,0.0,5.2
2026-06-30 05:30:00,5.1,10.3798,0.0
2026-06-30 05:35:00,46.413,34.5994,11.8136
2026-06-30 05:40:00,45.489,34.5994,10.8896
2026-06-30 05:45:00,48.418,34.5994,13.8186
2026-06-30 05:50:00,53.473,34.5994,18.8736
2026-06-30 05:55:00,50.139,34.5994,15.5396
2026-06-30 06:00:00,17.954,4.2673,13.6867
2026-06-30 06:05:00,7.621,0.0,7.621
2026-06-30 06:10:00,5.463,65.2838,0.0
2026-06-30 06:15:00,140.438,100.1356,40.3024
2026-06-30 06:20:00,175.042,158.4592,16.5828
2026-06-30 06:25:00,289.127,182.6266,106.5004
2026-06-30 06:30:00,278.294,232.083,46.211
2026-06-30 06:35:00,312.409,257.9038,54.5052
2026-06-30 06:40:00,299.006,269.9896,29.0164
2026-06-30 06:45:00,315.386,290.2879,25.0981
2026-06-30 06:50:00,307.661,268.9214,38.7396
2026-06-30 06:55:00,320.199,286.3323,33.8667
2026-06-30 07:00:00,320.542,202.8747,117.6673
2026-06-30 07:05:00,319.963,253.817,66.146
2026-06-30 07:10:00,377.627,265.2682,112.3588
2026-06-30 07:15:00,329.09,246.9545,82.1355
2026-06-30 07:20:00,303.592,241.62,61.972
2026-06-30 07:25:00,288.286,247.6604,40.6256
2026-06-30 07:30:00,185.182,210.7258,0.0
2026-06-30 07:35:00,136.489,268.177,0.0
2026-06-30 07:40:00,310.821,247.8481,62.9729
2026-06-30 07:45:00,256.658,279.0314,0.0
2026-06-30 07:50:00,303.789,263.1564,40.6326
2026-06-30 07:55:00,308.972,281.1142,27.8578
2026-06-30 08:00:00,345.568,282.2265,63.3415
2026-06-30 08:05:00,255.893,212.3008,43.5922
2026-06-30 08:10:00,174.165,132.4399,41.7251
2026-06-30 08:15:00,171.85,145.436,26.414
2026-06-30 08:20:00,218.011,169.6837,48.3273
2026-06-30 08:25:00,178.991,205.3836,0.0
2026-06-30 08:30:00,314.22,225.3332,88.8868
2026-06-30 08:35:00,306.097,181.8951,124.2019
2026-06-30 08:40:00,274.498,151.1296,123.3684
2026-06-30 08:45:00,252.834,150.7145,102.1195
2026-06-30 08:50:00,217.719,169.0728,48.6462
2026-06-30 08:55:00,219.044,169.0728,49.9712
2026-06-30 09:00:00,207.461,148.8739,58.5871
2026-06-30 09:05:00,168.629,123.9982,44.6308
2026-06-30 09:10:00,159.414,73.4931,85.9209
2026-06-30 09:15:00,106.217,90.3494,15.8676
2026-06-30 09:20:00,274.806,212.8069,61.9991
2026-06-30 09:25:00,345.24,222.2106,123.0294
2026-06-30 09:30:00,330.097,225.4204,104.6766
2026-06-30 09:35:00,314.005,257.5063,56.4987
2026-06-30 09:40:00,348.274,275.2635,73.0105
2026-06-30 09:45:00,290.917,205.1838,85.7332
2026-06-30 09:50:00,244.074,210.9155,33.1585
2026-06-30 09:55:00,190.457,132.2274,58.2296
2026-06-30 10:00:00,232.533,161.8551,70.6779
2026-06-30 10:05:00,313.644,206.14,107.504
2026-06-30 10:10:00,356.821,190.9071,165.9139
2026-06-30 10:15:00,269.095,184.4395,84.6555
2026-06-30 10:20:00,274.06,161.6964,112.3636
2026-06-30 10:25:00,170.415,126.9875,43.4275
2026-06-30 10:30:00,205.495,96.0075,109.4875
2026-06-30 10:35:00,143.23,96.0075,47.2225
2026-06-30 10:40:00,217.652,96.0075,121.6445
2026-06-30 10:45:00,187.371,99.2533,88.1177
2026-06-30 10:50:00,242.088,130.7838,111.3042
2026-06-30 10:55:00,236.369,130.7838,105.5852
2026-06-30 11:00:00,195.129,130.7838,64.3452
2026-06-30 11:05:00,238.695,127.2233,111.4717
2026-06-30 11:10:00,182.847,142.5408,40.3062
2026-06-30 11:15:00,281.682,143.4817,138.2003
2026-06-30 11:20:00,277.737,179.4251,98.3119
2026-06-30 11:25:00,354.553,247.459,107.094
2026-06-30 11:30:00,400.847,244.6449,156.2021
2026-06-30 11:35:00,392.092,263.2824,128.8096
2026-06-30 11:40:00,381.091,349.7343,31.3567
2026-06-30 11:45:00,510.84,311.6072,199.2328
2026-06-30 11:50:00,422.667,289.3831,133.2839
2026-06-30 11:55:00,301.827,323.2459,0.0
2026-06-30 12:00:00,334.921,284.5163,50.4047
2026-06-30 12:05:00,331.807,267.3986,64.4084
2026-06-30 12:10:00,322.749,288.7015,34.0475
2026-06-30 12:15:00,270.015,207.5026,62.5124
2026-06-30 12:20:00,277.935,228.7967,49.1383
2026-06-30 12:25:00,381.027,263.7174,117.3096
2026-06-30 12:30:00,325.376,237.1042,88.2718
2026-06-30 12:35:00,308.656,276.5109,32.1451
2026-06-30 12:40:00,352.573,277.9303,74.6427
2026-06-30 12:45:00,367.847,250.0974,117.7496
2026-06-30 12:50:00,339.241,259.1118,80.1292
2026-06-30 12:55:00,313.14,251.1719,61.9681
2026-06-30 13:00:00,365.22,269.3989,95.8211
2026-06-30 13:05:00,364.517,234.5009,130.0161
2026-06-30 13:10:00,275.686,224.1526,51.5334
2026-06-30 13:15:00,350.848,255.6328,95.2152
2026-06-30 13:20:00,509.612,262.4555,247.1565
2026-06-30 13:25:00,304.445,197.5798,106.8652
2026-06-30 13:30:00,286.372,227.07,59.302
2026-06-30 13:35:00,219.62,203.5375,16.0825
2026-06-30 13:40:00,294.014,232.7578,61.2562
2026-06-30 13:45:00,293.105,188.3291,104.7759
2026-06-30 13:50:00,223.146,180.0868,43.0592
2026-06-30 13:55:00,231.874,179.5077,52.3663
2026-06-30 14:00:00,210.838,159.8012,51.0368
2026-06-30 14:05:00,246.704,145.427,101.277
2026-06-30 14:10:00,243.921,213.8426,30.0784
2026-06-30 14:15:00,260.435,181.8004,78.6346
2026-06-30 14:20:00,204.918,54.607,150.311
2026-06-30 14:25:00,112.039,30.0044,82.0346
2026-06-30 14:30:00,93.953,40.2321,53.7209
2026-06-30 14:35:00,126.165,71.2638,54.9012
2026-06-30 14:40:00,146.545,71.2638,75.2812
2026-06-30 14:45:00,140.728,104.8777,35.8503
2026-06-30 14:50:00,213.044,149.387,63.657
2026-06-30 14:55:00,200.346,104.8123,95.5337
2026-06-30 15:00:00,236.544,121.6153,114.9287
2026-06-30 15:05:00,251.203,162.2172,88.9858
2026-06-30 15:10:00,249.957,185.6795,64.2775
2026-06-30 15:15:00,279.699,185.6795,94.0195
2026-06-30 15:20:00,261.209,170.8443,90.3647
2026-06-30 15:25:00,197.38,151.1956,46.1844
2026-06-30 15:30:00,176.659,125.1918,51.4672
2026-06-30 15:35:00,163.719,128.7733,34.9457
2026-06-30 15:40:00,175.083,134.9107,40.1723
2026-06-30 15:45:00,183.399,146.6934,36.7056
2026-06-30 15:50:00,224.467,148.369,76.098
2026-06-30 15:55:00,152.242,82.9206,69.3214
2026-06-30 16:00:00,151.086,82.9206,68.1654
2026-06-30 16:05:00,122.775,71.9141,50.8609
2026-06-30 16:10:00,106.101,47.4159,58.6851
2026-06-30 16:15:00,112.535,85.5292,27.0058
2026-06-30 16:20:00,169.617,64.8339,104.7831
2026-06-30 16:25:00,115.504,48.8376,66.6664
2026-06-30 16:30:00,76.356,46.8605,29.4955
2026-06-30 16:35:00,97.497,16.4012,81.0958
2026-06-30 16:40:00,56.385,0.0,56.385
2026-06-30 16:45:00,54.425,0.0,54.425
2026-06-30 16:50:00,54.637,27.442,27.195
2026-06-30 16:55:00,107.203,54.7472,52.4558
2026-06-30 17:00:00,135.457,72.521,62.936
2026-06-30 17:05:00,124.033,53.5964,70.4366
2026-06-30 17:10:00,85.729,34.1602,51.5688
2026-06-30 17:15:00,102.178,26.4172,75.7608
2026-06-30 17:20:00,63.742,0.0,63.742
2026-06-30 17:25:00,65.872,15.1714,50.7006
2026-06-30 17:30:00,104.897,52.4158,52.4812
2026-06-30 17:35:00,136.694,114.4132,22.2808
2026-06-30 17:40:00,284.706,115.2128,169.4932
2026-06-30 17:45:00,249.859,145.5216,104.3374
2026-06-30 17:50:00,265.849,155.2426,110.6064
2026-06-30 17:55:00,228.067,136.6479,91.4191
2026-06-30 18:00:00,185.617,99.7502,85.8668
2026-06-30 18:05:00,77.938,59.5308,18.4072
2026-06-30 18:10:00,77.588,151.4549,0.0
2026-06-30 18:15:00,187.091,136.0746,51.0164
2026-06-30 18:20:00,73.442,92.2677,0.0
2026-06-30 18:25:00,127.921,116.7105,11.2105
2026-06-30 18:30:00,152.415,128.554,23.861
2026-06-30 18:35:00,149.675,113.2859,36.3891
2026-06-30 18:40:00,106.954,87.289,19.665
2026-06-30 18:45:00,104.723,87.289,17.434
2026-06-30 18:50:00,112.466,135.3076,0.0
2026-06-30 18:55:00,208.14,206.9913,1.1487
2026-06-30 19:00:00,279.343,222.5703,56.7727
2026-06-30 19:05:00,256.371,157.9227,98.4483
2026-06-30 19:10:00,158.7,192.4343,0.0
2026-06-30 19:15:00,298.7,233.9362,64.7638
2026-06-30 19:20:00,292.2,221.5375,70.6625
2026-06-30 19:25:00,228.6,188.6528,39.9472
2026-06-30 19:30:00,191.6,160.8541,30.7459
2026-06-30 19:35:00,167.4,152.6773,14.7227
2026-06-30 19:40:00,127.3,152.9467,0.0
2026-06-30 19:45:00,163.8,104.2304,59.5696
2026-06-30 19:50:00,99.7,82.006,17.694
2026-06-30 19:55:00,81.1,82.006,0.0
2026-06-30 20:00:00,64.0,25.3418,38.6582
2026-06-30 20:05:00,23.1,35.9665,0.0
2026-06-30 20:10:00,48.4,38.1263,10.2737
2026-06-30 20:15:00,47.1,31.1292,15.9708
2026-06-30 20:20:00,45.1,31.1292,13.9708
2026-06-30 20:25:00,43.5,31.1292,12.3708
2026-06-30 20:30:00,45.2,31.1292,14.0708
2026-06-30 20:35:00,42.8,10.7914,32.0086
2026-06-30 20:40:00,9.1,0.0,9.1
2026-06-30 20:45:00,8.8,0.0,8.8
2026-06-30 20:50:00,12.7,0.0,12.7
2026-06-30 20:55:00,10.6,0.0,10.6
2026-06-30 21:00:00,8.3,0.0,8.3
2026-06-30 21:05:00,8.1,0.0,8.1
2026-06-30 21:10:00,8.0,0.0,8.0
2026-06-30 21:15:00,10.5,0.0,10.5
2026-06-30 21:20:00,11.9,8.061,3.839
2026-06-30 21:25:00,77.5,65.3591,12.1409
2026-06-30 21:30:00,77.8,65.3591,12.4409
2026-06-30 21:35:00,77.3,72.0081,5.2919
2026-06-30 21:40:00,135.8,81.3343,54.4657
2026-06-30 21:45:00,71.1,55.4085,15.6915
2026-06-30 21:50:00,67.0,55.4085,11.5915
2026-06-30 21:55:00,68.0,55.4085,12.5915
2026-06-30 22:00:00,68.9,55.4085,13.4915
2026-06-30 22:05:00,68.6,55.4085,13.1915
2026-06-30 22:10:00,68.5,55.4085,13.0915
2026-06-30 22:15:00,65.6,58.3047,7.2953
2026-06-30 22:20:00,97.4,86.4395,10.9605
2026-06-30 22:25:00,97.0,86.4395,10.5605
2026-06-30 22:30:00,92.4,67.1269,25.2731
2026-06-30 22:35:00,53.4,55.3991,0.0
2026-06-30 22:40:00,86.0,50.2949,35.7051
2026-06-30 22:45:00,44.1,7.8989,36.2011
2026-06-30 22:50:00,9.0,0.0,9.0
2026-06-30 22:55:00,9.6,0.0,9.6
2026-06-30 23:00:00,9.9,0.0,9.9
2026-06-30 23:05:00,9.6,0.0,9.6
2026-06-30 23:10:00,9.0,0.0,9.0
2026-06-30 23:15:00,9.6,0.0,9.6
2026-06-30 23:20:00,9.3,9.2165,0.0835
2026-06-30 23:25:00,73.8,44.5959,29.2041
2026-06-30 23:30:00,73.5,44.5959,28.9041
2026-06-30 23:35:00,71.7,44.5959,27.1041
2026-06-30 23:40:00,72.3,44.5959,27.7041
2026-06-30 23:45:00,72.6,44.5959,28.0041
2026-06-30 23:50:00,72.3,62.4635,9.8365
2026-06-30 23:55:00,97.2,94.9281,2.2719
